[01Aug2026 04:30:14.326] [main/INFO] [cpw.mods.modlauncher.Launcher/MODLAUNCHER]: ModLauncher running: args [--launchTarget, forgeserver, --fml.forgeVersion, 47.4.22, --fml.mcVersion, 1.20.1, --fml.forgeGroup, net.minecraftforge, --fml.mcpVersion, 20230612.114412, nogui]
[01Aug2026 04:30:14.332] [main/INFO] [cpw.mods.modlauncher.Launcher/MODLAUNCHER]: ModLauncher 10.0.9+10.0.9+main.dcd20f30 starting: java version 17.0.19 by Ubuntu; OS Linux arch amd64 version 6.8.0-1052-azure
[01Aug2026 04:30:31.564] [main/INFO] [net.minecraftforge.fml.loading.ImmediateWindowHandler/]: ImmediateWindowProvider not loading because launch target is forgeserver
[01Aug2026 04:30:31.586] [main/INFO] [Preloading Tricks/]: Injected 6 jars into BOOT layer
[01Aug2026 04:30:32.391] [main/INFO] [Preloading Tricks/]: Preloading Tricks Installed
[01Aug2026 04:30:32.391] [main/INFO] [Preloading Tricks/]: Inject ClassTransformLaunchPlugin
[01Aug2026 04:30:32.818] [main/INFO] [mixin-transmog/]: Mixin Transmogrifier is definitely up to no good...
[01Aug2026 04:30:32.942] [main/INFO] [mixin-transmog/]: crimes against java were committed
[01Aug2026 04:30:32.993] [main/INFO] [mixin-transmog/]: Original mixin transformation service successfully crobbed by mixin-transmogrifier!
[01Aug2026 04:30:33.141] [main/INFO] [mixin/]: SpongePowered MIXIN Subsystem Version=0.8.5 Source=union:/workspaces/serv/servidor_minecraft/mods/Connector-1.0.0-beta.49+1.20.1.jar%23387%23399!/ Service=ModLauncher Env=SERVER
[01Aug2026 04:30:33.325] [main/INFO] [Preloading Tricks/]: Loading 0 additional mods
[01Aug2026 04:30:34.365] [main/WARN] [net.minecraftforge.fml.loading.moddiscovery.ModFileParser/LOADING]: Mod file /workspaces/serv/servidor_minecraft/libraries/net/minecraftforge/fmlcore/1.20.1-47.4.22/fmlcore-1.20.1-47.4.22.jar is missing mods.toml file
[01Aug2026 04:30:34.366] [main/WARN] [net.minecraftforge.fml.loading.moddiscovery.ModFileParser/LOADING]: Mod file /workspaces/serv/servidor_minecraft/libraries/net/minecraftforge/javafmllanguage/1.20.1-47.4.22/javafmllanguage-1.20.1-47.4.22.jar is missing mods.toml file
[01Aug2026 04:30:34.367] [main/WARN] [net.minecraftforge.fml.loading.moddiscovery.ModFileParser/LOADING]: Mod file /workspaces/serv/servidor_minecraft/libraries/net/minecraftforge/lowcodelanguage/1.20.1-47.4.22/lowcodelanguage-1.20.1-47.4.22.jar is missing mods.toml file
[01Aug2026 04:30:34.368] [main/WARN] [net.minecraftforge.fml.loading.moddiscovery.ModFileParser/LOADING]: Mod file /workspaces/serv/servidor_minecraft/libraries/net/minecraftforge/mclanguage/1.20.1-47.4.22/mclanguage-1.20.1-47.4.22.jar is missing mods.toml file
[01Aug2026 04:30:34.472] [main/INFO] [net.minecraftforge.fml.loading.moddiscovery.ModDiscoverer/]: PreloadingTricks adding 1 additional dependency sources
[01Aug2026 04:30:37.390] [main/WARN] [net.minecraftforge.jarjar.selection.JarSelector/]: Attempted to select a dependency jar for JarJar which was passed in as source: fabric_api. Using Mod File: union:/workspaces/serv/servidor_minecraft/mods/fabric-api-0.92.6+1.11.14+1.20.1.jar%23518!/
[01Aug2026 04:30:37.390] [main/WARN] [net.minecraftforge.jarjar.selection.JarSelector/]: Attempted to select a dependency jar for JarJar which was passed in as source: resourcefullib. Using Mod File: union:/workspaces/serv/servidor_minecraft/mods/resourcefullib-forge-1.20.1-2.1.29.jar%23636!/
[01Aug2026 04:30:37.390] [main/WARN] [net.minecraftforge.jarjar.selection.JarSelector/]: Attempted to select a dependency jar for JarJar which was passed in as source: midnightlib. Using Mod File: union:/workspaces/serv/servidor_minecraft/mods/midnightlib-forge-1.9.2+1.20.1.jar%23589!/
[01Aug2026 04:30:37.390] [main/WARN] [net.minecraftforge.jarjar.selection.JarSelector/]: Attempted to select a dependency jar for JarJar which was passed in as source: yet_another_config_lib_v3. Using Mod File: union:/workspaces/serv/servidor_minecraft/mods/yet_another_config_lib_v3-3.6.6+1.20.1-forge.jar%23682!/
[01Aug2026 04:30:37.391] [main/INFO] [net.minecraftforge.fml.loading.moddiscovery.JarInJarDependencyLocator/]: Found 92 dependencies adding them to mods collection
[01Aug2026 04:30:38.929] [main/INFO] [org.sinytra.connector.locator.DependencyResolver/]: Dependency resolution found 1 candidates to load
[01Aug2026 04:30:41.064] [main/INFO] [net.minecraftforge.fml.loading.moddiscovery.ModDiscoverer/]: PreloadingTricks calling PreloadingTricksCallbacks.SETUP_MODS in `ModDiscoverer#discoverMods`
[01Aug2026 04:30:41.073] [main/INFO] [dev.nyon.klf.compat.kff.TransformationService/]: Found KFF: Applying compatibility patches.
[01Aug2026 04:30:41.075] [main/INFO] [dev.nyon.klf.compat.kff.TransformationService/]: Compatibility patches applied successfully.
[01Aug2026 04:30:41.128] [main/WARN] [net.minecraftforge.fml.loading.moddiscovery.ModFile/]: fdlib-1.0.9-1.20.1.jar contains an invalid 'accessTransformers' TOML entry. Should be e.g. accessTransformers = ["META-INF/accesstransformer.cfg", "META-INF/extra_at.cfg"] or accessTransformers = [] for no ATs. Falling back to default.
[01Aug2026 04:30:41.194] [main/WARN] [net.minecraftforge.fml.loading.moddiscovery.ModFile/]: cinematiccataclysm-1.0.1-1.20.1.jar contains an invalid 'accessTransformers' TOML entry. Should be e.g. accessTransformers = ["META-INF/accesstransformer.cfg", "META-INF/extra_at.cfg"] or accessTransformers = [] for no ATs. Falling back to default.
[01Aug2026 04:30:41.259] [main/INFO] [net.minecraftforge.fml.loading.LanguageLoadingProvider/]: PreloadingTricks calling PreloadingTricksCallbacks.SETUP_LANGUAGE_ADAPTER in `LanguageLoadingProvider#loadLanguageProviders`
[01Aug2026 04:30:42.081] [main/INFO] [org.sinytra.connector.service.hacks.ModuleLayerMigrator/]: Successfully made module authlib transformable
[01Aug2026 04:30:49.466] [main/INFO] [mixin/]: Compatibility level set to JAVA_17
[01Aug2026 04:30:51.288] [main/INFO] [mixin/]: Successfully loaded Mixin Connector [com.sonicether.soundphysics.MixinConnector]
[01Aug2026 04:30:51.308] [main/INFO] [cpw.mods.modlauncher.LaunchServiceHandler/MODLAUNCHER]: Launching target 'forgeserver' with arguments [nogui]
[01Aug2026 04:30:51.377] [main/WARN] [mixin/]: Reference map 'mixins.create_security.refmap.json' for mixins.create_security.json could not be read. If this is a development environment you can ignore this message
[01Aug2026 04:30:51.567] [main/INFO] [ModernFix/]: Loaded configuration file for ModernFix 5.27.58+mc1.20.1: 110 options available, 2 override(s) found
[01Aug2026 04:30:51.569] [main/WARN] [ModernFix/]: Option 'mixin.perf.deduplicate_location' overriden (by user configuration) to 'true'
[01Aug2026 04:30:51.570] [main/WARN] [ModernFix/]: Option 'mixin.perf.thread_priorities' overriden (by mods [smoothboot]) to 'false'
[01Aug2026 04:30:51.571] [main/INFO] [ModernFix/]: Applying Nashorn fix
[01Aug2026 04:30:51.596] [main/INFO] [ModernFix/]: Applied Forge config corruption patch
[01Aug2026 04:30:51.682] [main/WARN] [mixin/]: Reference map '' for chat_heads.forge.mixins.json could not be read. If this is a development environment you can ignore this message
[01Aug2026 04:30:51.704] [main/INFO] [Embeddium/]: Loaded configuration file for Embeddium: 393 options available, 0 override(s) found
[01Aug2026 04:30:51.739] [main/WARN] [mixin/]: Reference map 'createprism.refmap.json' for createprism.mixins.json could not be read. If this is a development environment you can ignore this message
[01Aug2026 04:30:51.776] [main/WARN] [mixin/]: Reference map 'yungsextras.refmap.json' for yungsextras.mixins.json could not be read. If this is a development environment you can ignore this message
[01Aug2026 04:30:51.779] [main/WARN] [mixin/]: Reference map 'yungsextras.refmap.json' for yungsextras_forge.mixins.json could not be read. If this is a development environment you can ignore this message
[01Aug2026 04:30:52.005] [main/INFO] [Radium Config/]: Loaded configuration file for Radium: 125 options available, 1 override(s) found
[01Aug2026 04:30:52.262] [main/WARN] [mixin/]: Reference map 'farmersrespite.refmap.json' for farmersrespite.mixins.json could not be read. If this is a development environment you can ignore this message
[01Aug2026 04:30:52.330] [main/WARN] [mixin/]: Reference map 'wits-common-refmap.json' for wits-common.mixins.json could not be read. If this is a development environment you can ignore this message
[01Aug2026 04:30:52.425] [main/WARN] [mixin/]: Reference map 'cristellib-forge-refmap.json' for cristellib.mixins.json could not be read. If this is a development environment you can ignore this message
[01Aug2026 04:30:52.812] [main/WARN] [mixin/]: Reference map 'anvianslib.refmap.json' for anvianslib.mixins.json could not be read. If this is a development environment you can ignore this message
[01Aug2026 04:30:52.862] [main/WARN] [mixin/]: Reference map 'integrated_cataclysm.refmap.json' for integrated_cataclysm.mixins.json could not be read. If this is a development environment you can ignore this message
[01Aug2026 04:30:52.867] [main/WARN] [mixin/]: Reference map 'underground_village.refmap.json' for underground_village.mixins.json could not be read. If this is a development environment you can ignore this message
[01Aug2026 04:30:52.939] [main/WARN] [mixin/]: Reference map 'nethervinery-common-refmap.json' for nethervinery-common.mixins.json could not be read. If this is a development environment you can ignore this message
[01Aug2026 04:30:53.018] [main/WARN] [mixin/]: Reference map 'mixins.kleiders_custom_renderer.refmap.json' for mixins.kleiders_custom_renderer.json could not be read. If this is a development environment you can ignore this message
[01Aug2026 04:30:53.131] [main/WARN] [mixin/]: Reference map 'cgs.mixin-refmap.json' for cgs.mixin.json could not be read. If this is a development environment you can ignore this message
[01Aug2026 04:30:53.446] [main/WARN] [mixin/]: Reference map 'createartifacts.refmap.json' for createartifacts.mixins.json could not be read. If this is a development environment you can ignore this message
[01Aug2026 04:30:53.545] [main/WARN] [mixin/]: Reference map 'itemselector.refmap.json' for l2itemselector.mixins.json could not be read. If this is a development environment you can ignore this message
[01Aug2026 04:30:53.608] [main/WARN] [mixin/]: Reference map '' for adapter.init.mixins.json could not be read. If this is a development environment you can ignore this message
[01Aug2026 04:30:54.740] [main/ERROR] [net.minecraftforge.fml.loading.RuntimeDistCleaner/DISTXFORM]: Attempted to load class net/minecraft/client/MouseHandler for invalid dist DEDICATED_SERVER
[01Aug2026 04:30:54.741] [main/WARN] [mixin/]: Error loading class: net/minecraft/client/MouseHandler (java.lang.RuntimeException: Attempted to load class net/minecraft/client/MouseHandler for invalid dist DEDICATED_SERVER)
[01Aug2026 04:30:54.742] [main/WARN] [mixin/]: @Mixin target net.minecraft.client.MouseHandler was not found fabric-screen-api-v1.mixins.json:MouseMixin from mod fabric_screen_api_v1
[01Aug2026 04:30:54.743] [main/ERROR] [net.minecraftforge.fml.loading.RuntimeDistCleaner/DISTXFORM]: Attempted to load class net/minecraft/client/gui/screens/Screen for invalid dist DEDICATED_SERVER
[01Aug2026 04:30:54.743] [main/WARN] [mixin/]: Error loading class: net/minecraft/client/gui/screens/Screen (java.lang.RuntimeException: Attempted to load class net/minecraft/client/gui/screens/Screen for invalid dist DEDICATED_SERVER)
[01Aug2026 04:30:54.743] [main/WARN] [mixin/]: @Mixin target net.minecraft.client.gui.screens.Screen was not found fabric-screen-api-v1.mixins.json:ScreenAccessor from mod fabric_screen_api_v1
[01Aug2026 04:30:54.846] [main/WARN] [mixin/]: Error loading class: dynamic_fps/impl/DynamicFPSMod (java.lang.ClassNotFoundException: dynamic_fps.impl.DynamicFPSMod)
[01Aug2026 04:30:54.847] [main/WARN] [mixin/]: @Mixin target dynamic_fps.impl.DynamicFPSMod was not found mixins.sodiumoptionsmodcompat.json:DynamicFPSConfigAccessor from mod sodiumoptionsmodcompat
[01Aug2026 04:30:55.294] [main/WARN] [mixin/]: Error loading class: com/teammetallurgy/aquaculture/entity/AquaFishingBobberEntity (java.lang.ClassNotFoundException: com.teammetallurgy.aquaculture.entity.AquaFishingBobberEntity)
[01Aug2026 04:30:55.304] [main/WARN] [Radium Config/]: Force-disabling mixin 'alloc.blockstate.StateMixin' as option 'mixin.alloc.blockstate' (added by mods [ferritecore]) disables it and children
[01Aug2026 04:30:55.618] [main/ERROR] [net.minecraftforge.fml.loading.RuntimeDistCleaner/DISTXFORM]: Attempted to load class net/minecraft/client/Minecraft for invalid dist DEDICATED_SERVER
[01Aug2026 04:30:55.618] [main/WARN] [mixin/]: Error loading class: net/minecraft/client/Minecraft (java.lang.RuntimeException: Attempted to load class net/minecraft/client/Minecraft for invalid dist DEDICATED_SERVER)
[01Aug2026 04:30:55.619] [main/WARN] [mixin/]: @Mixin target net.minecraft.client.Minecraft was not found fragmentum.mixins.json:MixinMinecraft from mod fragmentum
[01Aug2026 04:30:55.831] [main/WARN] [mixin/]: Error loading class: net/minecraft/client/player/KeyboardInput (java.lang.ClassNotFoundException: net.minecraft.client.player.KeyboardInput)
[01Aug2026 04:30:55.831] [main/WARN] [mixin/]: @Mixin target net.minecraft.client.player.KeyboardInput was not found fdlib.mixins.json:KeyboardInputMixin from mod fdlib
[01Aug2026 04:30:55.944] [main/WARN] [mixin/]: Error loading class: com/mrbysco/spoiled/config/SpoiledConfigCache (java.lang.ClassNotFoundException: com.mrbysco.spoiled.config.SpoiledConfigCache)
[01Aug2026 04:30:55.945] [main/WARN] [mixin/]: @Mixin target com.mrbysco.spoiled.config.SpoiledConfigCache was not found cold_sweat.mixin.json:compat.MixinSpoiledIcebox$ContainerModifier from mod cold_sweat
[01Aug2026 04:30:56.055] [main/WARN] [mixin/]: Error loading class: earth/terrarium/handcrafted/common/blocks/CounterBlock (java.lang.ClassNotFoundException: earth.terrarium.handcrafted.common.blocks.CounterBlock)
[01Aug2026 04:30:56.208] [main/ERROR] [net.minecraftforge.fml.loading.RuntimeDistCleaner/DISTXFORM]: Attempted to load class net/minecraft/client/gui/screens/Screen for invalid dist DEDICATED_SERVER
[01Aug2026 04:30:56.208] [main/WARN] [mixin/]: Error loading class: net/minecraft/client/gui/screens/Screen (java.lang.RuntimeException: Attempted to load class net/minecraft/client/gui/screens/Screen for invalid dist DEDICATED_SERVER)
[01Aug2026 04:30:56.209] [main/WARN] [mixin/]: @Mixin target net.minecraft.client.gui.screens.Screen was not found relics.mixins.json:ScreenMixin from mod relics
[01Aug2026 04:30:56.498] [main/WARN] [mixin/]: Error loading class: me/jellysquid/mods/lithium/common/ai/pathing/PathNodeDefaults (java.lang.ClassNotFoundException: me.jellysquid.mods.lithium.common.ai.pathing.PathNodeDefaults)
[01Aug2026 04:30:56.545] [main/INFO] [culinarycompat-mixin/]: FD addItem returns ItemStack; applying cutting board cap mixin
[01Aug2026 04:30:56.555] [main/WARN] [mixin/]: Error loading class: net/blay09/mods/cookingforblockheads/KitchenMultiBlock (java.lang.ClassNotFoundException: net.blay09.mods.cookingforblockheads.KitchenMultiBlock)
[01Aug2026 04:30:56.556] [main/WARN] [mixin/]: @Mixin target net.blay09.mods.cookingforblockheads.KitchenMultiBlock was not found culinarycompat.mixins.json:cfb.Multiblock from mod culinarycompat
[01Aug2026 04:30:56.562] [main/WARN] [mixin/]: Error loading class: net/blay09/mods/cookingforblockheads/menu/RecipeBookMenu (java.lang.ClassNotFoundException: net.blay09.mods.cookingforblockheads.menu.RecipeBookMenu)
[01Aug2026 04:30:56.563] [main/WARN] [mixin/]: @Mixin target net.blay09.mods.cookingforblockheads.menu.RecipeBookMenu was not found culinarycompat.mixins.json:cfb.RecipeBook from mod culinarycompat
[01Aug2026 04:30:56.569] [main/WARN] [mixin/]: Error loading class: net/blay09/mods/cookingforblockheads/registry/CookingRegistry (java.lang.ClassNotFoundException: net.blay09.mods.cookingforblockheads.registry.CookingRegistry)
[01Aug2026 04:30:56.569] [main/WARN] [mixin/]: @Mixin target net.blay09.mods.cookingforblockheads.registry.CookingRegistry was not found culinarycompat.mixins.json:cfb.Registry from mod culinarycompat
[01Aug2026 04:30:56.581] [main/WARN] [mixin/]: Error loading class: cn/foggyhillside/ends_delight/blockentitiy/EndStoveBlockEntity (java.lang.ClassNotFoundException: cn.foggyhillside.ends_delight.blockentitiy.EndStoveBlockEntity)
[01Aug2026 04:30:56.581] [main/WARN] [mixin/]: @Mixin target cn.foggyhillside.ends_delight.blockentitiy.EndStoveBlockEntity was not found culinarycompat.mixins.json:compat.EndsDelight from mod culinarycompat
[01Aug2026 04:30:56.596] [main/ERROR] [net.minecraftforge.fml.loading.RuntimeDistCleaner/DISTXFORM]: Attempted to load class com/github/L_Ender/cataclysm/client/event/ClientEvent for invalid dist DEDICATED_SERVER
[01Aug2026 04:30:56.597] [main/WARN] [mixin/]: Error loading class: com/github/L_Ender/cataclysm/client/event/ClientEvent (java.lang.RuntimeException: Attempted to load class com/github/L_Ender/cataclysm/client/event/ClientEvent for invalid dist DEDICATED_SERVER)
[01Aug2026 04:30:56.597] [main/WARN] [mixin/]: @Mixin target com.github.L_Ender.cataclysm.client.event.ClientEvent was not found incineratorstryhard.mixins.json:ClientEventMixin from mod incineratorstryhard
[01Aug2026 04:30:56.938] [main/WARN] [mixin/]: Error loading class: me/jellysquid/mods/lithium/common/ai/pathing/PathNodeDefaults (java.lang.ClassNotFoundException: me.jellysquid.mods.lithium.common.ai.pathing.PathNodeDefaults)
[01Aug2026 04:30:57.050] [main/WARN] [mixin/]: Error loading class: dev/emi/emi/screen/RecipeScreen (java.lang.ClassNotFoundException: dev.emi.emi.screen.RecipeScreen)
[01Aug2026 04:30:57.050] [main/WARN] [mixin/]: @Mixin target dev.emi.emi.screen.RecipeScreen was not found ali.emi.mixins.json:MixinRecipeScreen from mod ali
[01Aug2026 04:30:57.295] [main/ERROR] [net.minecraftforge.fml.loading.RuntimeDistCleaner/DISTXFORM]: Attempted to load class net/minecraft/client/player/AbstractClientPlayer for invalid dist DEDICATED_SERVER
[01Aug2026 04:30:57.296] [main/WARN] [mixin/]: Error loading class: net/minecraft/client/player/AbstractClientPlayer (java.lang.RuntimeException: Attempted to load class net/minecraft/client/player/AbstractClientPlayer for invalid dist DEDICATED_SERVER)
[01Aug2026 04:30:57.296] [main/WARN] [mixin/]: @Mixin target net.minecraft.client.player.AbstractClientPlayer was not found mixins.create_sa.json:AbstractClientPlayerMixin from mod create_sa
[01Aug2026 04:30:57.298] [main/ERROR] [net.minecraftforge.fml.loading.RuntimeDistCleaner/DISTXFORM]: Attempted to load class net/minecraft/client/Camera for invalid dist DEDICATED_SERVER
[01Aug2026 04:30:57.298] [main/WARN] [mixin/]: Error loading class: net/minecraft/client/Camera (java.lang.RuntimeException: Attempted to load class net/minecraft/client/Camera for invalid dist DEDICATED_SERVER)
[01Aug2026 04:30:57.298] [main/WARN] [mixin/]: @Mixin target net.minecraft.client.Camera was not found legendary_monsters.mixins.json:CameraInvoker from mod legendary_monsters
[01Aug2026 04:30:57.339] [main/WARN] [mixin/]: Error loading class: com/alekiponi/alekiships/common/entity/vehicle/AbstractAlekiBoatEntity (java.lang.ClassNotFoundException: com.alekiponi.alekiships.common.entity.vehicle.AbstractAlekiBoatEntity)
[01Aug2026 04:30:57.340] [main/WARN] [mixin/]: @Mixin target com.alekiponi.alekiships.common.entity.vehicle.AbstractAlekiBoatEntity was not found wakes.mixins.json:AlekiBoatAccessor from mod wakes
[01Aug2026 04:30:57.460] [main/INFO] [DisableConflictingMixinPlugin/]: Applying mixin: com.github.leopoko.solclassic.forge.mixin.PlayerMixinForge for target class: net.minecraft.world.entity.player.Player
[01Aug2026 04:30:57.460] [main/INFO] [DisableConflictingMixinPlugin/]: Applying mixin: com.github.leopoko.solclassic.forge.mixin.LivingEntityMixinForge for target class: net.minecraft.world.entity.LivingEntity
[01Aug2026 04:30:57.461] [main/INFO] [DisableConflictingMixinPlugin/]: Applying mixin: com.github.leopoko.solclassic.forge.mixin.WickerBasketMixinForge for target class: com.github.leopoko.solclassic.item.WickerBasketItem
[01Aug2026 04:30:57.806] [main/ERROR] [net.minecraftforge.fml.loading.RuntimeDistCleaner/DISTXFORM]: Attempted to load class net/minecraft/client/renderer/texture/SpriteContents$InterpolationData for invalid dist DEDICATED_SERVER
[01Aug2026 04:30:57.806] [main/WARN] [mixin/]: Error loading class: net/minecraft/client/renderer/texture/SpriteContents$InterpolationData (java.lang.RuntimeException: Attempted to load class net/minecraft/client/renderer/texture/SpriteContents$InterpolationData for invalid dist DEDICATED_SERVER)
[01Aug2026 04:30:57.806] [main/WARN] [mixin/]: @Mixin target net.minecraft.client.renderer.texture.SpriteContents$InterpolationData was not found fusion.mixins.json:embeddium.SpriteContentsInterpolationDataMixinEmbeddium from mod fusion
[01Aug2026 04:30:57.858] [main/WARN] [mixin/]: Error loading class: com/mojang/blaze3d/platform/InputConstants$Key (java.lang.ClassNotFoundException: com.mojang.blaze3d.platform.InputConstants$Key)
[01Aug2026 04:30:58.064] [main/WARN] [mixin/]: Error loading class: com/mojang/blaze3d/platform/InputConstants$Key (java.lang.ClassNotFoundException: com.mojang.blaze3d.platform.InputConstants$Key)
[01Aug2026 04:30:58.125] [main/INFO] [SBCompatMixinPlugin/]: [SoL Classic] SophisticatedCore detected, enabling SB Feeding Upgrade compatibility
[01Aug2026 04:30:58.179] [main/INFO] [MixinExtras|Service/]: Initializing MixinExtras via com.llamalad7.mixinextras.service.MixinExtrasServiceImpl(version=0.5.3).
[01Aug2026 04:30:58.956] [main/INFO] [Smooth Boot (Reloaded)/]: Smooth Boot (Reloaded) config initialized
[01Aug2026 04:30:59.039] [main/WARN] [mixin/]: Static binding violation: PRIVATE @Overwrite method m_216202_ in modernfix-modernfix.mixins.json:perf.tag_id_caching.TagOrElementLocationMixin from mod modernfix cannot reduce visibiliy of PUBLIC target method, visibility will be upgraded.
[01Aug2026 04:30:59.155] [main/WARN] [net.minecraft.SystemReport/]: Failed retrieving info for group hardware
java.lang.NoClassDefFoundError: com/sun/jna/Platform
	at oshi.SystemInfo.<clinit>(SystemInfo.java:60) ~[oshi-core-6.2.2.jar%2369!/:6.2.2]
	at net.minecraft.SystemReport.m_143564_(SystemReport.java:52) ~[server-1.20.1-20230612.114412-srg.jar%23690!/:?]
	at net.minecraft.SystemReport.m_143516_(SystemReport.java:82) ~[server-1.20.1-20230612.114412-srg.jar%23690!/:?]
	at net.minecraft.SystemReport.<init>(SystemReport.java:52) ~[server-1.20.1-20230612.114412-srg.jar%23690!/:?]
	at net.minecraft.CrashReport.<init>(CrashReport.java:31) ~[server-1.20.1-20230612.114412-srg.jar%23690!/:?]
	at net.minecraft.CrashReport.m_127529_(CrashReport.java:216) ~[server-1.20.1-20230612.114412-srg.jar%23690!/:?]
	at net.minecraft.server.Main.main(Main.java:116) ~[server-1.20.1-20230612.114412-srg.jar%23690!/:?]
	at jdk.internal.reflect.NativeMethodAccessorImpl.invoke0(Native Method) ~[?:?]
	at jdk.internal.reflect.NativeMethodAccessorImpl.invoke(NativeMethodAccessorImpl.java:77) ~[?:?]
	at jdk.internal.reflect.DelegatingMethodAccessorImpl.invoke(DelegatingMethodAccessorImpl.java:43) ~[?:?]
	at java.lang.reflect.Method.invoke(Method.java:569) ~[?:?]
	at net.minecraftforge.fml.loading.targets.CommonLaunchHandler.runTarget(CommonLaunchHandler.java:111) ~[fmlloader-1.20.1-47.4.22.jar%2367!/:?]
	at net.minecraftforge.fml.loading.targets.CommonLaunchHandler.serverService(CommonLaunchHandler.java:103) ~[fmlloader-1.20.1-47.4.22.jar%2367!/:?]
	at net.minecraftforge.fml.loading.targets.CommonServerLaunchHandler.lambda$makeService$0(CommonServerLaunchHandler.java:27) ~[fmlloader-1.20.1-47.4.22.jar%2367!/:?]
	at cpw.mods.modlauncher.LaunchServiceHandlerDecorator.launch(LaunchServiceHandlerDecorator.java:30) ~[modlauncher-10.0.9.jar%2353!/:?]
	at cpw.mods.modlauncher.LaunchServiceHandler.launch(LaunchServiceHandler.java:53) ~[modlauncher-10.0.9.jar%2353!/:?]
	at cpw.mods.modlauncher.LaunchServiceHandler.launch(LaunchServiceHandler.java:71) ~[modlauncher-10.0.9.jar%2353!/:?]
	at cpw.mods.modlauncher.Launcher.run(Launcher.java:108) ~[modlauncher-10.0.9.jar%2353!/:?]
	at cpw.mods.modlauncher.Launcher.main(Launcher.java:78) ~[modlauncher-10.0.9.jar%2353!/:?]
	at cpw.mods.modlauncher.BootstrapLaunchConsumer.accept(BootstrapLaunchConsumer.java:26) ~[modlauncher-10.0.9.jar%2353!/:?]
	at cpw.mods.modlauncher.BootstrapLaunchConsumer.accept(BootstrapLaunchConsumer.java:23) ~[modlauncher-10.0.9.jar%2353!/:?]
	at cpw.mods.bootstraplauncher.BootstrapLauncher.main(BootstrapLauncher.java:141) ~[bootstraplauncher-1.1.2.jar:?]
Caused by: java.lang.ClassNotFoundException: com.sun.jna.Platform
	at jdk.internal.loader.BuiltinClassLoader.loadClass(BuiltinClassLoader.java:641) ~[?:?]
	at java.lang.ClassLoader.loadClass(ClassLoader.java:525) ~[?:?]
	at cpw.mods.cl.ModuleClassLoader.loadClass(ModuleClassLoader.java:137) ~[securejarhandler-2.1.10.jar:?]
	at java.lang.ClassLoader.loadClass(ClassLoader.java:525) ~[?:?]
	... 22 more
[01Aug2026 04:30:59.194] [main/INFO] [net.minecraft.server.Bootstrap/]: ModernFix reached bootstrap stage (52.41 s after launch)
[01Aug2026 04:30:59.461] [main/WARN] [mixin/]: @Final field delegatesByName:Ljava/util/Map; in modernfix-modernfix.mixins.json:perf.forge_registry_alloc.ForgeRegistryMixin from mod modernfix should be final
[01Aug2026 04:30:59.461] [main/WARN] [mixin/]: @Final field delegatesByValue:Ljava/util/Map; in modernfix-modernfix.mixins.json:perf.forge_registry_alloc.ForgeRegistryMixin from mod modernfix should be final
[01Aug2026 04:30:59.837] [main/INFO] [ModernFix/]: Injecting BlockStateBase cache population hook into getNeighborPathNodeType from me.jellysquid.mods.lithium.mixin.ai.pathing.AbstractBlockStateMixin
[01Aug2026 04:30:59.838] [main/INFO] [ModernFix/]: Injecting BlockStateBase cache population hook into getPathNodeType from me.jellysquid.mods.lithium.mixin.ai.pathing.AbstractBlockStateMixin
[01Aug2026 04:30:59.838] [main/INFO] [ModernFix/]: Injecting BlockStateBase cache population hook into getAllFlags from me.jellysquid.mods.lithium.mixin.util.block_tracking.AbstractBlockStateMixin
[01Aug2026 04:31:01.789] [main/INFO] [net.minecraft.server.Bootstrap/]: Vanilla bootstrap took 2579 milliseconds
[01Aug2026 04:31:05.519] [main/WARN] [mixin/]: Static binding violation: PRIVATE @Overwrite method m_135379_ in lithium.mixins.json:entity.data_tracker.use_arrays.DataTrackerMixin from mod radium cannot reduce visibiliy of PUBLIC target method, visibility will be upgraded.
[01Aug2026 04:31:06.998] [main/WARN] [mixin/]: Method overwrite conflict for m_47505_ in lithium.mixins.json:world.temperature_cache.BiomeMixin from mod radium, previously written by org.embeddedt.modernfix.common.mixin.perf.remove_biome_temperature_cache.BiomeMixin. Skipping method.
[01Aug2026 04:31:08.485] [modloading-worker-0/INFO] [oelib/]: Registered config fix chain oei:common_config currentVersion=1
[01Aug2026 04:31:09.087] [modloading-worker-0/WARN] [mixin/]: Method overwrite conflict for getPools in majruszsdifficulty-forge.mixins.json:IMixinLootTable from mod majruszsdifficulty, previously written by com.blackgear.platform.core.mixin.forge.LootTableMixin. Skipping method.
[01Aug2026 04:31:09.088] [modloading-worker-0/WARN] [mixin/]: Method overwrite conflict for getPools in ali.forge.mixins.json:MixinLootTableForge from mod ali, previously written by com.blackgear.platform.core.mixin.forge.LootTableMixin. Skipping method.
[01Aug2026 04:31:09.088] [modloading-worker-0/WARN] [mixin/]: Method overwrite conflict for getPools in createdieselgenerators.mixins.json:LootTableAccessor from mod createdieselgenerators, previously written by com.blackgear.platform.core.mixin.forge.LootTableMixin. Skipping method.
[01Aug2026 04:31:09.175] [modloading-worker-0/INFO] [com.iafenvoy.jupiter.Jupiter/]: Config spec system detected, register to Jupiter Config System.
[01Aug2026 04:31:09.199] [modloading-worker-0/INFO] [com.iafenvoy.jupiter.Jupiter/]: Cloth Config API detected, register to Jupiter Config System.
[01Aug2026 04:31:09.500] [modloading-worker-0/WARN] [mixin/]: Static binding violation: PRIVATE @Overwrite method m_215924_ in modernfix-modernfix.mixins.json:perf.tag_id_caching.TagEntryMixin from mod modernfix cannot reduce visibiliy of PUBLIC target method, visibility will be upgraded.
[01Aug2026 04:31:09.902] [modloading-worker-0/INFO] [Create: Trading Floor/]: Create: Trading Floor initializing! Platform: Forge
[01Aug2026 04:31:09.902] [modloading-worker-0/INFO] [Create: Trading Floor/]: Registering all Create: Trading Floor entries
[01Aug2026 04:31:09.903] [modloading-worker-0/INFO] [Create: Trading Floor/]: Registering Particle Emitters for: Create: Trading Floor
[01Aug2026 04:31:09.925] [modloading-worker-0/INFO] [Create: Trading Floor/]: Finished Initialisation For Mod: trading_floor
[01Aug2026 04:31:10.922] [modloading-worker-0/INFO] [cc.sighs.oelib.network.api.NetworkAutoRegistration/]: [NetworkAutoReg] Scanning 4 package(s) for packets...
[01Aug2026 04:31:11.002] [modloading-worker-0/INFO] [cc.sighs.oelib.network.api.NetworkAutoRegistration/]: [NetworkAutoReg] Scan packages: [cc.sighs.oelib.data.net, cc.sighs.oelib.dev.example.net, cc.sighs.oelib.config.net, cc.sighs.oelib.network.chunk] | found: 6 | added: 6 | skipped: 0
[01Aug2026 04:31:11.004] [modloading-worker-0/INFO] [cc.sighs.oelib.event.EventAutoRegistration/]: [EventAutoReg] Scanning 1 package(s) for event listeners...
[01Aug2026 04:31:11.049] [modloading-worker-0/INFO] [cc.sighs.oelib.event.EventAutoRegistration/]: [EventAutoReg] Registered 1 listener class(es).
[01Aug2026 04:31:11.109] [modloading-worker-0/INFO] [oelib/]: Data registry initialized with 1 registered types
[01Aug2026 04:31:11.112] [modloading-worker-0/WARN] [oelib/]: MVEL2 not found in classpath. Expression engine will be disabled.
[01Aug2026 04:31:11.203] [modloading-worker-0/INFO] [net.minecraftforge.common.ForgeMod/FORGEMOD]: Forge mod loading, version 47.4.22, for MC 1.20.1 with MCP 20230612.114412
[01Aug2026 04:31:11.203] [modloading-worker-0/INFO] [net.minecraftforge.common.MinecraftForge/FORGE]: MinecraftForge v47.4.22 Initialized
[01Aug2026 04:31:11.258] [modloading-worker-0/INFO] [MapDistanceFix/]: Initializing MapDistanceFix (Forge)
[01Aug2026 04:31:11.259] [modloading-worker-0/INFO] [MapDistanceFix/]: MapDistanceFix initialized successfully!
[01Aug2026 04:31:11.597] [modloading-worker-0/INFO] [necronomicon/]: Necronomicon Initialized
[01Aug2026 04:31:11.603] [modloading-worker-0/INFO] [necronomicon/]: File exists, reading config for elocindev.necronomicon.NecronomiconConfig.
[01Aug2026 04:31:11.603] [modloading-worker-0/INFO] [necronomicon/]: Config for elocindev.necronomicon.NecronomiconConfig read successfully.
[01Aug2026 04:31:11.617] [modloading-worker-0/INFO] [necronomicon/]: there is a brick about to fall through your roof at terminal velocity
[01Aug2026 04:31:11.617] [modloading-worker-0/INFO] [necronomicon/]: there is a brick about to fall through your roof at terminal velocity
[01Aug2026 04:31:12.587] [modloading-worker-0/INFO] [snownee.kiwi.Kiwi/INIT]: Processing 6 KiwiModule annotations
[01Aug2026 04:31:12.604] [modloading-worker-0/INFO] [thedarkcolour.kotlinforforge.test.KotlinForForge/]: Kotlin For Forge Enabled!
[01Aug2026 04:31:12.643] [modloading-worker-0/INFO] [Exile Log: com.robertx22.library_of_exile.registry.helpers.OrderedModConstructor/]: Mod Constructor Registered : library_of_exile
[01Aug2026 04:31:12.657] [modloading-worker-0/INFO] [zeta/]: Doing super early config setup for zeta
[01Aug2026 04:31:12.834] [modloading-worker-0/WARN] [mixin/]: Method overwrite conflict for getEntries in majruszsdifficulty-common.mixins.json:IMixinLootPool from mod majruszsdifficulty, previously written by com.blackgear.platform.core.mixin.forge.LootPoolMixin. Skipping method.
[01Aug2026 04:31:12.835] [modloading-worker-0/WARN] [mixin/]: Method overwrite conflict for getEntries in createdieselgenerators.mixins.json:LootPoolAccessor from mod createdieselgenerators, previously written by com.blackgear.platform.core.mixin.forge.LootPoolMixin. Skipping method.
[01Aug2026 04:31:12.902] [modloading-worker-0/INFO] [End's Phantasm/]: [Phantasm] Loading Configs for Phantasm
[01Aug2026 04:31:12.911] [modloading-worker-0/WARN] [End's Phantasm/]: [Phantasm] Couldn't find config value for path : "[dreaming_den, entities, behemoth, snoring_volume]", defaulting to 1
[01Aug2026 04:31:12.970] [modloading-worker-0/INFO] [com.adonis.createfisheryindustry.CreateFisheryMod/]: Registered thick soup fluids (real flowing fluids now)...
[01Aug2026 04:31:13.063] [modloading-worker-0/INFO] [End's Phantasm/]: [Phantasm] Registering Sounds for mod id : phantasm
[01Aug2026 04:31:13.705] [modloading-worker-0/INFO] [Bookshelf/]: Fixing MC-151457. Crafting remainder for minecraft:pufferfish_bucket is now minecraft:bucket.
[01Aug2026 04:31:13.706] [modloading-worker-0/INFO] [Bookshelf/]: Fixing MC-151457. Crafting remainder for minecraft:salmon_bucket is now minecraft:bucket.
[01Aug2026 04:31:13.706] [modloading-worker-0/INFO] [Bookshelf/]: Fixing MC-151457. Crafting remainder for minecraft:cod_bucket is now minecraft:bucket.
[01Aug2026 04:31:13.706] [modloading-worker-0/INFO] [Bookshelf/]: Fixing MC-151457. Crafting remainder for minecraft:tropical_fish_bucket is now minecraft:bucket.
[01Aug2026 04:31:13.706] [modloading-worker-0/INFO] [Bookshelf/]: Fixing MC-151457. Crafting remainder for minecraft:axolotl_bucket is now minecraft:bucket.
[01Aug2026 04:31:13.706] [modloading-worker-0/INFO] [Bookshelf/]: Fixing MC-151457. Crafting remainder for minecraft:powder_snow_bucket is now minecraft:bucket.
[01Aug2026 04:31:13.706] [modloading-worker-0/INFO] [Bookshelf/]: Fixing MC-151457. Crafting remainder for minecraft:tadpole_bucket is now minecraft:bucket.
[01Aug2026 04:31:14.049] [modloading-worker-0/INFO] [Railways/]: Steam 'n' Rails v1.7.2 initializing! Commit hash: 7c1a21e3a4edbd6b5f1301f82a8bfbeb5fdb1444 on Create version: 6.0.8 on platform: Forge
[01Aug2026 04:31:14.100] [modloading-worker-0/INFO] [de.keksuccino.melody.Melody/]: [MELODY] Disabling Melody since it's loaded server-side.
[01Aug2026 04:31:14.243] [modloading-worker-0/INFO] [de.keksuccino.konkrete.Konkrete/]: [KONKRETE] Successfully initialized!
[01Aug2026 04:31:14.244] [modloading-worker-0/INFO] [de.keksuccino.konkrete.Konkrete/]: [KONKRETE] Server-side libs ready to use!
[01Aug2026 04:31:14.756] [modloading-worker-0/INFO] [Railways/]: Registered bogey styles from railways
[01Aug2026 04:31:14.815] [modloading-worker-0/WARN] [fzzy_config/]: >>>>>>>>>>>>>>>
[01Aug2026 04:31:14.815] [modloading-worker-0/WARN] [fzzy_config/]: Error(s) found while deserializing config [particle_core_config]!
[01Aug2026 04:31:14.817] [modloading-worker-0/WARN] [fzzy_config/]:   Critical Deserialization Error: Exception encountered while deserializing TOML
java.lang.NoClassDefFoundError: net/minecraft/client/ParticleStatus
	at java.lang.Class.getDeclaredMethods0(Native Method) ~[?:?]
	at java.lang.Class.privateGetDeclaredMethods(Class.java:3404) ~[?:?]
	at java.lang.Class.getDeclaredMethod(Class.java:2675) ~[?:?]
	at kotlin.reflect.jvm.internal.KDeclarationContainerImpl.tryGetMethod(KDeclarationContainerImpl.kt:254) ~[KotlinLangForge-2.12.1-k2.4.0-2.0+forge.jar%231041!/:2.12.1]
	at kotlin.reflect.jvm.internal.KDeclarationContainerImpl.lookupMethod(KDeclarationContainerImpl.kt:231) ~[KotlinLangForge-2.12.1-k2.4.0-2.0+forge.jar%231041!/:2.12.1]
	at kotlin.reflect.jvm.internal.KDeclarationContainerImpl.findMethodBySignature(KDeclarationContainerImpl.kt:283) ~[KotlinLangForge-2.12.1-k2.4.0-2.0+forge.jar%231041!/:2.12.1]
	at kotlin.reflect.jvm.internal.DescriptorKPropertyKt.computeCallerForAccessor(DescriptorKProperty.kt:261) ~[KotlinLangForge-2.12.1-k2.4.0-2.0+forge.jar%231041!/:2.12.1]
	at kotlin.reflect.jvm.internal.DescriptorKPropertyKt.access$computeCallerForAccessor(DescriptorKProperty.kt:1) ~[KotlinLangForge-2.12.1-k2.4.0-2.0+forge.jar%231041!/:2.12.1]
	at kotlin.reflect.jvm.internal.DescriptorKProperty$Getter.caller_delegate$lambda$0(DescriptorKProperty.kt:167) ~[KotlinLangForge-2.12.1-k2.4.0-2.0+forge.jar%231041!/:2.12.1]
	at kotlin.reflect.jvm.internal.DescriptorKProperty$Getter.accessor$DescriptorKProperty$Getter$lambda1(DescriptorKProperty.kt) ~[KotlinLangForge-2.12.1-k2.4.0-2.0+forge.jar%231041!/:2.12.1]
	at kotlin.reflect.jvm.internal.DescriptorKProperty$Getter$$Lambda$1.invoke(Unknown Source) ~[KotlinLangForge-2.12.1-k2.4.0-2.0+forge.jar%231041!/:2.12.1]
	at kotlin.SafePublicationLazyImpl.getValue(LazyJVM.kt:125) ~[KotlinLangForge-2.12.1-k2.4.0-2.0+forge.jar%231041!/:2.12.1]
	at kotlin.reflect.jvm.internal.DescriptorKProperty$Getter.getCaller(DescriptorKProperty.kt:166) ~[KotlinLangForge-2.12.1-k2.4.0-2.0+forge.jar%231041!/:2.12.1]
	at kotlin.reflect.jvm.ReflectJvmMapping.getJavaMethod(ReflectJvmMapping.kt:60) ~[KotlinLangForge-2.12.1-k2.4.0-2.0+forge.jar%231041!/:2.12.1]
	at kotlin.reflect.jvm.ReflectJvmMapping.getJavaGetter(ReflectJvmMapping.kt:45) ~[KotlinLangForge-2.12.1-k2.4.0-2.0+forge.jar%231041!/:2.12.1]
	at me.fzzyhmstrs.fzzy_config.impl.ConfigApiImpl.trySetAccessible(ConfigApiImpl.kt:1259) ~[fzzy_config-0.7.6+1.20.1+forge.jar%23534!/:?]
	at me.fzzyhmstrs.fzzy_config.impl.ConfigApiImpl.deserializeFromToml$fzzy_config(ConfigApiImpl.kt:612) ~[fzzy_config-0.7.6+1.20.1+forge.jar%23534!/:?]
	at me.fzzyhmstrs.fzzy_config.impl.ConfigApiImpl.deserializeConfig$fzzy_config(ConfigApiImpl.kt:727) ~[fzzy_config-0.7.6+1.20.1+forge.jar%23534!/:?]
	at me.fzzyhmstrs.fzzy_config.impl.ConfigApiImpl.readOrCreateAndValidate$fzzy_config(ConfigApiImpl.kt:275) ~[fzzy_config-0.7.6+1.20.1+forge.jar%23534!/:?]
	at me.fzzyhmstrs.fzzy_config.impl.ConfigApiImpl.readOrCreateAndValidate$fzzy_config$default(ConfigApiImpl.kt:249) ~[fzzy_config-0.7.6+1.20.1+forge.jar%23534!/:?]
	at me.fzzyhmstrs.fzzy_config.impl.ConfigApiImpl.registerAndLoadClient(ConfigApiImpl.kt:196) ~[fzzy_config-0.7.6+1.20.1+forge.jar%23534!/:?]
	at me.fzzyhmstrs.fzzy_config.impl.ConfigApiImpl.registerAndLoadConfig$fzzy_config(ConfigApiImpl.kt:185) ~[fzzy_config-0.7.6+1.20.1+forge.jar%23534!/:?]
	at me.fzzyhmstrs.fzzy_config.impl.ConfigApiImpl.registerAndLoadConfig$fzzy_config$default(ConfigApiImpl.kt:181) ~[fzzy_config-0.7.6+1.20.1+forge.jar%23534!/:?]
	at me.fzzyhmstrs.fzzy_config.api.ConfigApi.registerAndLoadConfig(ConfigApi.kt:116) ~[fzzy_config-0.7.6+1.20.1+forge.jar%23534!/:?]
	at me.fzzyhmstrs.particle_core.PcConfig.<clinit>(PcConfig.kt:35) ~[particle_core-0.3.3+1.20.1+forge.jar%23614!/:?]
	at me.fzzyhmstrs.particle_core.ParticleCoreForge.<init>(PcConfig.kt:19) ~[particle_core-0.3.3+1.20.1+forge.jar%23614!/:?]
	at jdk.internal.reflect.NativeConstructorAccessorImpl.newInstance0(Native Method) ~[?:?]
	at jdk.internal.reflect.NativeConstructorAccessorImpl.newInstance(NativeConstructorAccessorImpl.java:77) ~[?:?]
	at jdk.internal.reflect.DelegatingConstructorAccessorImpl.newInstance(DelegatingConstructorAccessorImpl.java:45) ~[?:?]
	at java.lang.reflect.Constructor.newInstanceWithCaller(Constructor.java:500) ~[?:?]
	at java.lang.reflect.Constructor.newInstance(Constructor.java:481) ~[?:?]
	at net.minecraftforge.fml.javafmlmod.FMLModContainer.constructMod(FMLModContainer.java:77) ~[javafmllanguage-1.20.1-47.4.22.jar%23692!/:?]
	at net.minecraftforge.fml.ModContainer.lambda$buildTransitionHandler$5(ModContainer.java:126) ~[fmlcore-1.20.1-47.4.22.jar%23691!/:?]
	at java.util.concurrent.CompletableFuture$AsyncRun.run(CompletableFuture.java:1804) ~[?:?]
	at java.util.concurrent.CompletableFuture$AsyncRun.exec(CompletableFuture.java:1796) ~[?:?]
	at java.util.concurrent.ForkJoinTask.doExec(ForkJoinTask.java:373) ~[?:?]
	at java.util.concurrent.ForkJoinPool$WorkQueue.topLevelExec(ForkJoinPool.java:1182) ~[?:?]
	at java.util.concurrent.ForkJoinPool.scan(ForkJoinPool.java:1655) ~[?:?]
	at java.util.concurrent.ForkJoinPool.runWorker(ForkJoinPool.java:1622) ~[?:?]
	at java.util.concurrent.ForkJoinWorkerThread.run(ForkJoinWorkerThread.java:165) ~[?:?]
Caused by: java.lang.ClassNotFoundException: net.minecraft.client.ParticleStatus
	at cpw.mods.cl.ModuleClassLoader.loadClass(ModuleClassLoader.java:141) ~[securejarhandler-2.1.10.jar:?]
	at java.lang.ClassLoader.loadClass(ClassLoader.java:525) ~[?:?]
	... 40 more
[01Aug2026 04:31:14.818] [modloading-worker-0/WARN] [fzzy_config/]: >>>>>>>>>>>>>>>
[01Aug2026 04:31:14.834] [modloading-worker-0/INFO] [fzzy_config/]: Loaded config :particle_core_config in 493ms
[01Aug2026 04:31:14.867] [modloading-worker-0/INFO] [Create Unbreakable Tools Mod/]: Create Unbreakable Tools Mod initializing!
[01Aug2026 04:31:15.035] [modloading-worker-0/INFO] [Anvian's Lib/]: Telemetry data sent: 429
[01Aug2026 04:31:15.037] [modloading-worker-0/INFO] [Create Unbreakable Tools Mod/]: Registering items for Create Unbreakable Tools Mod
[01Aug2026 04:31:15.055] [modloading-worker-0/INFO] [Create Unbreakable Tools Mod/]: Registering blocks for Create Unbreakable Tools Mod
[01Aug2026 04:31:15.075] [modloading-worker-0/INFO] [com.cupboard.Cupboard/]: Loaded config for: memorysettings.json
[01Aug2026 04:31:15.075] [modloading-worker-0/WARN] [com.memorysettings.config.CommonConfiguration/]: You have allocated less memory( 12288 MB) than the recommended minimum for this pack: 16000 MB.
The suggested amount for your system is: 6998 mb.
 Click OK to visit a wiki with instructions on how to allocate more memory, or Cancel to ignore this warning.
[01Aug2026 04:31:15.082] [modloading-worker-0/WARN] [com.memorysettings.config.CommonConfiguration/]: You have less memory allocated(12288mb) than recommended for this pack, the minimum is: 16000mb.
The recommended amount for your system is: 6998 mb.
The recommended for your system is lower than the required minimum of 16000mb for this pack, things may not work out so well.
Most common sign of insufficient ram is frequent stutters.

[01Aug2026 04:31:15.150] [Fzzy Config Worker-1/WARN] [fzzy_config/]: >>>>>>>>>>>>>>>
[01Aug2026 04:31:15.156] [Fzzy Config Worker-1/WARN] [fzzy_config/]: Error(s) encountered while re-serializing corrected config [particle_core_config]! Output may not be complete.
[01Aug2026 04:31:15.156] [Fzzy Config Worker-1/WARN] [fzzy_config/]:   Critical Serialization Error: Exception encountered while serializing config, output may not be complete!
java.lang.NoClassDefFoundError: net/minecraft/client/ParticleStatus
	at java.lang.Class.getDeclaredMethods0(Native Method) ~[?:?]
	at java.lang.Class.privateGetDeclaredMethods(Class.java:3404) ~[?:?]
	at java.lang.Class.getDeclaredMethod(Class.java:2675) ~[?:?]
	at kotlin.reflect.jvm.internal.KDeclarationContainerImpl.tryGetMethod(KDeclarationContainerImpl.kt:254) ~[KotlinLangForge-2.12.1-k2.4.0-2.0+forge.jar%231041!/:2.12.1]
	at kotlin.reflect.jvm.internal.KDeclarationContainerImpl.lookupMethod(KDeclarationContainerImpl.kt:231) ~[KotlinLangForge-2.12.1-k2.4.0-2.0+forge.jar%231041!/:2.12.1]
	at kotlin.reflect.jvm.internal.KDeclarationContainerImpl.findMethodBySignature(KDeclarationContainerImpl.kt:283) ~[KotlinLangForge-2.12.1-k2.4.0-2.0+forge.jar%231041!/:2.12.1]
	at kotlin.reflect.jvm.internal.DescriptorKPropertyKt.computeCallerForAccessor(DescriptorKProperty.kt:261) ~[KotlinLangForge-2.12.1-k2.4.0-2.0+forge.jar%231041!/:2.12.1]
	at kotlin.reflect.jvm.internal.DescriptorKPropertyKt.access$computeCallerForAccessor(DescriptorKProperty.kt:1) ~[KotlinLangForge-2.12.1-k2.4.0-2.0+forge.jar%231041!/:2.12.1]
	at kotlin.reflect.jvm.internal.DescriptorKProperty$Getter.caller_delegate$lambda$0(DescriptorKProperty.kt:167) ~[KotlinLangForge-2.12.1-k2.4.0-2.0+forge.jar%231041!/:2.12.1]
	at kotlin.reflect.jvm.internal.DescriptorKProperty$Getter.accessor$DescriptorKProperty$Getter$lambda1(DescriptorKProperty.kt) ~[KotlinLangForge-2.12.1-k2.4.0-2.0+forge.jar%231041!/:2.12.1]
	at kotlin.reflect.jvm.internal.DescriptorKProperty$Getter$$Lambda$1.invoke(Unknown Source) ~[KotlinLangForge-2.12.1-k2.4.0-2.0+forge.jar%231041!/:2.12.1]
	at kotlin.SafePublicationLazyImpl.getValue(LazyJVM.kt:125) ~[KotlinLangForge-2.12.1-k2.4.0-2.0+forge.jar%231041!/:2.12.1]
	at kotlin.reflect.jvm.internal.DescriptorKProperty$Getter.getCaller(DescriptorKProperty.kt:166) ~[KotlinLangForge-2.12.1-k2.4.0-2.0+forge.jar%231041!/:2.12.1]
	at kotlin.reflect.jvm.ReflectJvmMapping.getJavaMethod(ReflectJvmMapping.kt:60) ~[KotlinLangForge-2.12.1-k2.4.0-2.0+forge.jar%231041!/:2.12.1]
	at kotlin.reflect.jvm.ReflectJvmMapping.getJavaGetter(ReflectJvmMapping.kt:45) ~[KotlinLangForge-2.12.1-k2.4.0-2.0+forge.jar%231041!/:2.12.1]
	at kotlin.reflect.jvm.KCallablesJvm.isAccessible(KCallablesJvm.kt:44) ~[KotlinLangForge-2.12.1-k2.4.0-2.0+forge.jar%231041!/:2.12.1]
	at me.fzzyhmstrs.fzzy_config.impl.ConfigApiImpl.trySetAccessible(ConfigApiImpl.kt:1257) ~[fzzy_config-0.7.6+1.20.1+forge.jar%23534!/:?]
	at me.fzzyhmstrs.fzzy_config.impl.ConfigApiImpl.serializeToToml$fzzy_config(ConfigApiImpl.kt:477) ~[fzzy_config-0.7.6+1.20.1+forge.jar%23534!/:?]
	at me.fzzyhmstrs.fzzy_config.impl.ConfigApiImpl.serializeConfig$fzzy_config(ConfigApiImpl.kt:538) ~[fzzy_config-0.7.6+1.20.1+forge.jar%23534!/:?]
	at me.fzzyhmstrs.fzzy_config.impl.ConfigApiImpl.serializeConfig$fzzy_config$default(ConfigApiImpl.kt:537) ~[fzzy_config-0.7.6+1.20.1+forge.jar%23534!/:?]
	at me.fzzyhmstrs.fzzy_config.impl.ConfigApiImpl.writeFile$lambda$52(ConfigApiImpl.kt:1042) ~[fzzy_config-0.7.6+1.20.1+forge.jar%23534!/:?]
	at java.util.concurrent.CompletableFuture$AsyncRun.run(CompletableFuture.java:1804) ~[?:?]
	at java.util.concurrent.ThreadPoolExecutor.runWorker(ThreadPoolExecutor.java:1136) ~[?:?]
	at java.util.concurrent.ThreadPoolExecutor$Worker.run(ThreadPoolExecutor.java:635) ~[?:?]
	at java.lang.Thread.run(Thread.java:840) ~[?:?]
Caused by: java.lang.ClassNotFoundException: net.minecraft.client.ParticleStatus
	at cpw.mods.cl.ModuleClassLoader.loadClass(ModuleClassLoader.java:141) ~[securejarhandler-2.1.10.jar:?]
	at java.lang.ClassLoader.loadClass(ClassLoader.java:525) ~[?:?]
	... 25 more
[01Aug2026 04:31:15.158] [Fzzy Config Worker-1/WARN] [fzzy_config/]: >>>>>>>>>>>>>>>
[01Aug2026 04:31:15.364] [modloading-worker-0/INFO] [Railways/]: Registering data fixers
[01Aug2026 04:31:15.630] [modloading-worker-0/INFO] [ModernFix/]: Bypassed Mojang DFU
[01Aug2026 04:31:15.631] [modloading-worker-0/INFO] [ModernFix/]: Instantiating Mojang DFU
[01Aug2026 04:31:15.639] [modloading-worker-0/INFO] [Collective/]: Loading Collective version 8.39.
[01Aug2026 04:31:15.768] [modloading-worker-0/INFO] [oelib/]: Registered config fix chain oeb:common_config currentVersion=1
[01Aug2026 04:31:15.891] [modloading-worker-0/INFO] [dev.architectury.networking.forge.NetworkManagerImpl/]: Registering C2S receiver with id architectury:sync_ids
[01Aug2026 04:31:15.969] [modloading-worker-0/INFO] [JamLib/]: Initializing JamLib on Forge
[01Aug2026 04:31:16.012] [modloading-worker-0/INFO] [JamLib/]: Updated config file at /workspaces/serv/servidor_minecraft/config/rightclickharvest.json5
[01Aug2026 04:31:16.012] [modloading-worker-0/INFO] [Right Click Harvest/]: Initializing Right Click Harvest on FORGE
[01Aug2026 04:31:16.032] [modloading-worker-0/INFO] [com.cupboard.Cupboard/]: Loaded config for: cupboard.json
[01Aug2026 04:31:16.118] [modloading-worker-0/INFO] [de.cristelknight999.wwoo_forge.wwoo_forge/]: Enabling William Wythers' Overhauled Overworld [FORGE]
[01Aug2026 04:31:16.166] [modloading-worker-0/INFO] [Bed Benefits/]: Loaded config file.
[01Aug2026 04:31:16.167] [modloading-worker-0/INFO] [Bed Benefits/]: Saved config file.
[01Aug2026 04:31:16.200] [modloading-worker-0/INFO] [KubeJS/]: Loaded common.properties
[01Aug2026 04:31:16.206] [modloading-worker-0/INFO] [KubeJS/]: Loaded dev.properties
[01Aug2026 04:31:16.222] [modloading-worker-0/INFO] [KubeJS/]: Looking for KubeJS plugins...
[01Aug2026 04:31:16.246] [modloading-worker-0/INFO] [KubeJS/]: Found plugin source kubejs
[01Aug2026 04:31:16.284] [modloading-worker-0/WARN] [KubeJS/]: Plugin dev.latvian.mods.kubejs.forge.BuiltinKubeJSForgeClientPlugin does not load on server side, skipping
[01Aug2026 04:31:16.284] [modloading-worker-0/WARN] [KubeJS/]: Plugin dev.latvian.mods.kubejs.integration.forge.gamestages.GameStagesIntegration does not have required mod gamestages loaded, skipping
[01Aug2026 04:31:16.285] [modloading-worker-0/INFO] [KubeJS/]: Found plugin source kubejs_curios
[01Aug2026 04:31:16.286] [modloading-worker-0/INFO] [KubeJS/]: Found plugin source createdieselgenerators
[01Aug2026 04:31:16.352] [modloading-worker-0/INFO] [KubeJS/]: Found plugin source exposure
[01Aug2026 04:31:16.355] [modloading-worker-0/INFO] [KubeJS/]: Found plugin source oneenoughenchantment
[01Aug2026 04:31:16.365] [modloading-worker-0/INFO] [KubeJS/]: Found plugin source kubejs_create
[01Aug2026 04:31:16.619] [modloading-worker-0/INFO] [KubeJS/]: Found plugin source cold_sweat
[01Aug2026 04:31:16.625] [modloading-worker-0/INFO] [KubeJS/]: Found plugin source morejs
[01Aug2026 04:31:16.632] [modloading-worker-0/INFO] [KubeJS/]: Found plugin source lootjs
[01Aug2026 04:31:16.643] [modloading-worker-0/INFO] [KubeJS/]: Done in 421.0 ms
[01Aug2026 04:31:16.908] [modloading-worker-0/INFO] [com.simibubi.create.Create/]: Create 6.0.8 initializing! Commit hash: 1a1a9a2819b4f89f78caec41b55ed8cb222fa24b
[01Aug2026 04:31:16.955] [modloading-worker-0/INFO] [Rhino Script Remapper/]: Loading Rhino Minecraft remapper...
[01Aug2026 04:31:16.959] [modloading-worker-0/INFO] [dev.latvian.mods.rhino.mod.util.RhinoProperties/]: Rhino properties loaded.
[01Aug2026 04:31:16.958] [modloading-worker-0/INFO] [com.mojang.datafixers.DataFixerBuilder/]: 0 Datafixer optimizations took 0 milliseconds
[01Aug2026 04:31:16.967] [modloading-worker-0/INFO] [Railways/MultiRegistryCallback/]: Registering callback for create:track_signal in minecraft:block_entity_type
[01Aug2026 04:31:16.968] [modloading-worker-0/INFO] [Railways/MultiRegistryCallback/]: Registering callback for railways:track_signal_source in create:display_source
[01Aug2026 04:31:16.968] [modloading-worker-0/INFO] [Rhino Script Remapper/]: Loading mappings for 1.20.1
[01Aug2026 04:31:16.968] [modloading-worker-0/INFO] [Railways/MultiRegistryCallback/]: Registering callback for create:copycat in minecraft:block_entity_type
[01Aug2026 04:31:16.968] [modloading-worker-0/INFO] [Railways/MultiRegistryCallback/]: Registering callback for railways:conductor_vent in minecraft:block
[01Aug2026 04:31:16.968] [modloading-worker-0/INFO] [Railways/MultiRegistryCallback/]: Registering callback for create:flywheel in minecraft:block_entity_type
[01Aug2026 04:31:16.968] [modloading-worker-0/INFO] [Railways/MultiRegistryCallback/]: Registering callback for railways:locometal_flywheel in minecraft:block
[01Aug2026 04:31:16.968] [modloading-worker-0/INFO] [Railways/MultiRegistryCallback/]: Registering callback for create:sliding_door in minecraft:block_entity_type
[01Aug2026 04:31:16.968] [modloading-worker-0/INFO] [Railways/MultiRegistryCallback/]: Registering callback for railways:sliding_locometal_door in minecraft:block
[01Aug2026 04:31:16.968] [modloading-worker-0/INFO] [Railways/MultiRegistryCallback/]: Registering callback for create:sliding_door in minecraft:block_entity_type
[01Aug2026 04:31:16.968] [modloading-worker-0/INFO] [Railways/MultiRegistryCallback/]: Registering callback for railways:folding_locometal_door in minecraft:block
[01Aug2026 04:31:16.969] [modloading-worker-0/INFO] [Railways/MultiRegistryCallback/]: Registering callback for create:flywheel in minecraft:block_entity_type
[01Aug2026 04:31:16.969] [modloading-worker-0/INFO] [Railways/MultiRegistryCallback/]: Registering callback for railways:brown_locometal_flywheel in minecraft:block
[01Aug2026 04:31:16.969] [modloading-worker-0/INFO] [Railways/MultiRegistryCallback/]: Registering callback for create:sliding_door in minecraft:block_entity_type
[01Aug2026 04:31:16.969] [modloading-worker-0/INFO] [Railways/MultiRegistryCallback/]: Registering callback for railways:brown_sliding_locometal_door in minecraft:block
[01Aug2026 04:31:16.969] [modloading-worker-0/INFO] [Railways/MultiRegistryCallback/]: Registering callback for create:sliding_door in minecraft:block_entity_type
[01Aug2026 04:31:16.969] [modloading-worker-0/INFO] [Railways/MultiRegistryCallback/]: Registering callback for railways:brown_folding_locometal_door in minecraft:block
[01Aug2026 04:31:16.969] [modloading-worker-0/INFO] [Railways/MultiRegistryCallback/]: Registering callback for create:flywheel in minecraft:block_entity_type
[01Aug2026 04:31:16.969] [modloading-worker-0/INFO] [Railways/MultiRegistryCallback/]: Registering callback for railways:maroon_locometal_flywheel in minecraft:block
[01Aug2026 04:31:16.969] [modloading-worker-0/INFO] [Railways/MultiRegistryCallback/]: Registering callback for create:sliding_door in minecraft:block_entity_type
[01Aug2026 04:31:16.969] [modloading-worker-0/INFO] [Railways/MultiRegistryCallback/]: Registering callback for railways:maroon_sliding_locometal_door in minecraft:block
[01Aug2026 04:31:16.969] [modloading-worker-0/INFO] [Railways/MultiRegistryCallback/]: Registering callback for create:sliding_door in minecraft:block_entity_type
[01Aug2026 04:31:16.969] [modloading-worker-0/INFO] [Railways/MultiRegistryCallback/]: Registering callback for railways:maroon_folding_locometal_door in minecraft:block
[01Aug2026 04:31:16.969] [modloading-worker-0/INFO] [Railways/MultiRegistryCallback/]: Registering callback for create:flywheel in minecraft:block_entity_type
[01Aug2026 04:31:16.969] [modloading-worker-0/INFO] [Railways/MultiRegistryCallback/]: Registering callback for railways:red_locometal_flywheel in minecraft:block
[01Aug2026 04:31:16.969] [modloading-worker-0/INFO] [Railways/MultiRegistryCallback/]: Registering callback for create:sliding_door in minecraft:block_entity_type
[01Aug2026 04:31:16.969] [modloading-worker-0/INFO] [Railways/MultiRegistryCallback/]: Registering callback for railways:red_sliding_locometal_door in minecraft:block
[01Aug2026 04:31:16.969] [modloading-worker-0/INFO] [Railways/MultiRegistryCallback/]: Registering callback for create:sliding_door in minecraft:block_entity_type
[01Aug2026 04:31:16.969] [modloading-worker-0/INFO] [Railways/MultiRegistryCallback/]: Registering callback for railways:red_folding_locometal_door in minecraft:block
[01Aug2026 04:31:16.969] [modloading-worker-0/INFO] [Railways/MultiRegistryCallback/]: Registering callback for create:flywheel in minecraft:block_entity_type
[01Aug2026 04:31:16.969] [modloading-worker-0/INFO] [Railways/MultiRegistryCallback/]: Registering callback for railways:vermilion_locometal_flywheel in minecraft:block
[01Aug2026 04:31:16.970] [modloading-worker-0/INFO] [Railways/MultiRegistryCallback/]: Registering callback for create:sliding_door in minecraft:block_entity_type
[01Aug2026 04:31:16.970] [modloading-worker-0/INFO] [Railways/MultiRegistryCallback/]: Registering callback for railways:vermilion_sliding_locometal_door in minecraft:block
[01Aug2026 04:31:16.970] [modloading-worker-0/INFO] [Railways/MultiRegistryCallback/]: Registering callback for create:sliding_door in minecraft:block_entity_type
[01Aug2026 04:31:16.970] [modloading-worker-0/INFO] [Railways/MultiRegistryCallback/]: Registering callback for railways:vermilion_folding_locometal_door in minecraft:block
[01Aug2026 04:31:16.974] [modloading-worker-0/INFO] [Railways/MultiRegistryCallback/]: Registering callback for create:flywheel in minecraft:block_entity_type
[01Aug2026 04:31:16.974] [modloading-worker-0/INFO] [Railways/MultiRegistryCallback/]: Registering callback for railways:orange_locometal_flywheel in minecraft:block
[01Aug2026 04:31:16.975] [modloading-worker-0/INFO] [Railways/MultiRegistryCallback/]: Registering callback for create:sliding_door in minecraft:block_entity_type
[01Aug2026 04:31:16.975] [modloading-worker-0/INFO] [Railways/MultiRegistryCallback/]: Registering callback for railways:orange_sliding_locometal_door in minecraft:block
[01Aug2026 04:31:16.975] [modloading-worker-0/INFO] [Railways/MultiRegistryCallback/]: Registering callback for create:sliding_door in minecraft:block_entity_type
[01Aug2026 04:31:16.975] [modloading-worker-0/INFO] [Railways/MultiRegistryCallback/]: Registering callback for railways:orange_folding_locometal_door in minecraft:block
[01Aug2026 04:31:16.975] [modloading-worker-0/INFO] [Railways/MultiRegistryCallback/]: Registering callback for create:flywheel in minecraft:block_entity_type
[01Aug2026 04:31:16.975] [modloading-worker-0/INFO] [Railways/MultiRegistryCallback/]: Registering callback for railways:granite_locometal_flywheel in minecraft:block
[01Aug2026 04:31:16.975] [modloading-worker-0/INFO] [Railways/MultiRegistryCallback/]: Registering callback for create:sliding_door in minecraft:block_entity_type
[01Aug2026 04:31:16.975] [modloading-worker-0/INFO] [Railways/MultiRegistryCallback/]: Registering callback for railways:granite_sliding_locometal_door in minecraft:block
[01Aug2026 04:31:16.975] [modloading-worker-0/INFO] [Railways/MultiRegistryCallback/]: Registering callback for create:sliding_door in minecraft:block_entity_type
[01Aug2026 04:31:16.975] [modloading-worker-0/INFO] [Railways/MultiRegistryCallback/]: Registering callback for railways:granite_folding_locometal_door in minecraft:block
[01Aug2026 04:31:16.975] [modloading-worker-0/INFO] [Railways/MultiRegistryCallback/]: Registering callback for create:flywheel in minecraft:block_entity_type
[01Aug2026 04:31:16.975] [modloading-worker-0/INFO] [Railways/MultiRegistryCallback/]: Registering callback for railways:dripstone_locometal_flywheel in minecraft:block
[01Aug2026 04:31:16.975] [modloading-worker-0/INFO] [Railways/MultiRegistryCallback/]: Registering callback for create:sliding_door in minecraft:block_entity_type
[01Aug2026 04:31:16.975] [modloading-worker-0/INFO] [Railways/MultiRegistryCallback/]: Registering callback for railways:dripstone_sliding_locometal_door in minecraft:block
[01Aug2026 04:31:16.975] [modloading-worker-0/INFO] [Railways/MultiRegistryCallback/]: Registering callback for create:sliding_door in minecraft:block_entity_type
[01Aug2026 04:31:16.975] [modloading-worker-0/INFO] [Railways/MultiRegistryCallback/]: Registering callback for railways:dripstone_folding_locometal_door in minecraft:block
[01Aug2026 04:31:16.976] [modloading-worker-0/INFO] [Railways/MultiRegistryCallback/]: Registering callback for create:flywheel in minecraft:block_entity_type
[01Aug2026 04:31:16.976] [modloading-worker-0/INFO] [Railways/MultiRegistryCallback/]: Registering callback for railways:ochrum_locometal_flywheel in minecraft:block
[01Aug2026 04:31:16.976] [modloading-worker-0/INFO] [Railways/MultiRegistryCallback/]: Registering callback for create:sliding_door in minecraft:block_entity_type
[01Aug2026 04:31:16.976] [modloading-worker-0/INFO] [Railways/MultiRegistryCallback/]: Registering callback for railways:ochrum_sliding_locometal_door in minecraft:block
[01Aug2026 04:31:16.976] [modloading-worker-0/INFO] [Railways/MultiRegistryCallback/]: Registering callback for create:sliding_door in minecraft:block_entity_type
[01Aug2026 04:31:16.976] [modloading-worker-0/INFO] [Railways/MultiRegistryCallback/]: Registering callback for railways:ochrum_folding_locometal_door in minecraft:block
[01Aug2026 04:31:16.976] [modloading-worker-0/INFO] [Railways/MultiRegistryCallback/]: Registering callback for create:flywheel in minecraft:block_entity_type
[01Aug2026 04:31:16.976] [modloading-worker-0/INFO] [Railways/MultiRegistryCallback/]: Registering callback for railways:yellow_locometal_flywheel in minecraft:block
[01Aug2026 04:31:16.976] [modloading-worker-0/INFO] [Railways/MultiRegistryCallback/]: Registering callback for create:sliding_door in minecraft:block_entity_type
[01Aug2026 04:31:16.976] [modloading-worker-0/INFO] [Railways/MultiRegistryCallback/]: Registering callback for railways:yellow_sliding_locometal_door in minecraft:block
[01Aug2026 04:31:16.976] [modloading-worker-0/INFO] [Railways/MultiRegistryCallback/]: Registering callback for create:sliding_door in minecraft:block_entity_type
[01Aug2026 04:31:16.976] [modloading-worker-0/INFO] [Railways/MultiRegistryCallback/]: Registering callback for railways:yellow_folding_locometal_door in minecraft:block
[01Aug2026 04:31:16.976] [modloading-worker-0/INFO] [Railways/MultiRegistryCallback/]: Registering callback for create:flywheel in minecraft:block_entity_type
[01Aug2026 04:31:16.976] [modloading-worker-0/INFO] [Railways/MultiRegistryCallback/]: Registering callback for railways:chartreuse_locometal_flywheel in minecraft:block
[01Aug2026 04:31:16.976] [modloading-worker-0/INFO] [Railways/MultiRegistryCallback/]: Registering callback for create:sliding_door in minecraft:block_entity_type
[01Aug2026 04:31:16.976] [modloading-worker-0/INFO] [Railways/MultiRegistryCallback/]: Registering callback for railways:chartreuse_sliding_locometal_door in minecraft:block
[01Aug2026 04:31:16.976] [modloading-worker-0/INFO] [Railways/MultiRegistryCallback/]: Registering callback for create:sliding_door in minecraft:block_entity_type
[01Aug2026 04:31:16.976] [modloading-worker-0/INFO] [Railways/MultiRegistryCallback/]: Registering callback for railways:chartreuse_folding_locometal_door in minecraft:block
[01Aug2026 04:31:16.976] [modloading-worker-0/INFO] [Railways/MultiRegistryCallback/]: Registering callback for create:flywheel in minecraft:block_entity_type
[01Aug2026 04:31:16.976] [modloading-worker-0/INFO] [Railways/MultiRegistryCallback/]: Registering callback for railways:olive_green_locometal_flywheel in minecraft:block
[01Aug2026 04:31:16.977] [modloading-worker-0/INFO] [Railways/MultiRegistryCallback/]: Registering callback for create:sliding_door in minecraft:block_entity_type
[01Aug2026 04:31:16.977] [modloading-worker-0/INFO] [Railways/MultiRegistryCallback/]: Registering callback for railways:olive_green_sliding_locometal_door in minecraft:block
[01Aug2026 04:31:16.977] [modloading-worker-0/INFO] [Railways/MultiRegistryCallback/]: Registering callback for create:sliding_door in minecraft:block_entity_type
[01Aug2026 04:31:16.977] [modloading-worker-0/INFO] [Railways/MultiRegistryCallback/]: Registering callback for railways:olive_green_folding_locometal_door in minecraft:block
[01Aug2026 04:31:16.977] [modloading-worker-0/INFO] [Railways/MultiRegistryCallback/]: Registering callback for create:flywheel in minecraft:block_entity_type
[01Aug2026 04:31:16.977] [modloading-worker-0/INFO] [Railways/MultiRegistryCallback/]: Registering callback for railways:lime_locometal_flywheel in minecraft:block
[01Aug2026 04:31:16.977] [modloading-worker-0/INFO] [Railways/MultiRegistryCallback/]: Registering callback for create:sliding_door in minecraft:block_entity_type
[01Aug2026 04:31:16.977] [modloading-worker-0/INFO] [Railways/MultiRegistryCallback/]: Registering callback for railways:lime_sliding_locometal_door in minecraft:block
[01Aug2026 04:31:16.983] [modloading-worker-0/INFO] [Railways/MultiRegistryCallback/]: Registering callback for create:sliding_door in minecraft:block_entity_type
[01Aug2026 04:31:16.983] [modloading-worker-0/INFO] [Railways/MultiRegistryCallback/]: Registering callback for railways:lime_folding_locometal_door in minecraft:block
[01Aug2026 04:31:16.983] [modloading-worker-0/INFO] [Railways/MultiRegistryCallback/]: Registering callback for create:flywheel in minecraft:block_entity_type
[01Aug2026 04:31:16.983] [modloading-worker-0/INFO] [Railways/MultiRegistryCallback/]: Registering callback for railways:green_locometal_flywheel in minecraft:block
[01Aug2026 04:31:16.983] [modloading-worker-0/INFO] [Railways/MultiRegistryCallback/]: Registering callback for create:sliding_door in minecraft:block_entity_type
[01Aug2026 04:31:16.983] [modloading-worker-0/INFO] [Railways/MultiRegistryCallback/]: Registering callback for railways:green_sliding_locometal_door in minecraft:block
[01Aug2026 04:31:16.983] [modloading-worker-0/INFO] [Railways/MultiRegistryCallback/]: Registering callback for create:sliding_door in minecraft:block_entity_type
[01Aug2026 04:31:16.983] [modloading-worker-0/INFO] [Railways/MultiRegistryCallback/]: Registering callback for railways:green_folding_locometal_door in minecraft:block
[01Aug2026 04:31:16.983] [modloading-worker-0/INFO] [Railways/MultiRegistryCallback/]: Registering callback for create:flywheel in minecraft:block_entity_type
[01Aug2026 04:31:16.983] [modloading-worker-0/INFO] [Railways/MultiRegistryCallback/]: Registering callback for railways:pine_green_locometal_flywheel in minecraft:block
[01Aug2026 04:31:16.984] [modloading-worker-0/INFO] [Railways/MultiRegistryCallback/]: Registering callback for create:sliding_door in minecraft:block_entity_type
[01Aug2026 04:31:16.984] [modloading-worker-0/INFO] [Railways/MultiRegistryCallback/]: Registering callback for railways:pine_green_sliding_locometal_door in minecraft:block
[01Aug2026 04:31:16.984] [modloading-worker-0/INFO] [Railways/MultiRegistryCallback/]: Registering callback for create:sliding_door in minecraft:block_entity_type
[01Aug2026 04:31:16.984] [modloading-worker-0/INFO] [Railways/MultiRegistryCallback/]: Registering callback for railways:pine_green_folding_locometal_door in minecraft:block
[01Aug2026 04:31:16.984] [modloading-worker-0/INFO] [Railways/MultiRegistryCallback/]: Registering callback for create:flywheel in minecraft:block_entity_type
[01Aug2026 04:31:16.984] [modloading-worker-0/INFO] [Railways/MultiRegistryCallback/]: Registering callback for railways:cyan_locometal_flywheel in minecraft:block
[01Aug2026 04:31:16.984] [modloading-worker-0/INFO] [Railways/MultiRegistryCallback/]: Registering callback for create:sliding_door in minecraft:block_entity_type
[01Aug2026 04:31:16.984] [modloading-worker-0/INFO] [Railways/MultiRegistryCallback/]: Registering callback for railways:cyan_sliding_locometal_door in minecraft:block
[01Aug2026 04:31:16.984] [modloading-worker-0/INFO] [Railways/MultiRegistryCallback/]: Registering callback for create:sliding_door in minecraft:block_entity_type
[01Aug2026 04:31:16.984] [modloading-worker-0/INFO] [Railways/MultiRegistryCallback/]: Registering callback for railways:cyan_folding_locometal_door in minecraft:block
[01Aug2026 04:31:16.984] [modloading-worker-0/INFO] [Railways/MultiRegistryCallback/]: Registering callback for create:flywheel in minecraft:block_entity_type
[01Aug2026 04:31:16.984] [modloading-worker-0/INFO] [Railways/MultiRegistryCallback/]: Registering callback for railways:sea_green_locometal_flywheel in minecraft:block
[01Aug2026 04:31:16.984] [modloading-worker-0/INFO] [Railways/MultiRegistryCallback/]: Registering callback for create:sliding_door in minecraft:block_entity_type
[01Aug2026 04:31:16.984] [modloading-worker-0/INFO] [Railways/MultiRegistryCallback/]: Registering callback for railways:sea_green_sliding_locometal_door in minecraft:block
[01Aug2026 04:31:16.984] [modloading-worker-0/INFO] [Railways/MultiRegistryCallback/]: Registering callback for create:sliding_door in minecraft:block_entity_type
[01Aug2026 04:31:16.984] [modloading-worker-0/INFO] [Railways/MultiRegistryCallback/]: Registering callback for railways:sea_green_folding_locometal_door in minecraft:block
[01Aug2026 04:31:16.984] [modloading-worker-0/INFO] [Railways/MultiRegistryCallback/]: Registering callback for create:flywheel in minecraft:block_entity_type
[01Aug2026 04:31:16.984] [modloading-worker-0/INFO] [Railways/MultiRegistryCallback/]: Registering callback for railways:turquoise_locometal_flywheel in minecraft:block
[01Aug2026 04:31:16.984] [modloading-worker-0/INFO] [Railways/MultiRegistryCallback/]: Registering callback for create:sliding_door in minecraft:block_entity_type
[01Aug2026 04:31:16.984] [modloading-worker-0/INFO] [Railways/MultiRegistryCallback/]: Registering callback for railways:turquoise_sliding_locometal_door in minecraft:block
[01Aug2026 04:31:16.984] [modloading-worker-0/INFO] [Railways/MultiRegistryCallback/]: Registering callback for create:sliding_door in minecraft:block_entity_type
[01Aug2026 04:31:16.985] [modloading-worker-0/INFO] [Railways/MultiRegistryCallback/]: Registering callback for railways:turquoise_folding_locometal_door in minecraft:block
[01Aug2026 04:31:16.985] [modloading-worker-0/INFO] [Railways/MultiRegistryCallback/]: Registering callback for create:flywheel in minecraft:block_entity_type
[01Aug2026 04:31:16.985] [modloading-worker-0/INFO] [Railways/MultiRegistryCallback/]: Registering callback for railways:light_blue_locometal_flywheel in minecraft:block
[01Aug2026 04:31:16.985] [modloading-worker-0/INFO] [Railways/MultiRegistryCallback/]: Registering callback for create:sliding_door in minecraft:block_entity_type
[01Aug2026 04:31:16.985] [modloading-worker-0/INFO] [Railways/MultiRegistryCallback/]: Registering callback for railways:light_blue_sliding_locometal_door in minecraft:block
[01Aug2026 04:31:16.985] [modloading-worker-0/INFO] [Railways/MultiRegistryCallback/]: Registering callback for create:sliding_door in minecraft:block_entity_type
[01Aug2026 04:31:16.985] [modloading-worker-0/INFO] [Railways/MultiRegistryCallback/]: Registering callback for railways:light_blue_folding_locometal_door in minecraft:block
[01Aug2026 04:31:16.985] [modloading-worker-0/INFO] [Railways/MultiRegistryCallback/]: Registering callback for create:flywheel in minecraft:block_entity_type
[01Aug2026 04:31:16.985] [modloading-worker-0/INFO] [Railways/MultiRegistryCallback/]: Registering callback for railways:blue_locometal_flywheel in minecraft:block
[01Aug2026 04:31:16.985] [modloading-worker-0/INFO] [Railways/MultiRegistryCallback/]: Registering callback for create:sliding_door in minecraft:block_entity_type
[01Aug2026 04:31:16.985] [modloading-worker-0/INFO] [Railways/MultiRegistryCallback/]: Registering callback for railways:blue_sliding_locometal_door in minecraft:block
[01Aug2026 04:31:16.985] [modloading-worker-0/INFO] [Railways/MultiRegistryCallback/]: Registering callback for create:sliding_door in minecraft:block_entity_type
[01Aug2026 04:31:16.985] [modloading-worker-0/INFO] [Railways/MultiRegistryCallback/]: Registering callback for railways:blue_folding_locometal_door in minecraft:block
[01Aug2026 04:31:16.985] [modloading-worker-0/INFO] [Railways/MultiRegistryCallback/]: Registering callback for create:flywheel in minecraft:block_entity_type
[01Aug2026 04:31:16.985] [modloading-worker-0/INFO] [Railways/MultiRegistryCallback/]: Registering callback for railways:royal_blue_locometal_flywheel in minecraft:block
[01Aug2026 04:31:16.985] [modloading-worker-0/INFO] [Railways/MultiRegistryCallback/]: Registering callback for create:sliding_door in minecraft:block_entity_type
[01Aug2026 04:31:16.985] [modloading-worker-0/INFO] [Railways/MultiRegistryCallback/]: Registering callback for railways:royal_blue_sliding_locometal_door in minecraft:block
[01Aug2026 04:31:16.985] [modloading-worker-0/INFO] [Railways/MultiRegistryCallback/]: Registering callback for create:sliding_door in minecraft:block_entity_type
[01Aug2026 04:31:16.985] [modloading-worker-0/INFO] [Railways/MultiRegistryCallback/]: Registering callback for railways:royal_blue_folding_locometal_door in minecraft:block
[01Aug2026 04:31:16.985] [modloading-worker-0/INFO] [Railways/MultiRegistryCallback/]: Registering callback for create:flywheel in minecraft:block_entity_type
[01Aug2026 04:31:16.985] [modloading-worker-0/INFO] [Railways/MultiRegistryCallback/]: Registering callback for railways:purple_locometal_flywheel in minecraft:block
[01Aug2026 04:31:16.985] [modloading-worker-0/INFO] [Railways/MultiRegistryCallback/]: Registering callback for create:sliding_door in minecraft:block_entity_type
[01Aug2026 04:31:16.985] [modloading-worker-0/INFO] [Railways/MultiRegistryCallback/]: Registering callback for railways:purple_sliding_locometal_door in minecraft:block
[01Aug2026 04:31:16.985] [modloading-worker-0/INFO] [Railways/MultiRegistryCallback/]: Registering callback for create:sliding_door in minecraft:block_entity_type
[01Aug2026 04:31:16.986] [modloading-worker-0/INFO] [Railways/MultiRegistryCallback/]: Registering callback for railways:purple_folding_locometal_door in minecraft:block
[01Aug2026 04:31:16.986] [modloading-worker-0/INFO] [Railways/MultiRegistryCallback/]: Registering callback for create:flywheel in minecraft:block_entity_type
[01Aug2026 04:31:16.986] [modloading-worker-0/INFO] [Railways/MultiRegistryCallback/]: Registering callback for railways:magenta_locometal_flywheel in minecraft:block
[01Aug2026 04:31:16.986] [modloading-worker-0/INFO] [Railways/MultiRegistryCallback/]: Registering callback for create:sliding_door in minecraft:block_entity_type
[01Aug2026 04:31:16.986] [modloading-worker-0/INFO] [Railways/MultiRegistryCallback/]: Registering callback for railways:magenta_sliding_locometal_door in minecraft:block
[01Aug2026 04:31:16.986] [modloading-worker-0/INFO] [Railways/MultiRegistryCallback/]: Registering callback for create:sliding_door in minecraft:block_entity_type
[01Aug2026 04:31:16.986] [modloading-worker-0/INFO] [Railways/MultiRegistryCallback/]: Registering callback for railways:magenta_folding_locometal_door in minecraft:block
[01Aug2026 04:31:16.986] [modloading-worker-0/INFO] [Railways/MultiRegistryCallback/]: Registering callback for create:flywheel in minecraft:block_entity_type
[01Aug2026 04:31:16.986] [modloading-worker-0/INFO] [Railways/MultiRegistryCallback/]: Registering callback for railways:pink_locometal_flywheel in minecraft:block
[01Aug2026 04:31:16.986] [modloading-worker-0/INFO] [Railways/MultiRegistryCallback/]: Registering callback for create:sliding_door in minecraft:block_entity_type
[01Aug2026 04:31:16.992] [modloading-worker-0/INFO] [Railways/MultiRegistryCallback/]: Registering callback for railways:pink_sliding_locometal_door in minecraft:block
[01Aug2026 04:31:16.992] [modloading-worker-0/INFO] [Railways/MultiRegistryCallback/]: Registering callback for create:sliding_door in minecraft:block_entity_type
[01Aug2026 04:31:16.992] [modloading-worker-0/INFO] [Railways/MultiRegistryCallback/]: Registering callback for railways:pink_folding_locometal_door in minecraft:block
[01Aug2026 04:31:16.992] [modloading-worker-0/INFO] [Railways/MultiRegistryCallback/]: Registering callback for create:flywheel in minecraft:block_entity_type
[01Aug2026 04:31:16.992] [modloading-worker-0/INFO] [Railways/MultiRegistryCallback/]: Registering callback for railways:white_locometal_flywheel in minecraft:block
[01Aug2026 04:31:16.992] [modloading-worker-0/INFO] [Railways/MultiRegistryCallback/]: Registering callback for create:sliding_door in minecraft:block_entity_type
[01Aug2026 04:31:16.992] [modloading-worker-0/INFO] [Railways/MultiRegistryCallback/]: Registering callback for railways:white_sliding_locometal_door in minecraft:block
[01Aug2026 04:31:16.992] [modloading-worker-0/INFO] [Railways/MultiRegistryCallback/]: Registering callback for create:sliding_door in minecraft:block_entity_type
[01Aug2026 04:31:16.992] [modloading-worker-0/INFO] [Railways/MultiRegistryCallback/]: Registering callback for railways:white_folding_locometal_door in minecraft:block
[01Aug2026 04:31:16.992] [modloading-worker-0/INFO] [Railways/MultiRegistryCallback/]: Registering callback for create:flywheel in minecraft:block_entity_type
[01Aug2026 04:31:16.992] [modloading-worker-0/INFO] [Railways/MultiRegistryCallback/]: Registering callback for railways:diorite_locometal_flywheel in minecraft:block
[01Aug2026 04:31:16.992] [modloading-worker-0/INFO] [Railways/MultiRegistryCallback/]: Registering callback for create:sliding_door in minecraft:block_entity_type
[01Aug2026 04:31:16.992] [modloading-worker-0/INFO] [Railways/MultiRegistryCallback/]: Registering callback for railways:diorite_sliding_locometal_door in minecraft:block
[01Aug2026 04:31:16.992] [modloading-worker-0/INFO] [Railways/MultiRegistryCallback/]: Registering callback for create:sliding_door in minecraft:block_entity_type
[01Aug2026 04:31:16.992] [modloading-worker-0/INFO] [Railways/MultiRegistryCallback/]: Registering callback for railways:diorite_folding_locometal_door in minecraft:block
[01Aug2026 04:31:16.992] [modloading-worker-0/INFO] [Railways/MultiRegistryCallback/]: Registering callback for create:flywheel in minecraft:block_entity_type
[01Aug2026 04:31:16.992] [modloading-worker-0/INFO] [Railways/MultiRegistryCallback/]: Registering callback for railways:limestone_locometal_flywheel in minecraft:block
[01Aug2026 04:31:16.992] [modloading-worker-0/INFO] [Railways/MultiRegistryCallback/]: Registering callback for create:sliding_door in minecraft:block_entity_type
[01Aug2026 04:31:16.993] [modloading-worker-0/INFO] [Railways/MultiRegistryCallback/]: Registering callback for railways:limestone_sliding_locometal_door in minecraft:block
[01Aug2026 04:31:16.993] [modloading-worker-0/INFO] [Railways/MultiRegistryCallback/]: Registering callback for create:sliding_door in minecraft:block_entity_type
[01Aug2026 04:31:16.993] [modloading-worker-0/INFO] [Railways/MultiRegistryCallback/]: Registering callback for railways:limestone_folding_locometal_door in minecraft:block
[01Aug2026 04:31:16.993] [modloading-worker-0/INFO] [Railways/MultiRegistryCallback/]: Registering callback for create:flywheel in minecraft:block_entity_type
[01Aug2026 04:31:16.993] [modloading-worker-0/INFO] [Railways/MultiRegistryCallback/]: Registering callback for railways:light_gray_locometal_flywheel in minecraft:block
[01Aug2026 04:31:16.993] [modloading-worker-0/INFO] [Railways/MultiRegistryCallback/]: Registering callback for create:sliding_door in minecraft:block_entity_type
[01Aug2026 04:31:16.993] [modloading-worker-0/INFO] [Railways/MultiRegistryCallback/]: Registering callback for railways:light_gray_sliding_locometal_door in minecraft:block
[01Aug2026 04:31:16.993] [modloading-worker-0/INFO] [Railways/MultiRegistryCallback/]: Registering callback for create:sliding_door in minecraft:block_entity_type
[01Aug2026 04:31:16.993] [modloading-worker-0/INFO] [Railways/MultiRegistryCallback/]: Registering callback for railways:light_gray_folding_locometal_door in minecraft:block
[01Aug2026 04:31:16.993] [modloading-worker-0/INFO] [Railways/MultiRegistryCallback/]: Registering callback for create:flywheel in minecraft:block_entity_type
[01Aug2026 04:31:16.993] [modloading-worker-0/INFO] [Railways/MultiRegistryCallback/]: Registering callback for railways:tuff_locometal_flywheel in minecraft:block
[01Aug2026 04:31:16.993] [modloading-worker-0/INFO] [Railways/MultiRegistryCallback/]: Registering callback for create:sliding_door in minecraft:block_entity_type
[01Aug2026 04:31:16.993] [modloading-worker-0/INFO] [Railways/MultiRegistryCallback/]: Registering callback for railways:tuff_sliding_locometal_door in minecraft:block
[01Aug2026 04:31:16.993] [modloading-worker-0/INFO] [Railways/MultiRegistryCallback/]: Registering callback for create:sliding_door in minecraft:block_entity_type
[01Aug2026 04:31:16.993] [modloading-worker-0/INFO] [Railways/MultiRegistryCallback/]: Registering callback for railways:tuff_folding_locometal_door in minecraft:block
[01Aug2026 04:31:16.993] [modloading-worker-0/INFO] [Railways/MultiRegistryCallback/]: Registering callback for create:flywheel in minecraft:block_entity_type
[01Aug2026 04:31:16.993] [modloading-worker-0/INFO] [Railways/MultiRegistryCallback/]: Registering callback for railways:gray_locometal_flywheel in minecraft:block
[01Aug2026 04:31:16.993] [modloading-worker-0/INFO] [Railways/MultiRegistryCallback/]: Registering callback for create:sliding_door in minecraft:block_entity_type
[01Aug2026 04:31:16.993] [modloading-worker-0/INFO] [Railways/MultiRegistryCallback/]: Registering callback for railways:gray_sliding_locometal_door in minecraft:block
[01Aug2026 04:31:16.993] [modloading-worker-0/INFO] [Railways/MultiRegistryCallback/]: Registering callback for create:sliding_door in minecraft:block_entity_type
[01Aug2026 04:31:16.994] [modloading-worker-0/INFO] [Railways/MultiRegistryCallback/]: Registering callback for railways:gray_folding_locometal_door in minecraft:block
[01Aug2026 04:31:16.994] [modloading-worker-0/INFO] [Railways/MultiRegistryCallback/]: Registering callback for create:flywheel in minecraft:block_entity_type
[01Aug2026 04:31:16.994] [modloading-worker-0/INFO] [Railways/MultiRegistryCallback/]: Registering callback for railways:scorchia_locometal_flywheel in minecraft:block
[01Aug2026 04:31:16.994] [modloading-worker-0/INFO] [Railways/MultiRegistryCallback/]: Registering callback for create:sliding_door in minecraft:block_entity_type
[01Aug2026 04:31:16.994] [modloading-worker-0/INFO] [Railways/MultiRegistryCallback/]: Registering callback for railways:scorchia_sliding_locometal_door in minecraft:block
[01Aug2026 04:31:16.994] [modloading-worker-0/INFO] [Railways/MultiRegistryCallback/]: Registering callback for create:sliding_door in minecraft:block_entity_type
[01Aug2026 04:31:16.998] [modloading-worker-0/INFO] [Railways/MultiRegistryCallback/]: Registering callback for railways:scorchia_folding_locometal_door in minecraft:block
[01Aug2026 04:31:16.998] [modloading-worker-0/INFO] [Railways/MultiRegistryCallback/]: Registering callback for create:flywheel in minecraft:block_entity_type
[01Aug2026 04:31:16.998] [modloading-worker-0/INFO] [Railways/MultiRegistryCallback/]: Registering callback for railways:black_locometal_flywheel in minecraft:block
[01Aug2026 04:31:16.998] [modloading-worker-0/INFO] [Railways/MultiRegistryCallback/]: Registering callback for create:sliding_door in minecraft:block_entity_type
[01Aug2026 04:31:16.998] [modloading-worker-0/INFO] [Railways/MultiRegistryCallback/]: Registering callback for railways:black_sliding_locometal_door in minecraft:block
[01Aug2026 04:31:16.998] [modloading-worker-0/INFO] [Railways/MultiRegistryCallback/]: Registering callback for create:sliding_door in minecraft:block_entity_type
[01Aug2026 04:31:16.998] [modloading-worker-0/INFO] [Railways/MultiRegistryCallback/]: Registering callback for railways:black_folding_locometal_door in minecraft:block
[01Aug2026 04:31:17.014] [modloading-worker-0/INFO] [Railways/]: Registering tracks for Hex Casting
[01Aug2026 04:31:17.016] [modloading-worker-0/INFO] [Railways/]: Registering tracks for Oh The Biomes You'll Go
[01Aug2026 04:31:17.017] [modloading-worker-0/INFO] [Railways/]: Registering tracks for Blue Skies
[01Aug2026 04:31:17.018] [modloading-worker-0/INFO] [Railways/]: Registering tracks for Twilight Forest
[01Aug2026 04:31:17.018] [modloading-worker-0/INFO] [Railways/]: Registering tracks for Biomes O' Plenty
[01Aug2026 04:31:17.019] [modloading-worker-0/INFO] [Railways/]: Registering tracks for Nature's Spirit
[01Aug2026 04:31:17.019] [modloading-worker-0/INFO] [Railways/]: Registering tracks for Dreams and Desires
[01Aug2026 04:31:17.020] [modloading-worker-0/INFO] [Railways/]: Registering tracks for Quark
[01Aug2026 04:31:17.061] [modloading-worker-0/INFO] [Railways/]: Registering tracks for TerraFirmaCraft
[01Aug2026 04:31:17.148] [modloading-worker-0/INFO] [Rhino Script Remapper/]: Done in 0.189 s
[01Aug2026 04:31:17.157] [modloading-worker-0/INFO] [Create Deco/]: Registering items for Create Deco
[01Aug2026 04:31:17.203] [modloading-worker-0/INFO] [Create Deco/]: Registering blocks for Create Deco
[01Aug2026 04:31:17.509] [modloading-worker-0/INFO] [mixin/]: createenchantablemachinery.mixins.json:SawBlockEntityMixin from mod createenchantablemachinery->@Accessor[FIELD_GETTER]::getCuttingRecipesKey()Ljava/lang/Object; should be static as its target is
[01Aug2026 04:31:18.078] [modloading-worker-0/INFO] [dev.architectury.networking.forge.NetworkManagerImpl/]: Registering C2S receiver with id artifacts:networking_channel/42a7ad70b1cc371599a0eff744096b8a
[01Aug2026 04:31:18.078] [modloading-worker-0/INFO] [dev.architectury.networking.forge.NetworkManagerImpl/]: Registering C2S receiver with id artifacts:networking_channel/74a5e841822a3a87854ae896a33430d6
[01Aug2026 04:31:18.079] [modloading-worker-0/INFO] [dev.architectury.networking.forge.NetworkManagerImpl/]: Registering C2S receiver with id artifacts:networking_channel/eb3d1e2748533430848cadf0f37c7e9c
[01Aug2026 04:31:18.082] [modloading-worker-0/INFO] [dev.architectury.networking.forge.NetworkManagerImpl/]: Registering C2S receiver with id artifacts:networking_channel/91c8520f19f93b3e8b6a727568e194ab
[01Aug2026 04:31:18.084] [modloading-worker-0/INFO] [dev.architectury.networking.forge.NetworkManagerImpl/]: Registering C2S receiver with id artifacts:networking_channel/8c2784d778293fd482ed84b8aa5fedb9
[01Aug2026 04:31:18.085] [modloading-worker-0/INFO] [dev.architectury.networking.forge.NetworkManagerImpl/]: Registering C2S receiver with id artifacts:networking_channel/ea038224ea783d40b2863f52239e2604
[01Aug2026 04:31:18.086] [modloading-worker-0/INFO] [dev.architectury.networking.forge.NetworkManagerImpl/]: Registering C2S receiver with id artifacts:networking_channel/97ad64b7ecaf33209991c4f031501a58
[01Aug2026 04:31:18.116] [modloading-worker-0/INFO] [KubeJS Startup/]: example.js#5: Hello, World! (Loaded startup scripts)
[01Aug2026 04:31:18.141] [modloading-worker-0/INFO] [KubeJS Startup/]: Loaded script startup_scripts:example.js in 0.122 s
[01Aug2026 04:31:18.147] [modloading-worker-0/INFO] [KubeJS Startup/]: Loaded 1/1 KubeJS startup scripts in 0.993 s with 0 errors and 0 warnings
[01Aug2026 04:31:18.372] [modloading-worker-0/INFO] [dev.architectury.networking.forge.NetworkManagerImpl/]: Registering C2S receiver with id kubejs:send_data_from_client
[01Aug2026 04:31:18.381] [modloading-worker-0/INFO] [dev.architectury.networking.forge.NetworkManagerImpl/]: Registering C2S receiver with id kubejs:first_click
[01Aug2026 04:31:18.387] [modloading-worker-0/INFO] [Particular Reforged/]: I am quite particular about the effects I choose to add :3
[01Aug2026 04:31:18.562] [modloading-worker-0/INFO] [azurelib/FileWatching]: Registered azurelib config for auto-sync function
[01Aug2026 04:31:18.572] [modloading-worker-0/INFO] [letsdocompat/]: You shall not Json my recipes !
[01Aug2026 04:31:18.591] [modloading-worker-0/INFO] [com.reggarf.mods.create_better_villagers.CreateBetterVillagersMod/]: Hello Forge world!
[01Aug2026 04:31:18.594] [modloading-worker-0/INFO] [libIPN/]: [libIPN] libIPN - init in Kotlin
[01Aug2026 04:31:18.902] [modloading-worker-0/INFO] [quark/]: Initializing TerraBlender underground biome compat
[01Aug2026 04:31:18.904] [modloading-worker-0/INFO] [STDOUT/]: [net.bananemdnsa.historystages.data.StageManager:validateAndAddIndividual:1324]: [HistoryStages] Individual Stage geladen: gatling
[01Aug2026 04:31:18.905] [modloading-worker-0/INFO] [STDOUT/]: [net.bananemdnsa.historystages.data.StageManager:validateAndAddIndividual:1324]: [HistoryStages] Individual Stage geladen: blazegun
[01Aug2026 04:31:18.905] [modloading-worker-0/INFO] [STDOUT/]: [net.bananemdnsa.historystages.data.StageManager:validateAndAddIndividual:1324]: [HistoryStages] Individual Stage geladen: nailgun
[01Aug2026 04:31:18.907] [modloading-worker-0/INFO] [STDOUT/]: [net.bananemdnsa.historystages.data.StageManager:validateAndAddIndividual:1324]: [HistoryStages] Individual Stage geladen: flintlock
[01Aug2026 04:31:18.908] [modloading-worker-0/INFO] [STDOUT/]: [net.bananemdnsa.historystages.data.StageManager:validateAndAddIndividual:1324]: [HistoryStages] Individual Stage geladen: revorvel
[01Aug2026 04:31:18.909] [modloading-worker-0/INFO] [STDOUT/]: [net.bananemdnsa.historystages.data.StageManager:validateAndAddIndividual:1324]: [HistoryStages] Individual Stage geladen: launcher
[01Aug2026 04:31:18.910] [modloading-worker-0/INFO] [STDOUT/]: [net.bananemdnsa.historystages.data.StageManager:validateAndAddIndividual:1324]: [HistoryStages] Individual Stage geladen: shotgun
[01Aug2026 04:31:18.915] [modloading-worker-0/INFO] [STDOUT/]: [net.bananemdnsa.historystages.data.StageManager:loadIndividual:1192]: [HistoryStages] Individual Stages geladen: 7
[01Aug2026 04:31:18.917] [modloading-worker-0/INFO] [net.bananemdnsa.historystages.HistoryStages/]: [HistoryStages] Curios integration loaded.
[01Aug2026 04:31:19.149] [modloading-worker-0/INFO] [dev.architectury.networking.forge.NetworkManagerImpl/]: Registering C2S receiver with id solclassic:networking_channel/b9a189104a0a35018eb9c3e92a4de6af
[01Aug2026 04:31:19.416] [modloading-worker-0/INFO] [quark-zeta/]: Discovered 164 modules to load.
[01Aug2026 04:31:19.418] [modloading-worker-0/INFO] [quark-zeta/]: Constructing module Abacus...
[01Aug2026 04:31:19.436] [modloading-worker-0/INFO] [quark-zeta/]: Constructing module Adjustable Chat...
[01Aug2026 04:31:19.436] [modloading-worker-0/INFO] [quark-zeta/]: Constructing module Ambient Discs...
[01Aug2026 04:31:19.437] [modloading-worker-0/INFO] [quark-zeta/]: Constructing module Ancient Tomes...
[01Aug2026 04:31:19.472] [modloading-worker-0/INFO] [quark-zeta/]: Constructing module Ancient Wood...
[01Aug2026 04:31:19.496] [modloading-worker-0/INFO] [quark-zeta/]: Constructing module Armed Armor Stands...
[01Aug2026 04:31:19.499] [modloading-worker-0/INFO] [quark-zeta/]: Constructing module Auto Walk Keybind...
[01Aug2026 04:31:19.501] [modloading-worker-0/INFO] [quark-zeta/]: Constructing module Automatic Recipe Unlock...
[01Aug2026 04:31:19.501] [modloading-worker-0/INFO] [quark-zeta/]: Constructing module Automatic Tool Restock...
[01Aug2026 04:31:19.510] [modloading-worker-0/INFO] [quark-zeta/]: Constructing module Azalea Wood...
[01Aug2026 04:31:19.510] [modloading-worker-0/INFO] [quark-zeta/]: Constructing module Back Button Keybind...
[01Aug2026 04:31:19.511] [modloading-worker-0/INFO] [quark-zeta/]: Constructing module Backpack...
[01Aug2026 04:31:19.527] [modloading-worker-0/INFO] [quark-zeta/]: Constructing module Beacon Redirection...
[01Aug2026 04:31:19.528] [modloading-worker-0/INFO] [quark-zeta/]: Constructing module Better Elytra Rocket...
[01Aug2026 04:31:19.529] [modloading-worker-0/INFO] [quark-zeta/]: Constructing module Big Stone Clusters...
[01Aug2026 04:31:19.573] [modloading-worker-0/INFO] [quark-zeta/]: Constructing module Blossom Trees...
[01Aug2026 04:31:19.587] [modloading-worker-0/INFO] [quark-zeta/]: Constructing module Bottled Cloud...
[01Aug2026 04:31:19.598] [modloading-worker-0/INFO] [quark-zeta/]: Constructing module Buckets Show Inhabitants...
[01Aug2026 04:31:19.598] [modloading-worker-0/INFO] [quark-zeta/]: Constructing module Camera...
[01Aug2026 04:31:19.600] [modloading-worker-0/INFO] [quark-zeta/]: Constructing module Campfires Boost Elytra...
[01Aug2026 04:31:19.604] [modloading-worker-0/INFO] [quark-zeta/]: Constructing module Celebratory Lamps...
[01Aug2026 04:31:19.606] [modloading-worker-0/INFO] [quark-zeta/]: Constructing module Chains Connect Blocks...
[01Aug2026 04:31:19.607] [modloading-worker-0/INFO] [quark-zeta/]: Constructing module Chest Searching...
[01Aug2026 04:31:19.609] [modloading-worker-0/INFO] [quark-zeta/]: Constructing module Chorus Vegetation...
[01Aug2026 04:31:19.622] [modloading-worker-0/INFO] [quark-zeta/]: Constructing module Chute...
[01Aug2026 04:31:19.629] [modloading-worker-0/INFO] [quark-zeta/]: Constructing module Climate Control Remover...
[01Aug2026 04:31:19.630] [modloading-worker-0/INFO] [quark-zeta/]: Constructing module Color Runes...
[01Aug2026 04:31:19.636] [modloading-worker-0/INFO] [quark-zeta/]: Constructing module Compasses Work Everywhere...
[01Aug2026 04:31:19.641] [modloading-worker-0/INFO] [quark-zeta/]: Constructing module Compressed Blocks...
[01Aug2026 04:31:19.642] [modloading-worker-0/INFO] [quark-zeta/]: Constructing module Coral On Cactus...
[01Aug2026 04:31:19.642] [modloading-worker-0/INFO] [quark-zeta/]: Constructing module Corundum...
[01Aug2026 04:31:19.683] [modloading-worker-0/INFO] [quark-zeta/]: Constructing module Crabs...
[01Aug2026 04:31:19.686] [modloading-worker-0/INFO] [quark-zeta/]: Constructing module Crafter...
[01Aug2026 04:31:19.691] [modloading-worker-0/INFO] [quark-zeta/]: Constructing module Crate...
[01Aug2026 04:31:19.698] [modloading-worker-0/INFO] [quark-zeta/]: Constructing module Diamond Repair...
[01Aug2026 04:31:19.699] [modloading-worker-0/INFO] [quark-zeta/]: Constructing module Dispensers Place Blocks...
[01Aug2026 04:31:19.700] [modloading-worker-0/INFO] [quark-zeta/]: Constructing module Double Door Opening...
[01Aug2026 04:31:19.701] [modloading-worker-0/INFO] [quark-zeta/]: Constructing module Dragon Scales...
[01Aug2026 04:31:19.702] [modloading-worker-0/INFO] [quark-zeta/]: Constructing module Duskbound Blocks...
[01Aug2026 04:31:19.703] [modloading-worker-0/INFO] [quark-zeta/]: Constructing module Dyeable Item Frames...
[01Aug2026 04:31:19.715] [modloading-worker-0/INFO] [quark-zeta/]: Constructing module Easy Transfering...
[01Aug2026 04:31:19.715] [modloading-worker-0/INFO] [quark-zeta/]: Constructing module Elytra Indicator...
[01Aug2026 04:31:19.715] [modloading-worker-0/INFO] [quark-zeta/]: Constructing module Emotes...
[01Aug2026 04:31:19.715] [modloading-worker-0/INFO] [quark-zeta/]: Constructing module Enchantment Predicates...
[01Aug2026 04:31:19.716] [modloading-worker-0/INFO] [quark-zeta/]: Constructing module Enchantments Begone...
[01Aug2026 04:31:19.723] [modloading-worker-0/INFO] [quark-zeta/]: Constructing module Ender Watcher...
[01Aug2026 04:31:19.725] [modloading-worker-0/INFO] [quark-zeta/]: Constructing module Endermosh Music Disc...
[01Aug2026 04:31:19.733] [modloading-worker-0/INFO] [quark-zeta/]: Constructing module Enhanced Ladders...
[01Aug2026 04:31:19.738] [modloading-worker-0/INFO] [quark-zeta/]: Constructing module Expanded Item Interactions...
[01Aug2026 04:31:19.739] [modloading-worker-0/INFO] [quark-zeta/]: Constructing module Fairy Rings...
[01Aug2026 04:31:19.742] [modloading-worker-0/INFO] [quark-zeta/]: Constructing module Fallen Logs...
[01Aug2026 04:31:19.746] [modloading-worker-0/INFO] [quark-zeta/]: Constructing module Feeding Trough...
[01Aug2026 04:31:19.754] [modloading-worker-0/INFO] [quark-zeta/]: Constructing module Forgotten...
[01Aug2026 04:31:19.778] [modloading-worker-0/INFO] [quark-zeta/]: Constructing module Foxhound...
[01Aug2026 04:31:19.781] [modloading-worker-0/INFO] [quark-zeta/]: Constructing module Framed Glass...
[01Aug2026 04:31:19.785] [modloading-worker-0/INFO] [quark-zeta/]: Constructing module Game Nerfs...
[01Aug2026 04:31:19.786] [modloading-worker-0/INFO] [quark-zeta/]: Constructing module Glass Item Frame...
[01Aug2026 04:31:19.806] [modloading-worker-0/INFO] [quark-zeta/]: Constructing module Glass Shard...
[01Aug2026 04:31:19.807] [modloading-worker-0/INFO] [quark-zeta/]: Constructing module Glimmering Weald...
[01Aug2026 04:31:19.843] [modloading-worker-0/INFO] [quark-zeta/]: Constructing module Gold Bars...
[01Aug2026 04:31:19.844] [modloading-worker-0/INFO] [quark-zeta/]: Constructing module Gold Tools Have Fortune...
[01Aug2026 04:31:19.844] [modloading-worker-0/INFO] [quark-zeta/]: Constructing module Grab Chickens...
[01Aug2026 04:31:19.845] [modloading-worker-0/INFO] [quark-zeta/]: Constructing module Grate...
[01Aug2026 04:31:19.851] [modloading-worker-0/INFO] [quark-zeta/]: Constructing module Gravisand...
[01Aug2026 04:31:19.852] [modloading-worker-0/INFO] [quark-zeta/]: Constructing module Greener Grass...
[01Aug2026 04:31:19.869] [modloading-worker-0/INFO] [quark-zeta/]: Constructing module Hedges...
[01Aug2026 04:31:19.876] [modloading-worker-0/INFO] [quark-zeta/]: Constructing module Hoe Harvesting...
[01Aug2026 04:31:19.876] [modloading-worker-0/INFO] [quark-zeta/]: Constructing module Hollow Logs...
[01Aug2026 04:31:19.877] [modloading-worker-0/INFO] [quark-zeta/]: Constructing module Horses Swim...
[01Aug2026 04:31:19.877] [modloading-worker-0/INFO] [quark-zeta/]: Constructing module Hotbar Changer...
[01Aug2026 04:31:19.877] [modloading-worker-0/INFO] [quark-zeta/]: Constructing module Improved Sponges...
[01Aug2026 04:31:19.878] [modloading-worker-0/INFO] [quark-zeta/]: Constructing module Improved Tooltips...
[01Aug2026 04:31:19.885] [modloading-worker-0/INFO] [quark-zeta/]: Constructing module Industrial Palette...
[01Aug2026 04:31:19.886] [modloading-worker-0/INFO] [quark-zeta/]: Constructing module Inventory Sorting...
[01Aug2026 04:31:19.886] [modloading-worker-0/INFO] [quark-zeta/]: Constructing module Iron Rod...
[01Aug2026 04:31:19.900] [modloading-worker-0/INFO] [quark-zeta/]: Constructing module Item Sharing...
[01Aug2026 04:31:19.902] [modloading-worker-0/INFO] [quark-zeta/]: Constructing module Japanese Palette...
[01Aug2026 04:31:19.904] [modloading-worker-0/INFO] [quark-zeta/]: Constructing module Leaf Carpet...
[01Aug2026 04:31:19.904] [modloading-worker-0/INFO] [quark-zeta/]: Constructing module Lock Rotation...
[01Aug2026 04:31:19.905] [modloading-worker-0/INFO] [quark-zeta/]: Constructing module Long Range Pick Block...
[01Aug2026 04:31:19.906] [modloading-worker-0/INFO] [quark-zeta/]: Constructing module Magma Keeps Concrete Powder...
[01Aug2026 04:31:19.906] [modloading-worker-0/INFO] [quark-zeta/]: Constructing module Magnets...
[01Aug2026 04:31:19.915] [modloading-worker-0/INFO] [STDOUT/]: [com.temporal.api.core.engine.TemporalEngine$Configurator:build:64]:    _________ _________ ___     ___ _________
   ---- ---- |   ----| |  \   / | |  ___  |
      | |    |  |      | | \ /| | |  | |  |
      | |    |   --|   | |    | | |  ---  |
      | |    |   --|   | |    | | |  -----|
      | |    |  |      | |    | | | |
      | |    |  -----| | |    | | | |
      |-|    --------| |-|    |-| |-|

[01Aug2026 04:31:19.919] [modloading-worker-0/INFO] [quark-zeta/]: Constructing module Map Washing...
[01Aug2026 04:31:19.923] [modloading-worker-0/INFO] [quark-zeta/]: Constructing module Matrix Enchanting...
[01Aug2026 04:31:19.944] [modloading-worker-0/INFO] [quark-zeta/]: Constructing module Metal Buttons...
[01Aug2026 04:31:19.945] [modloading-worker-0/INFO] [quark-zeta/]: Constructing module Microcrafting Helper...
[01Aug2026 04:31:19.945] [modloading-worker-0/INFO] [quark-zeta/]: Constructing module Midori...
[01Aug2026 04:31:19.945] [modloading-worker-0/INFO] [quark-zeta/]: Constructing module Monster Box...
[01Aug2026 04:31:19.946] [modloading-worker-0/INFO] [quark-zeta/]: Constructing module More Banner Layers...
[01Aug2026 04:31:19.946] [modloading-worker-0/INFO] [quark-zeta/]: Constructing module More Brick Types...
[01Aug2026 04:31:19.946] [modloading-worker-0/INFO] [quark-zeta/]: Constructing module More Mud Blocks...
[01Aug2026 04:31:19.947] [modloading-worker-0/INFO] [quark-zeta/]: Constructing module More Note Block Sounds...
[01Aug2026 04:31:19.953] [modloading-worker-0/INFO] [quark-zeta/]: Constructing module More Potted Plants...
[01Aug2026 04:31:19.953] [modloading-worker-0/INFO] [quark-zeta/]: Constructing module More Villagers...
[01Aug2026 04:31:19.953] [modloading-worker-0/INFO] [quark-zeta/]: Constructing module Narrator Readout...
[01Aug2026 04:31:19.954] [modloading-worker-0/INFO] [quark-zeta/]: Constructing module Nether Brick Fence Gate...
[01Aug2026 04:31:19.954] [modloading-worker-0/INFO] [quark-zeta/]: Constructing module Nether Obsidian Spikes...
[01Aug2026 04:31:19.963] [modloading-worker-0/INFO] [quark-zeta/]: Constructing module New Stone Types...
[01Aug2026 04:31:19.975] [modloading-worker-0/INFO] [quark-zeta/]: Constructing module No Durability On Cosmetics...
[01Aug2026 04:31:19.976] [modloading-worker-0/INFO] [quark-zeta/]: Constructing module No More Lava Pockets...
[01Aug2026 04:31:19.977] [modloading-worker-0/INFO] [quark-zeta/]: Constructing module Obsidian Plate...
[01Aug2026 04:31:19.977] [modloading-worker-0/INFO] [quark-zeta/]: Constructing module Overlay Shader...
[01Aug2026 04:31:19.977] [modloading-worker-0/INFO] [quark-zeta/]: Constructing module Parrot Eggs...
[01Aug2026 04:31:19.978] [modloading-worker-0/INFO] [quark-zeta/]: Constructing module Pat The Dogs...
[01Aug2026 04:31:19.980] [modloading-worker-0/INFO] [com.temporal.api.ApiMod/]: Scanned: strategy - InjectedStrategy, class - ExtraCompatBlocks
[01Aug2026 04:31:19.980] [modloading-worker-0/INFO] [com.temporal.api.ApiMod/]: Scanned: strategy - RegistryClassStrategy, class - ExtraCompatBlocks
[01Aug2026 04:31:19.981] [modloading-worker-0/INFO] [com.temporal.api.ApiMod/]: Scanned: strategy - InjectedStrategy, class - CompatCore
[01Aug2026 04:31:19.981] [modloading-worker-0/INFO] [com.temporal.api.ApiMod/]: Scanned: strategy - RegistryClassStrategy, class - CompatCore
[01Aug2026 04:31:19.981] [modloading-worker-0/INFO] [com.temporal.api.ApiMod/]: Scanned: strategy - InjectedStrategy, class - ExtraCompatItems
[01Aug2026 04:31:19.981] [modloading-worker-0/INFO] [com.temporal.api.ApiMod/]: Scanned: strategy - RegistryClassStrategy, class - ExtraCompatItems
[01Aug2026 04:31:19.985] [modloading-worker-0/INFO] [quark-zeta/]: Constructing module Pathfinder Maps...
[01Aug2026 04:31:19.990] [modloading-worker-0/INFO] [quark-zeta/]: Constructing module Permafrost...
[01Aug2026 04:31:19.997] [modloading-worker-0/INFO] [com.temporal.api.ApiMod/]: Scanned: strategy - InjectionStrategy, class - ExtraCompatBlocks
[01Aug2026 04:31:19.998] [modloading-worker-0/INFO] [com.temporal.api.ApiMod/]: Scanned: strategy - DependencyStrategy, class - ExtraCompatBlocks
[01Aug2026 04:31:19.998] [modloading-worker-0/INFO] [com.temporal.api.ApiMod/]: Scanned: strategy - RegistryFieldStrategy, class - ExtraCompatBlocks
[01Aug2026 04:31:19.999] [modloading-worker-0/INFO] [com.temporal.api.ApiMod/]: Scanned: strategy - InjectionStrategy, class - CompatCore
[01Aug2026 04:31:19.999] [modloading-worker-0/INFO] [com.temporal.api.ApiMod/]: Scanned: strategy - InjectionStrategy, class - CompatCore
[01Aug2026 04:31:19.999] [modloading-worker-0/INFO] [com.temporal.api.ApiMod/]: Scanned: strategy - InjectionStrategy, class - CompatCore
[01Aug2026 04:31:19.999] [modloading-worker-0/INFO] [com.temporal.api.ApiMod/]: Scanned: strategy - InjectionStrategy, class - CompatCore
[01Aug2026 04:31:19.999] [modloading-worker-0/INFO] [com.temporal.api.ApiMod/]: Scanned: strategy - InjectionStrategy, class - CompatCore
[01Aug2026 04:31:19.999] [modloading-worker-0/INFO] [com.temporal.api.ApiMod/]: Scanned: strategy - InjectionStrategy, class - CompatCore
[01Aug2026 04:31:19.999] [modloading-worker-0/INFO] [com.temporal.api.ApiMod/]: Scanned: strategy - InjectionStrategy, class - CompatCore
[01Aug2026 04:31:19.999] [modloading-worker-0/INFO] [com.temporal.api.ApiMod/]: Scanned: strategy - InjectionStrategy, class - CompatCore
[01Aug2026 04:31:19.999] [modloading-worker-0/INFO] [com.temporal.api.ApiMod/]: Scanned: strategy - InjectionStrategy, class - CompatCore
[01Aug2026 04:31:19.999] [modloading-worker-0/INFO] [com.temporal.api.ApiMod/]: Scanned: strategy - InjectionStrategy, class - CompatCore
[01Aug2026 04:31:19.999] [modloading-worker-0/INFO] [com.temporal.api.ApiMod/]: Scanned: strategy - InjectionStrategy, class - CompatCore
[01Aug2026 04:31:19.999] [modloading-worker-0/INFO] [com.temporal.api.ApiMod/]: Scanned: strategy - InjectionStrategy, class - CompatCore
[01Aug2026 04:31:19.999] [modloading-worker-0/INFO] [com.temporal.api.ApiMod/]: Scanned: strategy - InjectionStrategy, class - CompatCore
[01Aug2026 04:31:19.999] [modloading-worker-0/INFO] [com.temporal.api.ApiMod/]: Scanned: strategy - InjectionStrategy, class - CompatCore
[01Aug2026 04:31:19.999] [modloading-worker-0/INFO] [com.temporal.api.ApiMod/]: Scanned: strategy - InjectionStrategy, class - CompatCore
[01Aug2026 04:31:20.000] [modloading-worker-0/INFO] [com.temporal.api.ApiMod/]: Scanned: strategy - InjectionStrategy, class - CompatCore
[01Aug2026 04:31:20.000] [modloading-worker-0/INFO] [com.temporal.api.ApiMod/]: Scanned: strategy - InjectionStrategy, class - CompatCore
[01Aug2026 04:31:20.000] [modloading-worker-0/INFO] [com.temporal.api.ApiMod/]: Scanned: strategy - InjectionStrategy, class - CompatCore
[01Aug2026 04:31:20.000] [modloading-worker-0/INFO] [quark-zeta/]: Constructing module Petals On Water...
[01Aug2026 04:31:20.006] [modloading-worker-0/INFO] [quark-zeta/]: Constructing module Pickarang...
[01Aug2026 04:31:20.009] [modloading-worker-0/INFO] [com.temporal.api.ApiMod/]: Scanned: strategy - DependencyStrategy, class - CompatCore
[01Aug2026 04:31:20.012] [modloading-worker-0/INFO] [com.temporal.api.ApiMod/]: Scanned: strategy - DependencyStrategy, class - CompatCore
[01Aug2026 04:31:20.012] [modloading-worker-0/INFO] [com.temporal.api.ApiMod/]: Scanned: strategy - DependencyStrategy, class - CompatCore
[01Aug2026 04:31:20.012] [modloading-worker-0/INFO] [com.temporal.api.ApiMod/]: Scanned: strategy - DependencyStrategy, class - CompatCore
[01Aug2026 04:31:20.012] [modloading-worker-0/INFO] [com.temporal.api.ApiMod/]: Scanned: strategy - DependencyStrategy, class - CompatCore
[01Aug2026 04:31:20.012] [modloading-worker-0/INFO] [com.temporal.api.ApiMod/]: Scanned: strategy - DependencyStrategy, class - CompatCore
[01Aug2026 04:31:20.012] [modloading-worker-0/INFO] [com.temporal.api.ApiMod/]: Scanned: strategy - DependencyStrategy, class - CompatCore
[01Aug2026 04:31:20.012] [modloading-worker-0/INFO] [com.temporal.api.ApiMod/]: Scanned: strategy - DependencyStrategy, class - CompatCore
[01Aug2026 04:31:20.012] [modloading-worker-0/INFO] [com.temporal.api.ApiMod/]: Scanned: strategy - DependencyStrategy, class - CompatCore
[01Aug2026 04:31:20.012] [modloading-worker-0/INFO] [com.temporal.api.ApiMod/]: Scanned: strategy - DependencyStrategy, class - CompatCore
[01Aug2026 04:31:20.012] [modloading-worker-0/INFO] [com.temporal.api.ApiMod/]: Scanned: strategy - DependencyStrategy, class - CompatCore
[01Aug2026 04:31:20.012] [modloading-worker-0/INFO] [com.temporal.api.ApiMod/]: Scanned: strategy - DependencyStrategy, class - CompatCore
[01Aug2026 04:31:20.012] [modloading-worker-0/INFO] [com.temporal.api.ApiMod/]: Scanned: strategy - DependencyStrategy, class - CompatCore
[01Aug2026 04:31:20.013] [modloading-worker-0/INFO] [com.temporal.api.ApiMod/]: Scanned: strategy - DependencyStrategy, class - CompatCore
[01Aug2026 04:31:20.013] [modloading-worker-0/INFO] [com.temporal.api.ApiMod/]: Scanned: strategy - DependencyStrategy, class - CompatCore
[01Aug2026 04:31:20.013] [modloading-worker-0/INFO] [com.temporal.api.ApiMod/]: Scanned: strategy - DependencyStrategy, class - CompatCore
[01Aug2026 04:31:20.013] [modloading-worker-0/INFO] [com.temporal.api.ApiMod/]: Scanned: strategy - DependencyStrategy, class - CompatCore
[01Aug2026 04:31:20.013] [modloading-worker-0/INFO] [com.temporal.api.ApiMod/]: Scanned: strategy - DependencyStrategy, class - CompatCore
[01Aug2026 04:31:20.013] [modloading-worker-0/INFO] [com.temporal.api.ApiMod/]: Scanned: strategy - RegistryFieldStrategy, class - CompatCore
[01Aug2026 04:31:20.013] [modloading-worker-0/INFO] [com.temporal.api.ApiMod/]: Scanned: strategy - RegistryFieldStrategy, class - CompatCore
[01Aug2026 04:31:20.013] [modloading-worker-0/INFO] [com.temporal.api.ApiMod/]: Scanned: strategy - RegistryFieldStrategy, class - CompatCore
[01Aug2026 04:31:20.013] [modloading-worker-0/INFO] [com.temporal.api.ApiMod/]: Scanned: strategy - RegistryFieldStrategy, class - CompatCore
[01Aug2026 04:31:20.013] [modloading-worker-0/INFO] [com.temporal.api.ApiMod/]: Scanned: strategy - RegistryFieldStrategy, class - CompatCore
[01Aug2026 04:31:20.013] [modloading-worker-0/INFO] [com.temporal.api.ApiMod/]: Scanned: strategy - RegistryFieldStrategy, class - CompatCore
[01Aug2026 04:31:20.013] [modloading-worker-0/INFO] [com.temporal.api.ApiMod/]: Scanned: strategy - RegistryFieldStrategy, class - CompatCore
[01Aug2026 04:31:20.013] [modloading-worker-0/INFO] [com.temporal.api.ApiMod/]: Scanned: strategy - RegistryFieldStrategy, class - CompatCore
[01Aug2026 04:31:20.013] [modloading-worker-0/INFO] [com.temporal.api.ApiMod/]: Scanned: strategy - RegistryFieldStrategy, class - CompatCore
[01Aug2026 04:31:20.013] [modloading-worker-0/INFO] [com.temporal.api.ApiMod/]: Scanned: strategy - RegistryFieldStrategy, class - CompatCore
[01Aug2026 04:31:20.013] [modloading-worker-0/INFO] [com.temporal.api.ApiMod/]: Scanned: strategy - RegistryFieldStrategy, class - CompatCore
[01Aug2026 04:31:20.013] [modloading-worker-0/INFO] [com.temporal.api.ApiMod/]: Scanned: strategy - RegistryFieldStrategy, class - CompatCore
[01Aug2026 04:31:20.013] [modloading-worker-0/INFO] [com.temporal.api.ApiMod/]: Scanned: strategy - RegistryFieldStrategy, class - CompatCore
[01Aug2026 04:31:20.013] [modloading-worker-0/INFO] [com.temporal.api.ApiMod/]: Scanned: strategy - RegistryFieldStrategy, class - CompatCore
[01Aug2026 04:31:20.014] [modloading-worker-0/INFO] [com.temporal.api.ApiMod/]: Scanned: strategy - RegistryFieldStrategy, class - CompatCore
[01Aug2026 04:31:20.014] [modloading-worker-0/INFO] [com.temporal.api.ApiMod/]: Scanned: strategy - RegistryFieldStrategy, class - CompatCore
[01Aug2026 04:31:20.014] [modloading-worker-0/INFO] [com.temporal.api.ApiMod/]: Scanned: strategy - RegistryFieldStrategy, class - CompatCore
[01Aug2026 04:31:20.014] [modloading-worker-0/INFO] [com.temporal.api.ApiMod/]: Scanned: strategy - RegistryFieldStrategy, class - CompatCore
[01Aug2026 04:31:20.014] [modloading-worker-0/INFO] [com.temporal.api.ApiMod/]: Scanned: strategy - InjectionStrategy, class - ExtraCompatItems
[01Aug2026 04:31:20.014] [modloading-worker-0/INFO] [com.temporal.api.ApiMod/]: Scanned: strategy - DependencyStrategy, class - ExtraCompatItems
[01Aug2026 04:31:20.014] [modloading-worker-0/INFO] [com.temporal.api.ApiMod/]: Scanned: strategy - RegistryFieldStrategy, class - ExtraCompatItems
[01Aug2026 04:31:20.018] [modloading-worker-0/INFO] [quark-zeta/]: Constructing module Pig Litters...
[01Aug2026 04:31:20.021] [modloading-worker-0/INFO] [com.temporal.api.ApiMod/]: Scanned: strategy - ExecutionStrategy, class - CompatCore
[01Aug2026 04:31:20.021] [modloading-worker-0/INFO] [com.temporal.api.ApiMod/]: Scanned: strategy - ExecutionStrategy, class - CompatCore
[01Aug2026 04:31:20.021] [modloading-worker-0/INFO] [com.temporal.api.ApiMod/]: Scanned: strategy - ExecutionStrategy, class - CompatCore
[01Aug2026 04:31:20.022] [modloading-worker-0/INFO] [quark-zeta/]: Constructing module Pipes...
[01Aug2026 04:31:20.027] [modloading-worker-0/INFO] [com.temporal.api.ApiMod/]: Scanned: strategy - ExecutionStrategy, class - CompatCore
[01Aug2026 04:31:20.029] [modloading-worker-0/INFO] [quark-zeta/]: Constructing module Pistons Move Tile Entities...
[01Aug2026 04:31:20.031] [modloading-worker-0/INFO] [quark-zeta/]: Constructing module Poison Potato Usage...
[01Aug2026 04:31:20.031] [modloading-worker-0/INFO] [quark-zeta/]: Constructing module Quick Armor Swapping...
[01Aug2026 04:31:20.031] [modloading-worker-0/INFO] [quark-zeta/]: Constructing module Rainbow Lamps...
[01Aug2026 04:31:20.032] [modloading-worker-0/INFO] [quark-zeta/]: Constructing module Raw Metal Bricks...
[01Aug2026 04:31:20.032] [modloading-worker-0/INFO] [quark-zeta/]: Constructing module Reacharound Placing...
[01Aug2026 04:31:20.033] [modloading-worker-0/INFO] [quark-zeta/]: Constructing module Redstone Randomizer...
[01Aug2026 04:31:20.035] [modloading-worker-0/INFO] [com.temporal.api.ApiMod/]: Scanned: strategy - BlockModelStrategy, class - ExtraCompatBlocks
[01Aug2026 04:31:20.035] [modloading-worker-0/INFO] [com.temporal.api.ApiMod/]: Scanned: strategy - ItemModelStrategy, class - ExtraCompatBlocks
[01Aug2026 04:31:20.036] [modloading-worker-0/INFO] [com.temporal.api.ApiMod/]: Scanned: strategy - BlockLootTableStrategy, class - ExtraCompatBlocks
[01Aug2026 04:31:20.036] [modloading-worker-0/INFO] [com.temporal.api.ApiMod/]: Scanned: strategy - RecipeStrategy, class - ExtraCompatBlocks
[01Aug2026 04:31:20.039] [modloading-worker-0/INFO] [com.temporal.api.ApiMod/]: Scanned: strategy - BlockModelStrategy, class - CompatCore
[01Aug2026 04:31:20.039] [modloading-worker-0/INFO] [com.temporal.api.ApiMod/]: Scanned: strategy - BlockModelStrategy, class - CompatCore
[01Aug2026 04:31:20.039] [modloading-worker-0/INFO] [com.temporal.api.ApiMod/]: Scanned: strategy - BlockModelStrategy, class - CompatCore
[01Aug2026 04:31:20.039] [modloading-worker-0/INFO] [com.temporal.api.ApiMod/]: Scanned: strategy - BlockModelStrategy, class - CompatCore
[01Aug2026 04:31:20.039] [modloading-worker-0/INFO] [com.temporal.api.ApiMod/]: Scanned: strategy - BlockModelStrategy, class - CompatCore
[01Aug2026 04:31:20.039] [modloading-worker-0/INFO] [com.temporal.api.ApiMod/]: Scanned: strategy - BlockModelStrategy, class - CompatCore
[01Aug2026 04:31:20.039] [modloading-worker-0/INFO] [com.temporal.api.ApiMod/]: Scanned: strategy - BlockModelStrategy, class - CompatCore
[01Aug2026 04:31:20.040] [modloading-worker-0/INFO] [com.temporal.api.ApiMod/]: Scanned: strategy - BlockModelStrategy, class - CompatCore
[01Aug2026 04:31:20.040] [modloading-worker-0/INFO] [com.temporal.api.ApiMod/]: Scanned: strategy - BlockModelStrategy, class - CompatCore
[01Aug2026 04:31:20.040] [modloading-worker-0/INFO] [com.temporal.api.ApiMod/]: Scanned: strategy - BlockModelStrategy, class - CompatCore
[01Aug2026 04:31:20.040] [modloading-worker-0/INFO] [com.temporal.api.ApiMod/]: Scanned: strategy - BlockModelStrategy, class - CompatCore
[01Aug2026 04:31:20.040] [modloading-worker-0/INFO] [com.temporal.api.ApiMod/]: Scanned: strategy - BlockModelStrategy, class - CompatCore
[01Aug2026 04:31:20.040] [modloading-worker-0/INFO] [com.temporal.api.ApiMod/]: Scanned: strategy - BlockModelStrategy, class - CompatCore
[01Aug2026 04:31:20.040] [modloading-worker-0/INFO] [com.temporal.api.ApiMod/]: Scanned: strategy - BlockModelStrategy, class - CompatCore
[01Aug2026 04:31:20.040] [modloading-worker-0/INFO] [com.temporal.api.ApiMod/]: Scanned: strategy - BlockModelStrategy, class - CompatCore
[01Aug2026 04:31:20.040] [modloading-worker-0/INFO] [com.temporal.api.ApiMod/]: Scanned: strategy - BlockModelStrategy, class - CompatCore
[01Aug2026 04:31:20.040] [modloading-worker-0/INFO] [com.temporal.api.ApiMod/]: Scanned: strategy - BlockModelStrategy, class - CompatCore
[01Aug2026 04:31:20.040] [modloading-worker-0/INFO] [com.temporal.api.ApiMod/]: Scanned: strategy - BlockModelStrategy, class - CompatCore
[01Aug2026 04:31:20.040] [modloading-worker-0/INFO] [com.temporal.api.ApiMod/]: Scanned: strategy - ItemModelStrategy, class - CompatCore
[01Aug2026 04:31:20.040] [modloading-worker-0/INFO] [com.temporal.api.ApiMod/]: Scanned: strategy - ItemModelStrategy, class - CompatCore
[01Aug2026 04:31:20.040] [modloading-worker-0/INFO] [com.temporal.api.ApiMod/]: Scanned: strategy - ItemModelStrategy, class - CompatCore
[01Aug2026 04:31:20.040] [modloading-worker-0/INFO] [com.temporal.api.ApiMod/]: Scanned: strategy - ItemModelStrategy, class - CompatCore
[01Aug2026 04:31:20.040] [modloading-worker-0/INFO] [com.temporal.api.ApiMod/]: Scanned: strategy - ItemModelStrategy, class - CompatCore
[01Aug2026 04:31:20.040] [modloading-worker-0/INFO] [com.temporal.api.ApiMod/]: Scanned: strategy - ItemModelStrategy, class - CompatCore
[01Aug2026 04:31:20.040] [modloading-worker-0/INFO] [com.temporal.api.ApiMod/]: Scanned: strategy - ItemModelStrategy, class - CompatCore
[01Aug2026 04:31:20.040] [modloading-worker-0/INFO] [com.temporal.api.ApiMod/]: Scanned: strategy - ItemModelStrategy, class - CompatCore
[01Aug2026 04:31:20.040] [modloading-worker-0/INFO] [com.temporal.api.ApiMod/]: Scanned: strategy - ItemModelStrategy, class - CompatCore
[01Aug2026 04:31:20.040] [modloading-worker-0/INFO] [com.temporal.api.ApiMod/]: Scanned: strategy - ItemModelStrategy, class - CompatCore
[01Aug2026 04:31:20.040] [modloading-worker-0/INFO] [com.temporal.api.ApiMod/]: Scanned: strategy - ItemModelStrategy, class - CompatCore
[01Aug2026 04:31:20.040] [modloading-worker-0/INFO] [com.temporal.api.ApiMod/]: Scanned: strategy - ItemModelStrategy, class - CompatCore
[01Aug2026 04:31:20.040] [modloading-worker-0/INFO] [com.temporal.api.ApiMod/]: Scanned: strategy - ItemModelStrategy, class - CompatCore
[01Aug2026 04:31:20.040] [modloading-worker-0/INFO] [com.temporal.api.ApiMod/]: Scanned: strategy - ItemModelStrategy, class - CompatCore
[01Aug2026 04:31:20.040] [modloading-worker-0/INFO] [com.temporal.api.ApiMod/]: Scanned: strategy - ItemModelStrategy, class - CompatCore
[01Aug2026 04:31:20.040] [modloading-worker-0/INFO] [com.temporal.api.ApiMod/]: Scanned: strategy - ItemModelStrategy, class - CompatCore
[01Aug2026 04:31:20.040] [modloading-worker-0/INFO] [com.temporal.api.ApiMod/]: Scanned: strategy - ItemModelStrategy, class - CompatCore
[01Aug2026 04:31:20.040] [modloading-worker-0/INFO] [com.temporal.api.ApiMod/]: Scanned: strategy - ItemModelStrategy, class - CompatCore
[01Aug2026 04:31:20.041] [modloading-worker-0/INFO] [com.temporal.api.ApiMod/]: Scanned: strategy - BlockLootTableStrategy, class - CompatCore
[01Aug2026 04:31:20.041] [modloading-worker-0/INFO] [com.temporal.api.ApiMod/]: Scanned: strategy - BlockLootTableStrategy, class - CompatCore
[01Aug2026 04:31:20.041] [modloading-worker-0/INFO] [com.temporal.api.ApiMod/]: Scanned: strategy - BlockLootTableStrategy, class - CompatCore
[01Aug2026 04:31:20.041] [modloading-worker-0/INFO] [com.temporal.api.ApiMod/]: Scanned: strategy - BlockLootTableStrategy, class - CompatCore
[01Aug2026 04:31:20.041] [modloading-worker-0/INFO] [com.temporal.api.ApiMod/]: Scanned: strategy - BlockLootTableStrategy, class - CompatCore
[01Aug2026 04:31:20.041] [modloading-worker-0/INFO] [com.temporal.api.ApiMod/]: Scanned: strategy - BlockLootTableStrategy, class - CompatCore
[01Aug2026 04:31:20.041] [modloading-worker-0/INFO] [com.temporal.api.ApiMod/]: Scanned: strategy - BlockLootTableStrategy, class - CompatCore
[01Aug2026 04:31:20.041] [modloading-worker-0/INFO] [com.temporal.api.ApiMod/]: Scanned: strategy - BlockLootTableStrategy, class - CompatCore
[01Aug2026 04:31:20.041] [modloading-worker-0/INFO] [com.temporal.api.ApiMod/]: Scanned: strategy - BlockLootTableStrategy, class - CompatCore
[01Aug2026 04:31:20.041] [modloading-worker-0/INFO] [com.temporal.api.ApiMod/]: Scanned: strategy - BlockLootTableStrategy, class - CompatCore
[01Aug2026 04:31:20.041] [modloading-worker-0/INFO] [com.temporal.api.ApiMod/]: Scanned: strategy - BlockLootTableStrategy, class - CompatCore
[01Aug2026 04:31:20.041] [modloading-worker-0/INFO] [com.temporal.api.ApiMod/]: Scanned: strategy - BlockLootTableStrategy, class - CompatCore
[01Aug2026 04:31:20.041] [modloading-worker-0/INFO] [com.temporal.api.ApiMod/]: Scanned: strategy - BlockLootTableStrategy, class - CompatCore
[01Aug2026 04:31:20.041] [modloading-worker-0/INFO] [com.temporal.api.ApiMod/]: Scanned: strategy - BlockLootTableStrategy, class - CompatCore
[01Aug2026 04:31:20.047] [modloading-worker-0/INFO] [com.temporal.api.ApiMod/]: Scanned: strategy - BlockLootTableStrategy, class - CompatCore
[01Aug2026 04:31:20.047] [modloading-worker-0/INFO] [com.temporal.api.ApiMod/]: Scanned: strategy - BlockLootTableStrategy, class - CompatCore
[01Aug2026 04:31:20.047] [modloading-worker-0/INFO] [com.temporal.api.ApiMod/]: Scanned: strategy - BlockLootTableStrategy, class - CompatCore
[01Aug2026 04:31:20.047] [modloading-worker-0/INFO] [com.temporal.api.ApiMod/]: Scanned: strategy - BlockLootTableStrategy, class - CompatCore
[01Aug2026 04:31:20.047] [modloading-worker-0/INFO] [com.temporal.api.ApiMod/]: Scanned: strategy - RecipeStrategy, class - CompatCore
[01Aug2026 04:31:20.047] [modloading-worker-0/INFO] [com.temporal.api.ApiMod/]: Scanned: strategy - RecipeStrategy, class - CompatCore
[01Aug2026 04:31:20.049] [modloading-worker-0/INFO] [com.temporal.api.ApiMod/]: Scanned: strategy - RecipeStrategy, class - CompatCore
[01Aug2026 04:31:20.049] [modloading-worker-0/INFO] [com.temporal.api.ApiMod/]: Scanned: strategy - RecipeStrategy, class - CompatCore
[01Aug2026 04:31:20.049] [modloading-worker-0/INFO] [com.temporal.api.ApiMod/]: Scanned: strategy - RecipeStrategy, class - CompatCore
[01Aug2026 04:31:20.049] [modloading-worker-0/INFO] [com.temporal.api.ApiMod/]: Scanned: strategy - RecipeStrategy, class - CompatCore
[01Aug2026 04:31:20.049] [modloading-worker-0/INFO] [com.temporal.api.ApiMod/]: Scanned: strategy - RecipeStrategy, class - CompatCore
[01Aug2026 04:31:20.049] [modloading-worker-0/INFO] [com.temporal.api.ApiMod/]: Scanned: strategy - RecipeStrategy, class - CompatCore
[01Aug2026 04:31:20.050] [modloading-worker-0/INFO] [com.temporal.api.ApiMod/]: Scanned: strategy - RecipeStrategy, class - CompatCore
[01Aug2026 04:31:20.050] [modloading-worker-0/INFO] [quark-zeta/]: Constructing module Renewable Spore Blossoms...
[01Aug2026 04:31:20.050] [modloading-worker-0/INFO] [quark-zeta/]: Constructing module Replace Scaffolding...
[01Aug2026 04:31:20.050] [modloading-worker-0/INFO] [com.temporal.api.ApiMod/]: Scanned: strategy - RecipeStrategy, class - CompatCore
[01Aug2026 04:31:20.052] [modloading-worker-0/INFO] [com.temporal.api.ApiMod/]: Scanned: strategy - RecipeStrategy, class - CompatCore
[01Aug2026 04:31:20.052] [modloading-worker-0/INFO] [com.temporal.api.ApiMod/]: Scanned: strategy - RecipeStrategy, class - CompatCore
[01Aug2026 04:31:20.052] [modloading-worker-0/INFO] [com.temporal.api.ApiMod/]: Scanned: strategy - RecipeStrategy, class - CompatCore
[01Aug2026 04:31:20.053] [modloading-worker-0/INFO] [com.temporal.api.ApiMod/]: Scanned: strategy - RecipeStrategy, class - CompatCore
[01Aug2026 04:31:20.051] [modloading-worker-0/INFO] [quark-zeta/]: Constructing module Rope...
[01Aug2026 04:31:20.053] [modloading-worker-0/INFO] [com.temporal.api.ApiMod/]: Scanned: strategy - RecipeStrategy, class - CompatCore
[01Aug2026 04:31:20.055] [modloading-worker-0/INFO] [com.temporal.api.ApiMod/]: Scanned: strategy - RecipeStrategy, class - CompatCore
[01Aug2026 04:31:20.055] [modloading-worker-0/INFO] [com.temporal.api.ApiMod/]: Scanned: strategy - RecipeStrategy, class - CompatCore
[01Aug2026 04:31:20.055] [modloading-worker-0/INFO] [com.temporal.api.ApiMod/]: Scanned: strategy - RecipeStrategy, class - CompatCore
[01Aug2026 04:31:20.055] [modloading-worker-0/INFO] [com.temporal.api.ApiMod/]: Scanned: strategy - BlockModelStrategy, class - ExtraCompatItems
[01Aug2026 04:31:20.055] [modloading-worker-0/INFO] [com.temporal.api.ApiMod/]: Scanned: strategy - ItemModelStrategy, class - ExtraCompatItems
[01Aug2026 04:31:20.055] [modloading-worker-0/INFO] [com.temporal.api.ApiMod/]: Scanned: strategy - BlockLootTableStrategy, class - ExtraCompatItems
[01Aug2026 04:31:20.056] [modloading-worker-0/INFO] [com.temporal.api.ApiMod/]: Scanned: strategy - RecipeStrategy, class - ExtraCompatItems
[01Aug2026 04:31:20.056] [modloading-worker-0/INFO] [com.temporal.api.ApiMod/]: IOLayer has been loaded!
[01Aug2026 04:31:20.055] [modloading-worker-0/INFO] [quark-zeta/]: Constructing module Safer Creatures...
[01Aug2026 04:31:20.058] [modloading-worker-0/INFO] [quark-zeta/]: Constructing module Seed Pouch...
[01Aug2026 04:31:20.064] [modloading-worker-0/INFO] [com.temporal.api.ApiMod/]: Mod: ForgeMod{name=ExtraCompat, clazz=class net.cyber_rat.extra_compat.ExtraCompat, modId=extra_compat} has been registered as a TemporalEngine component!
[01Aug2026 04:31:20.064] [modloading-worker-0/INFO] [quark-zeta/]: Constructing module Shear Vines...
[01Aug2026 04:31:20.076] [modloading-worker-0/INFO] [quark-zeta/]: Constructing module Shiba...
[01Aug2026 04:31:20.076] [modloading-worker-0/INFO] [quark-zeta/]: Constructing module Shingles...
[01Aug2026 04:31:20.077] [modloading-worker-0/INFO] [quark-zeta/]: Constructing module Shulker Packing...
[01Aug2026 04:31:20.077] [modloading-worker-0/INFO] [net.zlt.create_vibrant_vaults.CreateVibrantVaults/]: Create addon mod [Create: Vibrant Vaults] is loading alongside Create [6.0.8]!
[01Aug2026 04:31:20.085] [modloading-worker-0/INFO] [quark-zeta/]: Constructing module Simple Harvest...
[01Aug2026 04:31:20.093] [modloading-worker-0/INFO] [quark-zeta/]: Constructing module Skull Pikes...
[01Aug2026 04:31:20.104] [modloading-worker-0/INFO] [quark-zeta/]: Constructing module Slabs To Blocks...
[01Aug2026 04:31:20.105] [modloading-worker-0/INFO] [quark-zeta/]: Constructing module Slime In A Bucket...
[01Aug2026 04:31:20.121] [modloading-worker-0/INFO] [quark-zeta/]: Constructing module Slimes To Magma Cubes...
[01Aug2026 04:31:20.145] [modloading-worker-0/INFO] [quark-zeta/]: Constructing module Snow Golem Player Heads...
[01Aug2026 04:31:20.146] [modloading-worker-0/INFO] [quark-zeta/]: Constructing module Soul Candles...
[01Aug2026 04:31:20.146] [modloading-worker-0/INFO] [quark-zeta/]: Constructing module Soul Sandstone...
[01Aug2026 04:31:20.146] [modloading-worker-0/INFO] [quark-zeta/]: Constructing module Spawner Replacer...
[01Aug2026 04:31:20.150] [modloading-worker-0/INFO] [quark-zeta/]: Constructing module Spiral Spires...
[01Aug2026 04:31:20.155] [modloading-worker-0/INFO] [quark-zeta/]: Constructing module Stonelings...
[01Aug2026 04:31:20.161] [modloading-worker-0/INFO] [quark-zeta/]: Constructing module Stools...
[01Aug2026 04:31:20.162] [modloading-worker-0/INFO] [quark-zeta/]: Constructing module Sturdy Stone...
[01Aug2026 04:31:20.167] [modloading-worker-0/INFO] [quark-zeta/]: Constructing module Thatch...
[01Aug2026 04:31:20.169] [modloading-worker-0/INFO] [quark-zeta/]: Constructing module Tiny Potato...
[01Aug2026 04:31:20.169] [modloading-worker-0/INFO] [quark-zeta/]: Constructing module Torch Arrow...
[01Aug2026 04:31:20.175] [modloading-worker-0/INFO] [quark-zeta/]: Constructing module Toretoise...
[01Aug2026 04:31:20.175] [modloading-worker-0/INFO] [quark-zeta/]: Constructing module Totem Of Holding...
[01Aug2026 04:31:20.185] [modloading-worker-0/INFO] [quark-zeta/]: Constructing module Trowel...
[01Aug2026 04:31:20.192] [modloading-worker-0/INFO] [quark-zeta/]: Constructing module Usage Ticker...
[01Aug2026 04:31:20.193] [modloading-worker-0/INFO] [quark-zeta/]: Constructing module Uses For Curses...
[01Aug2026 04:31:20.193] [modloading-worker-0/INFO] [quark-zeta/]: Constructing module Utility Recipes...
[01Aug2026 04:31:20.195] [modloading-worker-0/INFO] [quark-zeta/]: Constructing module Variant Animal Textures...
[01Aug2026 04:31:20.199] [modloading-worker-0/INFO] [quark-zeta/]: Constructing module Variant Bookshelves...
[01Aug2026 04:31:20.202] [modloading-worker-0/INFO] [quark-zeta/]: Constructing module Variant Chests...
[01Aug2026 04:31:20.334] [modloading-worker-0/INFO] [quark-zeta/]: Constructing module Variant Furnaces...
[01Aug2026 04:31:20.362] [modloading-worker-0/INFO] [YetAnotherConfigLib/]: Deserializing YACLConfig from '/workspaces/serv/servidor_minecraft/config/yacl.json5'
[01Aug2026 04:31:20.367] [modloading-worker-0/INFO] [quark-zeta/]: Constructing module Variant Ladders...
[01Aug2026 04:31:20.368] [modloading-worker-0/INFO] [quark-zeta/]: Constructing module Variant Selector...
[01Aug2026 04:31:20.386] [modloading-worker-0/INFO] [quark-zeta/]: Constructing module Vertical Planks...
[01Aug2026 04:31:20.387] [modloading-worker-0/INFO] [Eco Stack Manager/]: Initializing Eco Stack Manager (Forge) with /workspaces/serv/servidor_minecraft ...
[01Aug2026 04:31:20.387] [modloading-worker-0/INFO] [Eco Stack Manager/]: 🌐 Register Eco Stack Manager  Configuration ...
[01Aug2026 04:31:20.391] [modloading-worker-0/INFO] [Eco Stack Manager/]: [Config] Updated configuration path to /workspaces/serv/servidor_minecraft/config/eco_stack_manager
[01Aug2026 04:31:20.391] [modloading-worker-0/INFO] [quark-zeta/]: Constructing module Vertical Slabs...
[01Aug2026 04:31:20.405] [modloading-worker-0/INFO] [Eco Stack Manager/]: [Config] Experience Orb Configuration is up to date: {move_position_to_last_drop=false, collect_radius=4}
[01Aug2026 04:31:20.408] [modloading-worker-0/INFO] [Eco Stack Manager/]: [Config] Item Entity Configuration is up to date: {max_number_of_items_per_type=32, max_number_of_items_per_world=128, move_position_to_last_drop=false, deny_list=minecraft:diamond_block,minecraft:diamond, allow_list=, max_stack_size=64, collect_radius=1, verification_cycle=64}
[01Aug2026 04:31:20.408] [modloading-worker-0/INFO] [Eco Stack Manager/]: 🌐 Register Eco Stack Manager  Debug Manager ...
[01Aug2026 04:31:20.412] [modloading-worker-0/WARN] [Eco Stack Manager/]: [Debug Manager] Detected debug log level for Eco Stack Manager with ALL!
[01Aug2026 04:31:20.412] [modloading-worker-0/WARN] [Eco Stack Manager/]: [Debug Manager] Adjusting log level for Eco Stack Manager from ALL to INFO, for performance reasons!
[01Aug2026 04:31:20.413] [modloading-worker-0/INFO] [Eco Stack Manager/]: [Debug Manager] Add new logger config for Eco Stack Manager with level INFO ...
[01Aug2026 04:31:20.419] [modloading-worker-0/INFO] [Eco Stack Manager/]: 🌐 Register Eco Stack Manager  additional mod support ...
[01Aug2026 04:31:20.425] [modloading-worker-0/INFO] [Eco Stack Manager/]: Checking for additional mods for avoiding incompatibility ...
[01Aug2026 04:31:20.425] [modloading-worker-0/WARN] [Eco Stack Manager/]: WARNING: Create items will be automatically exclude from optimizations!
[01Aug2026 04:31:20.430] [modloading-worker-0/INFO] [quark-zeta/]: Constructing module Vexes Die With Their Masters...
[01Aug2026 04:31:20.437] [modloading-worker-0/INFO] [quark-zeta/]: Constructing module Villager Rerolling Rework...
[01Aug2026 04:31:20.452] [modloading-worker-0/INFO] [quark-zeta/]: Constructing module Villagers Follow Emeralds...
[01Aug2026 04:31:20.453] [modloading-worker-0/INFO] [quark-zeta/]: Constructing module Wooden Posts...
[01Aug2026 04:31:20.457] [modloading-worker-0/INFO] [quark-zeta/]: Constructing module Wool Shuts Up Minecarts...
[01Aug2026 04:31:20.457] [modloading-worker-0/INFO] [quark-zeta/]: Constructing module Wraith...
[01Aug2026 04:31:20.461] [modloading-worker-0/INFO] [quark-zeta/]: Constructing module Zombie Villagers On Normal...
[01Aug2026 04:31:20.462] [modloading-worker-0/INFO] [quark-zeta/]: Constructing module More Stone Variants...
[01Aug2026 04:31:20.463] [modloading-worker-0/INFO] [be.florens.expandability.ExpandAbility/]: ExpandAbility here, who dis?
[01Aug2026 04:31:20.468] [modloading-worker-0/INFO] [quark-zeta/]: Constructed 164 modules.
[01Aug2026 04:31:20.599] [modloading-worker-0/INFO] [quark-zeta/]: Doing super early config setup for quark
[01Aug2026 04:31:20.687] [main/INFO] [Cold Sweat/]: Gathering Cold Sweat registries
[01Aug2026 04:31:20.688] [main/INFO] [Cold Sweat/]: The event bus was started early to gather Cold Sweat registries; it will now be stopped again until the correct loading phase.
[01Aug2026 04:31:21.413] [main/WARN] [mixin/]: @Inject(@At("INVOKE")) Shift.BY=2 on cold_sweat.mixin.json:MixinRegistration from mod cold_sweat::handler$cce000$cold_sweat$loadRegistryContents exceeds the maximum allowed value: 0. Increase the value of maxShiftBy to suppress this warning.
[01Aug2026 04:31:21.429] [main/INFO] [net.minecraft.resources.RegistryDataLoader/]: Capturing existing worldgen registries
[01Aug2026 04:31:21.429] [main/INFO] [net.minecraft.resources.RegistryDataLoader/]: Found 0 injected RegistryDataLoader worldgen registries
[01Aug2026 04:31:22.392] [main/INFO] [snownee.kiwi.Kiwi/INIT]: Module [kiwi:data] initialized
[01Aug2026 04:31:22.394] [main/INFO] [snownee.kiwi.Kiwi/INIT]: 		recipe_serializer: 3
[01Aug2026 04:31:22.632] [main/WARN] [net.minecraftforge.registries.ForgeRegistry/REGISTRIES]: Registry minecraft:sound_event: The object net.minecraft.sounds.SoundEvent@3889a208 has been registered twice for the same name treechop:chop_wood.
[01Aug2026 04:31:24.620] [main/WARN] [net.minecraftforge.registries.ForgeRegistry/REGISTRIES]: Registry minecraft:block: The object Block{create_unbreakable:philolite_block} has been registered twice for the same name create_unbreakable:philolite_block.
[01Aug2026 04:31:24.620] [main/WARN] [net.minecraftforge.registries.ForgeRegistry/REGISTRIES]: Registry minecraft:block: The object Block{create_unbreakable:luminarchy_block} has been registered twice for the same name create_unbreakable:luminarchy_block.
[01Aug2026 04:31:26.523] [main/WARN] [net.minecraftforge.registries.ForgeRegistry/REGISTRIES]: Registry minecraft:item: The object irromolding has been registered twice for the same name create_unbreakable:irromolding.
[01Aug2026 04:31:26.524] [main/WARN] [net.minecraftforge.registries.ForgeRegistry/REGISTRIES]: Registry minecraft:item: The object philolite has been registered twice for the same name create_unbreakable:philolite.
[01Aug2026 04:31:26.524] [main/WARN] [net.minecraftforge.registries.ForgeRegistry/REGISTRIES]: Registry minecraft:item: The object luminarchy has been registered twice for the same name create_unbreakable:luminarchy.
[01Aug2026 04:31:26.524] [main/WARN] [net.minecraftforge.registries.ForgeRegistry/REGISTRIES]: Registry minecraft:item: The object philolite_block has been registered twice for the same name create_unbreakable:philolite_block.
[01Aug2026 04:31:26.524] [main/WARN] [net.minecraftforge.registries.ForgeRegistry/REGISTRIES]: Registry minecraft:item: The object luminarchy_block has been registered twice for the same name create_unbreakable:luminarchy_block.
[01Aug2026 04:31:27.400] [main/WARN] [dev.architectury.registry.registries.forge.RegistrarManagerImpl/]: Registry entry listened Registry Entry [minecraft:entity_type / vinery:wandering_winemaker] was not realized!
[01Aug2026 04:31:27.400] [main/WARN] [dev.architectury.registry.registries.forge.RegistrarManagerImpl/]: Registry entry listened Registry Entry [minecraft:entity_type / artifacts:mimic] was not realized!
[01Aug2026 04:31:27.400] [main/WARN] [dev.architectury.registry.registries.forge.RegistrarManagerImpl/]: Registry entry listened Registry Entry [minecraft:entity_type / vinery:mule] was not realized!
[01Aug2026 04:31:27.403] [main/WARN] [dev.architectury.registry.registries.forge.RegistrarManagerImpl/]: Registry entry listened Registry Entry [minecraft:entity_type / vinery:wandering_winemaker] was not realized!
[01Aug2026 04:31:27.403] [main/WARN] [dev.architectury.registry.registries.forge.RegistrarManagerImpl/]: Registry entry listened Registry Entry [minecraft:entity_type / artifacts:mimic] was not realized!
[01Aug2026 04:31:27.403] [main/WARN] [dev.architectury.registry.registries.forge.RegistrarManagerImpl/]: Registry entry listened Registry Entry [minecraft:entity_type / vinery:mule] was not realized!
[01Aug2026 04:31:27.409] [main/WARN] [dev.architectury.registry.registries.forge.RegistrarManagerImpl/]: Registry entry listened Registry Entry [minecraft:entity_type / artifacts:mimic] was not realized!
[01Aug2026 04:31:27.409] [main/WARN] [dev.architectury.registry.registries.forge.RegistrarManagerImpl/]: Registry entry listened Registry Entry [minecraft:entity_type / artifacts:mimic] was not realized!
[01Aug2026 04:31:27.410] [main/WARN] [dev.architectury.registry.registries.forge.RegistrarManagerImpl/]: Registry entry listened Registry Entry [minecraft:entity_type / artifacts:mimic] was not realized!
[01Aug2026 04:31:27.459] [main/INFO] [Moonlight/]: Initialized block sets in 38ms
[01Aug2026 04:31:28.145] [main/INFO] [Railways/MultiRegistryCallback/]: Running callback for create:flywheel and railways:brown_locometal_flywheel
[01Aug2026 04:31:28.145] [main/INFO] [Railways/MultiRegistryCallback/]: Running callback for create:flywheel and railways:chartreuse_locometal_flywheel
[01Aug2026 04:31:28.145] [main/INFO] [Railways/MultiRegistryCallback/]: Running callback for create:flywheel and railways:diorite_locometal_flywheel
[01Aug2026 04:31:28.145] [main/INFO] [Railways/MultiRegistryCallback/]: Running callback for create:flywheel and railways:locometal_flywheel
[01Aug2026 04:31:28.145] [main/INFO] [Railways/MultiRegistryCallback/]: Running callback for create:flywheel and railways:light_gray_locometal_flywheel
[01Aug2026 04:31:28.145] [main/INFO] [Railways/MultiRegistryCallback/]: Running callback for create:flywheel and railways:purple_locometal_flywheel
[01Aug2026 04:31:28.145] [main/INFO] [Railways/MultiRegistryCallback/]: Running callback for create:flywheel and railways:red_locometal_flywheel
[01Aug2026 04:31:28.145] [main/INFO] [Railways/MultiRegistryCallback/]: Running callback for create:flywheel and railways:scorchia_locometal_flywheel
[01Aug2026 04:31:28.145] [main/INFO] [Railways/MultiRegistryCallback/]: Running callback for create:flywheel and railways:magenta_locometal_flywheel
[01Aug2026 04:31:28.145] [main/INFO] [Railways/MultiRegistryCallback/]: Running callback for create:flywheel and railways:royal_blue_locometal_flywheel
[01Aug2026 04:31:28.145] [main/INFO] [Railways/MultiRegistryCallback/]: Running callback for create:flywheel and railways:limestone_locometal_flywheel
[01Aug2026 04:31:28.145] [main/INFO] [Railways/MultiRegistryCallback/]: Running callback for create:flywheel and railways:vermilion_locometal_flywheel
[01Aug2026 04:31:28.145] [main/INFO] [Railways/MultiRegistryCallback/]: Running callback for create:flywheel and railways:tuff_locometal_flywheel
[01Aug2026 04:31:28.145] [main/INFO] [Railways/MultiRegistryCallback/]: Running callback for create:flywheel and railways:maroon_locometal_flywheel
[01Aug2026 04:31:28.145] [main/INFO] [Railways/MultiRegistryCallback/]: Running callback for create:flywheel and railways:granite_locometal_flywheel
[01Aug2026 04:31:28.145] [main/INFO] [Railways/MultiRegistryCallback/]: Running callback for create:flywheel and railways:olive_green_locometal_flywheel
[01Aug2026 04:31:28.145] [main/INFO] [Railways/MultiRegistryCallback/]: Running callback for create:flywheel and railways:orange_locometal_flywheel
[01Aug2026 04:31:28.145] [main/INFO] [Railways/MultiRegistryCallback/]: Running callback for create:flywheel and railways:green_locometal_flywheel
[01Aug2026 04:31:28.146] [main/INFO] [Railways/MultiRegistryCallback/]: Running callback for create:flywheel and railways:black_locometal_flywheel
[01Aug2026 04:31:28.146] [main/INFO] [Railways/MultiRegistryCallback/]: Running callback for create:flywheel and railways:pink_locometal_flywheel
[01Aug2026 04:31:28.146] [main/INFO] [Railways/MultiRegistryCallback/]: Running callback for create:flywheel and railways:gray_locometal_flywheel
[01Aug2026 04:31:28.146] [main/INFO] [Railways/MultiRegistryCallback/]: Running callback for create:flywheel and railways:light_blue_locometal_flywheel
[01Aug2026 04:31:28.146] [main/INFO] [Railways/MultiRegistryCallback/]: Running callback for create:flywheel and railways:ochrum_locometal_flywheel
[01Aug2026 04:31:28.146] [main/INFO] [Railways/MultiRegistryCallback/]: Running callback for create:flywheel and railways:turquoise_locometal_flywheel
[01Aug2026 04:31:28.146] [main/INFO] [Railways/MultiRegistryCallback/]: Running callback for create:flywheel and railways:cyan_locometal_flywheel
[01Aug2026 04:31:28.146] [main/INFO] [Railways/MultiRegistryCallback/]: Running callback for create:flywheel and railways:lime_locometal_flywheel
[01Aug2026 04:31:28.146] [main/INFO] [Railways/MultiRegistryCallback/]: Running callback for create:flywheel and railways:pine_green_locometal_flywheel
[01Aug2026 04:31:28.146] [main/INFO] [Railways/MultiRegistryCallback/]: Running callback for create:flywheel and railways:sea_green_locometal_flywheel
[01Aug2026 04:31:28.146] [main/INFO] [Railways/MultiRegistryCallback/]: Running callback for create:flywheel and railways:blue_locometal_flywheel
[01Aug2026 04:31:28.146] [main/INFO] [Railways/MultiRegistryCallback/]: Running callback for create:flywheel and railways:dripstone_locometal_flywheel
[01Aug2026 04:31:28.146] [main/INFO] [Railways/MultiRegistryCallback/]: Running callback for create:flywheel and railways:yellow_locometal_flywheel
[01Aug2026 04:31:28.146] [main/INFO] [Railways/MultiRegistryCallback/]: Running callback for create:flywheel and railways:white_locometal_flywheel
[01Aug2026 04:31:28.147] [main/INFO] [Railways/MultiRegistryCallback/]: Running callback for create:sliding_door and railways:orange_folding_locometal_door
[01Aug2026 04:31:28.148] [main/INFO] [Railways/MultiRegistryCallback/]: Running callback for create:sliding_door and railways:olive_green_folding_locometal_door
[01Aug2026 04:31:28.148] [main/INFO] [Railways/MultiRegistryCallback/]: Running callback for create:sliding_door and railways:sea_green_folding_locometal_door
[01Aug2026 04:31:28.148] [main/INFO] [Railways/MultiRegistryCallback/]: Running callback for create:sliding_door and railways:brown_sliding_locometal_door
[01Aug2026 04:31:28.148] [main/INFO] [Railways/MultiRegistryCallback/]: Running callback for create:sliding_door and railways:purple_folding_locometal_door
[01Aug2026 04:31:28.148] [main/INFO] [Railways/MultiRegistryCallback/]: Running callback for create:sliding_door and railways:scorchia_sliding_locometal_door
[01Aug2026 04:31:28.148] [main/INFO] [Railways/MultiRegistryCallback/]: Running callback for create:sliding_door and railways:lime_sliding_locometal_door
[01Aug2026 04:31:28.148] [main/INFO] [Railways/MultiRegistryCallback/]: Running callback for create:sliding_door and railways:granite_folding_locometal_door
[01Aug2026 04:31:28.148] [main/INFO] [Railways/MultiRegistryCallback/]: Running callback for create:sliding_door and railways:sea_green_sliding_locometal_door
[01Aug2026 04:31:28.148] [main/INFO] [Railways/MultiRegistryCallback/]: Running callback for create:sliding_door and railways:orange_sliding_locometal_door
[01Aug2026 04:31:28.148] [main/INFO] [Railways/MultiRegistryCallback/]: Running callback for create:sliding_door and railways:magenta_folding_locometal_door
[01Aug2026 04:31:28.148] [main/INFO] [Railways/MultiRegistryCallback/]: Running callback for create:sliding_door and railways:cyan_folding_locometal_door
[01Aug2026 04:31:28.148] [main/INFO] [Railways/MultiRegistryCallback/]: Running callback for create:sliding_door and railways:sliding_locometal_door
[01Aug2026 04:31:28.148] [main/INFO] [Railways/MultiRegistryCallback/]: Running callback for create:sliding_door and railways:granite_sliding_locometal_door
[01Aug2026 04:31:28.148] [main/INFO] [Railways/MultiRegistryCallback/]: Running callback for create:sliding_door and railways:yellow_sliding_locometal_door
[01Aug2026 04:31:28.148] [main/INFO] [Railways/MultiRegistryCallback/]: Running callback for create:sliding_door and railways:maroon_folding_locometal_door
[01Aug2026 04:31:28.148] [main/INFO] [Railways/MultiRegistryCallback/]: Running callback for create:sliding_door and railways:turquoise_sliding_locometal_door
[01Aug2026 04:31:28.148] [main/INFO] [Railways/MultiRegistryCallback/]: Running callback for create:sliding_door and railways:green_folding_locometal_door
[01Aug2026 04:31:28.148] [main/INFO] [Railways/MultiRegistryCallback/]: Running callback for create:sliding_door and railways:red_folding_locometal_door
[01Aug2026 04:31:28.148] [main/INFO] [Railways/MultiRegistryCallback/]: Running callback for create:sliding_door and railways:light_blue_folding_locometal_door
[01Aug2026 04:31:28.148] [main/INFO] [Railways/MultiRegistryCallback/]: Running callback for create:sliding_door and railways:diorite_sliding_locometal_door
[01Aug2026 04:31:28.148] [main/INFO] [Railways/MultiRegistryCallback/]: Running callback for create:sliding_door and railways:brown_folding_locometal_door
[01Aug2026 04:31:28.148] [main/INFO] [Railways/MultiRegistryCallback/]: Running callback for create:sliding_door and railways:blue_sliding_locometal_door
[01Aug2026 04:31:28.148] [main/INFO] [Railways/MultiRegistryCallback/]: Running callback for create:sliding_door and railways:green_sliding_locometal_door
[01Aug2026 04:31:28.148] [main/INFO] [Railways/MultiRegistryCallback/]: Running callback for create:sliding_door and railways:royal_blue_sliding_locometal_door
[01Aug2026 04:31:28.148] [main/INFO] [Railways/MultiRegistryCallback/]: Running callback for create:sliding_door and railways:yellow_folding_locometal_door
[01Aug2026 04:31:28.149] [main/INFO] [Railways/MultiRegistryCallback/]: Running callback for create:sliding_door and railways:purple_sliding_locometal_door
[01Aug2026 04:31:28.149] [main/INFO] [Railways/MultiRegistryCallback/]: Running callback for create:sliding_door and railways:dripstone_sliding_locometal_door
[01Aug2026 04:31:28.149] [main/INFO] [Railways/MultiRegistryCallback/]: Running callback for create:sliding_door and railways:pine_green_sliding_locometal_door
[01Aug2026 04:31:28.149] [main/INFO] [Railways/MultiRegistryCallback/]: Running callback for create:sliding_door and railways:folding_locometal_door
[01Aug2026 04:31:28.149] [main/INFO] [Railways/MultiRegistryCallback/]: Running callback for create:sliding_door and railways:pine_green_folding_locometal_door
[01Aug2026 04:31:28.149] [main/INFO] [Railways/MultiRegistryCallback/]: Running callback for create:sliding_door and railways:olive_green_sliding_locometal_door
[01Aug2026 04:31:28.149] [main/INFO] [Railways/MultiRegistryCallback/]: Running callback for create:sliding_door and railways:white_sliding_locometal_door
[01Aug2026 04:31:28.149] [main/INFO] [Railways/MultiRegistryCallback/]: Running callback for create:sliding_door and railways:turquoise_folding_locometal_door
[01Aug2026 04:31:28.149] [main/INFO] [Railways/MultiRegistryCallback/]: Running callback for create:sliding_door and railways:pink_folding_locometal_door
[01Aug2026 04:31:28.149] [main/INFO] [Railways/MultiRegistryCallback/]: Running callback for create:sliding_door and railways:magenta_sliding_locometal_door
[01Aug2026 04:31:28.149] [main/INFO] [Railways/MultiRegistryCallback/]: Running callback for create:sliding_door and railways:pink_sliding_locometal_door
[01Aug2026 04:31:28.149] [main/INFO] [Railways/MultiRegistryCallback/]: Running callback for create:sliding_door and railways:dripstone_folding_locometal_door
[01Aug2026 04:31:28.149] [main/INFO] [Railways/MultiRegistryCallback/]: Running callback for create:sliding_door and railways:ochrum_sliding_locometal_door
[01Aug2026 04:31:28.149] [main/INFO] [Railways/MultiRegistryCallback/]: Running callback for create:sliding_door and railways:black_folding_locometal_door
[01Aug2026 04:31:28.149] [main/INFO] [Railways/MultiRegistryCallback/]: Running callback for create:sliding_door and railways:cyan_sliding_locometal_door
[01Aug2026 04:31:28.149] [main/INFO] [Railways/MultiRegistryCallback/]: Running callback for create:sliding_door and railways:gray_sliding_locometal_door
[01Aug2026 04:31:28.149] [main/INFO] [Railways/MultiRegistryCallback/]: Running callback for create:sliding_door and railways:scorchia_folding_locometal_door
[01Aug2026 04:31:28.149] [main/INFO] [Railways/MultiRegistryCallback/]: Running callback for create:sliding_door and railways:light_gray_sliding_locometal_door
[01Aug2026 04:31:28.149] [main/INFO] [Railways/MultiRegistryCallback/]: Running callback for create:sliding_door and railways:white_folding_locometal_door
[01Aug2026 04:31:28.149] [main/INFO] [Railways/MultiRegistryCallback/]: Running callback for create:sliding_door and railways:tuff_folding_locometal_door
[01Aug2026 04:31:28.149] [main/INFO] [Railways/MultiRegistryCallback/]: Running callback for create:sliding_door and railways:light_gray_folding_locometal_door
[01Aug2026 04:31:28.149] [main/INFO] [Railways/MultiRegistryCallback/]: Running callback for create:sliding_door and railways:chartreuse_folding_locometal_door
[01Aug2026 04:31:28.149] [main/INFO] [Railways/MultiRegistryCallback/]: Running callback for create:sliding_door and railways:royal_blue_folding_locometal_door
[01Aug2026 04:31:28.149] [main/INFO] [Railways/MultiRegistryCallback/]: Running callback for create:sliding_door and railways:tuff_sliding_locometal_door
[01Aug2026 04:31:28.149] [main/INFO] [Railways/MultiRegistryCallback/]: Running callback for create:sliding_door and railways:black_sliding_locometal_door
[01Aug2026 04:31:28.149] [main/INFO] [Railways/MultiRegistryCallback/]: Running callback for create:sliding_door and railways:ochrum_folding_locometal_door
[01Aug2026 04:31:28.149] [main/INFO] [Railways/MultiRegistryCallback/]: Running callback for create:sliding_door and railways:light_blue_sliding_locometal_door
[01Aug2026 04:31:28.149] [main/INFO] [Railways/MultiRegistryCallback/]: Running callback for create:sliding_door and railways:chartreuse_sliding_locometal_door
[01Aug2026 04:31:28.149] [main/INFO] [Railways/MultiRegistryCallback/]: Running callback for create:sliding_door and railways:limestone_folding_locometal_door
[01Aug2026 04:31:28.149] [main/INFO] [Railways/MultiRegistryCallback/]: Running callback for create:sliding_door and railways:red_sliding_locometal_door
[01Aug2026 04:31:28.150] [main/INFO] [Railways/MultiRegistryCallback/]: Running callback for create:sliding_door and railways:lime_folding_locometal_door
[01Aug2026 04:31:28.150] [main/INFO] [Railways/MultiRegistryCallback/]: Running callback for create:sliding_door and railways:maroon_sliding_locometal_door
[01Aug2026 04:31:28.150] [main/INFO] [Railways/MultiRegistryCallback/]: Running callback for create:sliding_door and railways:blue_folding_locometal_door
[01Aug2026 04:31:28.150] [main/INFO] [Railways/MultiRegistryCallback/]: Running callback for create:sliding_door and railways:vermilion_sliding_locometal_door
[01Aug2026 04:31:28.150] [main/INFO] [Railways/MultiRegistryCallback/]: Running callback for create:sliding_door and railways:vermilion_folding_locometal_door
[01Aug2026 04:31:28.150] [main/INFO] [Railways/MultiRegistryCallback/]: Running callback for create:sliding_door and railways:diorite_folding_locometal_door
[01Aug2026 04:31:28.150] [main/INFO] [Railways/MultiRegistryCallback/]: Running callback for create:sliding_door and railways:limestone_sliding_locometal_door
[01Aug2026 04:31:28.150] [main/INFO] [Railways/MultiRegistryCallback/]: Running callback for create:sliding_door and railways:gray_folding_locometal_door
[01Aug2026 04:31:28.150] [main/INFO] [Railways/MultiRegistryCallback/]: Running callback for create:copycat and railways:conductor_vent
[01Aug2026 04:31:28.793] [main/INFO] [Railways/MultiRegistryCallback/]: Running callback for create:track_signal and railways:track_signal_source
[01Aug2026 04:31:28.793] [main/INFO] [Railways/MultiRegistryCallback/]: Running finalizers
[01Aug2026 04:31:28.984] [main/WARN] [net.minecraftforge.registries.ForgeRegistry/REGISTRIES]: Registry forge:global_loot_modifier_serializers: The object RecordCodec[UnitDecoder[vectorwing.farmersdelight.common.loot.modifier.AddItemModifier$$Lambda$29645/0x000072977b9696a0@3248a39c] * Field[conditions: passthrough[flatXmapped]] * Field[item: net.minecraftforge.registries.ForgeRegistry$RegistryCodec@4c89a1ed] * OptionalFieldCodec[count: Int][xmapped]] has been registered twice for the same name farmersdelight:add_item.
[01Aug2026 04:31:28.984] [main/WARN] [net.minecraftforge.registries.ForgeRegistry/REGISTRIES]: Registry forge:global_loot_modifier_serializers: The object RecordCodec[UnitDecoder[vectorwing.farmersdelight.common.loot.modifier.ReplaceItemModifier$$Lambda$29650/0x000072977b96a1e0@68a6fee9] * Field[conditions: passthrough[flatXmapped]] * Field[removed_item: net.minecraftforge.registries.ForgeRegistry$RegistryCodec@4c89a1ed] * Field[added_item: net.minecraftforge.registries.ForgeRegistry$RegistryCodec@4c89a1ed] * OptionalFieldCodec[count: Int][xmapped]] has been registered twice for the same name farmersdelight:replace_item.
[01Aug2026 04:31:28.984] [main/WARN] [net.minecraftforge.registries.ForgeRegistry/REGISTRIES]: Registry forge:global_loot_modifier_serializers: The object RecordCodec[UnitDecoder[vectorwing.farmersdelight.common.loot.modifier.AddLootTableModifier$$Lambda$29653/0x000072977b96a8b0@3c7e479f] * Field[conditions: passthrough[flatXmapped]] * Field[lootTable: String[comapFlatMapped]]] has been registered twice for the same name farmersdelight:add_loot_table.
[01Aug2026 04:31:28.984] [main/WARN] [net.minecraftforge.registries.ForgeRegistry/REGISTRIES]: Registry forge:global_loot_modifier_serializers: The object RecordCodec[UnitDecoder[vectorwing.farmersdelight.common.loot.modifier.PastrySlicingModifier$$Lambda$29656/0x000072977b96af60@16dda05e] * Field[conditions: passthrough[flatXmapped]] * Field[slice: net.minecraftforge.registries.ForgeRegistry$RegistryCodec@4c89a1ed]] has been registered twice for the same name farmersdelight:pastry_slicing.
[01Aug2026 04:31:29.093] [main/WARN] [net.minecraft.network.syncher.SynchedEntityData/]: defineId called for: class net.mcreator.borninchaosv.entity.BabySpiderEntity from class net.mcreator.borninchaosv.entity.MotherSpiderEntity
[01Aug2026 04:31:29.412] [main/INFO] [STDOUT/]: [com.sighs.oneenoughenchantment.Config:updateCache:46]: updated

[01Aug2026 04:31:29.494] [main/INFO] [net.bananemdnsa.historystages.research.ResearchBoosterRegistry/]: [ResearchBooster] Loaded 0 booster entries
[01Aug2026 04:31:29.619] [Thread-1/INFO] [ModernFix/]: Please use /mfsrc to reload any changed mod config files
[01Aug2026 04:31:29.760] [Forge Version Check/INFO] [net.minecraftforge.fml.VersionChecker/]: [betterdays] Starting version check at https://raw.githubusercontent.com/wendall911/BetterDays/1.20.1/files/updates.json
[01Aug2026 04:31:29.778] [modloading-worker-0/INFO] [CorgiLib/]: Initializing network...
[01Aug2026 04:31:29.783] [modloading-worker-0/INFO] [com.samxel.mendingremover.Mendingremover/]: MendingRemover mod initialized - Mending disabled
[01Aug2026 04:31:29.784] [modloading-worker-0/INFO] [CorgiLib/]: Initialized network!
[01Aug2026 04:31:29.815] [Forge Version Check/INFO] [net.minecraftforge.fml.VersionChecker/]: [betterdays] Found status: UP_TO_DATE Current: 3.3.4.5 Target: null
[01Aug2026 04:31:29.815] [Forge Version Check/INFO] [net.minecraftforge.fml.VersionChecker/]: [majruszsdifficulty] Starting version check at https://raw.githubusercontent.com/Majrusz/MinecraftCommon/main/ProgressiveDifficulty/update.json
[01Aug2026 04:31:29.821] [modloading-worker-0/INFO] [com.chunksending.ChunkSending/]: chunksending mod initialized
[01Aug2026 04:31:29.828] [Forge Version Check/INFO] [net.minecraftforge.fml.VersionChecker/]: [majruszsdifficulty] Found status: UP_TO_DATE Current: 1.9.10 Target: null
[01Aug2026 04:31:29.829] [Forge Version Check/INFO] [net.minecraftforge.fml.VersionChecker/]: [mr_dungeons_andtavernsancientcityoverhaul] Starting version check at https://api.modrinth.com/updates/DNuNq5bb/forge_updates.json
[01Aug2026 04:31:29.841] [modloading-worker-0/INFO] [com.connectivity.Connectivity/]: Connectivity initialized
[01Aug2026 04:31:29.846] [modloading-worker-0/INFO] [necronomicon/]: File exists, reading config for elocindev.item_obliterator.forge.config.ConfigEntries.
[01Aug2026 04:31:29.846] [modloading-worker-0/INFO] [necronomicon/]: Config for elocindev.item_obliterator.forge.config.ConfigEntries read successfully.
[01Aug2026 04:31:29.864] [modloading-worker-0/INFO] [elocindev.item_obliterator.forge.ItemObliterator/]: Loaded Item Obliterator Config
[01Aug2026 04:31:29.876] [modloading-worker-0/INFO] [com.mongoose.royalvariations.RoyalVariations/]: Loading compat module for mod curios
[01Aug2026 04:31:29.878] [modloading-worker-0/WARN] [io.github.smokahs.culinarycompat.CulinaryCompat/]: Culinary Compat running without pamhc2foodcore, pamhc2crops, pamhc2trees, pamhc2foodextended. Install for all compat recipes/tags.
[01Aug2026 04:31:29.971] [modloading-worker-0/INFO] [STDOUT/]: [toni.lib.TxniLib:onInitialize:75]: TxniLib onInitialize!
[01Aug2026 04:31:29.980] [Forge Version Check/INFO] [net.minecraftforge.fml.VersionChecker/]: [mr_dungeons_andtavernsancientcityoverhaul] Found status: OUTDATED Current: 1 Target: 1+mod
[01Aug2026 04:31:29.980] [Forge Version Check/INFO] [net.minecraftforge.fml.VersionChecker/]: [ipo] Starting version check at https://api.modrinth.com/updates/WQxwMPH5/forge_updates.json
[01Aug2026 04:31:29.991] [modloading-worker-0/INFO] [com.yanny.ali.forge.platform.ForgePlatformHelper/]: Registered ALI plugin [ali] com.yanny.ali.plugin.Plugin
[01Aug2026 04:31:29.993] [modloading-worker-0/INFO] [com.yanny.ali.forge.platform.ForgePlatformHelper/]: Registered ALI plugin [lootjs] com.yanny.ali.lootjs.LootJsPlugin
[01Aug2026 04:31:29.994] [modloading-worker-0/INFO] [com.yanny.ali.forge.platform.ForgePlatformHelper/]: Registered ALI plugin [farmersdelight] com.yanny.ali.forge.plugin.mods.farmers_delight.Plugin
[01Aug2026 04:31:29.999] [modloading-worker-0/INFO] [com.yanny.ali.forge.platform.ForgePlatformHelper/]: Registered ALI plugin [forge] com.yanny.ali.forge.plugin.ForgePlugin
[01Aug2026 04:31:30.000] [modloading-worker-0/INFO] [com.yanny.ali.forge.platform.ForgePlatformHelper/]: Found 4 plugin(s)
[01Aug2026 04:31:30.000] [modloading-worker-0/INFO] [com.yanny.aci.manager.CorePluginManager/]: Registering common plugin data...
[01Aug2026 04:31:30.010] [modloading-worker-0/INFO] [com.yanny.ali.configuration.ConfigUtils/]: Loading configuration file /workspaces/serv/servidor_minecraft/config/ali/ali_common.json
[01Aug2026 04:31:30.041] [modloading-worker-0/INFO] [com.yanny.aci.manager.ManagedRegistry/]: Registered 1 entity variants
[01Aug2026 04:31:30.041] [modloading-worker-0/INFO] [com.yanny.aci.manager.CorePluginManager/]: Registering common plugin data finished
[01Aug2026 04:31:30.053] [Forge Version Check/INFO] [net.minecraftforge.fml.VersionChecker/]: [ipo] Found status: UP_TO_DATE Current: 5 Target: null
[01Aug2026 04:31:30.053] [Forge Version Check/INFO] [net.minecraftforge.fml.VersionChecker/]: [farmersdelightcompat] Starting version check at https://api.modrinth.com/updates/bVyGNtz1/forge_updates.json
[01Aug2026 04:31:30.080] [Forge Version Check/WARN] [net.minecraftforge.fml.VersionChecker/]: Failed to process update information
java.lang.NullPointerException: Cannot invoke "java.util.Map.get(Object)" because "promos" is null
	at net.minecraftforge.fml.VersionChecker$1.process(VersionChecker.java:192) ~[fmlcore-1.20.1-47.4.22.jar%23691!/:?]
	at java.lang.Iterable.forEach(Iterable.java:75) ~[?:?]
	at net.minecraftforge.fml.VersionChecker$1.run(VersionChecker.java:117) ~[fmlcore-1.20.1-47.4.22.jar%23691!/:?]
[01Aug2026 04:31:30.080] [Forge Version Check/INFO] [net.minecraftforge.fml.VersionChecker/]: [sound_physics_remastered] Starting version check at https://update.maxhenkel.de/forge/sound_physics_remastered
[01Aug2026 04:31:30.590] [main/INFO] [com.adonis.fluid.CreateFluid/]: Registered Create Enchantment Industry compatibility
[01Aug2026 04:31:30.590] [main/INFO] [com.adonis.fluid.CreateFluid/]: Registered Create Crafts & Additions compatibility
[01Aug2026 04:31:30.591] [main/INFO] [com.adonis.fluid.CreateFluid/]: Registered Create Diesel Generators compatibility
[01Aug2026 04:31:30.591] [main/INFO] [com.adonis.fluid.CreateFluid/]: Fluid interaction point compatibility initialized
[01Aug2026 04:31:30.593] [Forge Version Check/INFO] [net.minecraftforge.fml.VersionChecker/]: [sound_physics_remastered] Found status: AHEAD Current: 1.20.1-1.5.1 Target: null
[01Aug2026 04:31:30.593] [Forge Version Check/INFO] [net.minecraftforge.fml.VersionChecker/]: [trading_floor] Starting version check at https://raw.githubusercontent.com/cakeGit/Create-Trading-Floor/refs/heads/1.20.1/forge_updates.json
[01Aug2026 04:31:30.605] [main/INFO] [ribbits/]: Registering Ribbit umbrella types...
[01Aug2026 04:31:30.606] [main/INFO] [ribbits/]: Registering Ribbit professions...
[01Aug2026 04:31:30.606] [main/INFO] [ribbits/]: Registering Ribbit instruments...
[01Aug2026 04:31:30.607] [main/INFO] [ribbits/]: Registering Ribbit data serializers...
[01Aug2026 04:31:30.607] [Forge Version Check/INFO] [net.minecraftforge.fml.VersionChecker/]: [trading_floor] Found status: AHEAD Current: 2.0.5 Target: null
[01Aug2026 04:31:30.608] [Forge Version Check/INFO] [net.minecraftforge.fml.VersionChecker/]: [searchables] Starting version check at https://updates.blamejared.com/get?n=searchables&gv=1.20.1
[01Aug2026 04:31:30.663] [main/INFO] [Create: Trading Floor/]: Registering Advancements for: Create: Trading Floor
[01Aug2026 04:31:30.663] [main/INFO] [STDOUT/]: [com.sighs.oneenoughenchantment.Config:updateCache:46]: updated

[01Aug2026 04:31:30.679] [main/INFO] [com.upo.createeggproduction.ModStressValues/]: Successfully registered stress impact for: block.createeggproduction.egg_collector_block
[01Aug2026 04:31:30.683] [main/INFO] [com.finderfeed.fdlib.FDLib/]: Loading FD animations...
[01Aug2026 04:31:30.683] [main/INFO] [com.finderfeed.fdlib.FDLib/]: Loading animation: fdlib:testanim
[01Aug2026 04:31:30.694] [main/INFO] [com.finderfeed.fdlib.FDLib/]: FD Animations loaded!
[01Aug2026 04:31:30.694] [main/INFO] [com.finderfeed.fdlib.FDLib/]: Loading FD models...
[01Aug2026 04:31:30.694] [main/INFO] [com.finderfeed.fdlib.FDLib/]: Loading model: fdlib:test
[01Aug2026 04:31:30.702] [main/INFO] [com.finderfeed.fdlib.FDLib/]: Loading model: fdlib:test
[01Aug2026 04:31:30.702] [main/INFO] [com.finderfeed.fdlib.FDLib/]: FD Models loaded!
[01Aug2026 04:31:30.718] [main/INFO] [zeta/]: Common setup: Performing initial refresh of zeta's config on thread 'main'
[01Aug2026 04:31:30.719] [main/INFO] [zeta/]: 'zeta' is enabling Zeta's piston structure resolver.
[01Aug2026 04:31:30.720] [main/INFO] [zeta/]: Waiting for server start before accepting filewatcher changes to zeta's config
[01Aug2026 04:31:30.807] [main/INFO] [Framework/SYNCED_ENTITY_DATA]: Registered synced data key ntgl:aiming for minecraft:living_entity
[01Aug2026 04:31:30.807] [main/INFO] [Framework/SYNCED_ENTITY_DATA]: Registered synced data key ntgl:shooting_right for minecraft:living_entity
[01Aug2026 04:31:30.807] [main/INFO] [Framework/SYNCED_ENTITY_DATA]: Registered synced data key ntgl:shooting_left for minecraft:living_entity
[01Aug2026 04:31:30.808] [main/INFO] [Framework/SYNCED_ENTITY_DATA]: Registered synced data key ntgl:reloading_right for minecraft:living_entity
[01Aug2026 04:31:30.808] [main/INFO] [Framework/SYNCED_ENTITY_DATA]: Registered synced data key ntgl:reloading_left for minecraft:living_entity
[01Aug2026 04:31:30.808] [main/INFO] [Framework/SYNCED_ENTITY_DATA]: Registered synced data key ntgl:charging_right for minecraft:living_entity
[01Aug2026 04:31:30.808] [main/INFO] [Framework/SYNCED_ENTITY_DATA]: Registered synced data key ntgl:charging_left for minecraft:living_entity
[01Aug2026 04:31:30.808] [main/INFO] [Framework/SYNCED_ENTITY_DATA]: Registered synced data key ntgl:reload_start for minecraft:living_entity
[01Aug2026 04:31:30.808] [main/INFO] [Framework/SYNCED_ENTITY_DATA]: Registered synced data key ntgl:reload_end for minecraft:living_entity
[01Aug2026 04:31:30.808] [main/INFO] [Framework/SYNCED_ENTITY_DATA]: Registered synced data key ntgl:equip_right for minecraft:living_entity
[01Aug2026 04:31:30.808] [main/INFO] [Framework/SYNCED_ENTITY_DATA]: Registered synced data key ntgl:equip_left for minecraft:living_entity
[01Aug2026 04:31:30.808] [main/INFO] [Framework/SYNCED_ENTITY_DATA]: Registered synced data key ntgl:melee_right for minecraft:living_entity
[01Aug2026 04:31:30.808] [main/INFO] [Framework/SYNCED_ENTITY_DATA]: Registered synced data key ntgl:melee_left for minecraft:living_entity
[01Aug2026 04:31:30.808] [main/INFO] [Framework/SYNCED_ENTITY_DATA]: Registered synced data key ntgl:prepare_right for minecraft:living_entity
[01Aug2026 04:31:30.808] [main/INFO] [Framework/SYNCED_ENTITY_DATA]: Registered synced data key ntgl:prepare_left for minecraft:living_entity
[01Aug2026 04:31:30.808] [main/INFO] [Framework/SYNCED_ENTITY_DATA]: Registered synced data key ntgl:throw_right for minecraft:living_entity
[01Aug2026 04:31:30.808] [main/INFO] [Framework/SYNCED_ENTITY_DATA]: Registered synced data key ntgl:throw_left for minecraft:living_entity
[01Aug2026 04:31:30.808] [main/INFO] [Framework/SYNCED_ENTITY_DATA]: Registered synced data key ntgl:hold_right for minecraft:living_entity
[01Aug2026 04:31:30.808] [main/INFO] [Framework/SYNCED_ENTITY_DATA]: Registered synced data key ntgl:hold_left for minecraft:living_entity
[01Aug2026 04:31:30.954] [Forge Version Check/INFO] [net.minecraftforge.fml.VersionChecker/]: [searchables] Found status: BETA Current: 1.0.3 Target: 1.0.3
[01Aug2026 04:31:30.954] [Forge Version Check/INFO] [net.minecraftforge.fml.VersionChecker/]: [mr_dungeons_andtaverns] Starting version check at https://api.modrinth.com/updates/tpehi7ww/forge_updates.json
[01Aug2026 04:31:30.967] [main/INFO] [terrablender/]: Registered region minecraft:overworld to index 0 for type OVERWORLD
[01Aug2026 04:31:30.968] [main/INFO] [terrablender/]: Registered region minecraft:nether to index 0 for type NETHER
[01Aug2026 04:31:30.968] [main/INFO] [terrablender/]: Registered region yungscavebiomes:overworld to index 1 for type OVERWORLD
[01Aug2026 04:31:30.984] [Forge Version Check/INFO] [net.minecraftforge.fml.VersionChecker/]: [mr_dungeons_andtaverns] Found status: OUTDATED Current: 3.0.3.f Target: 3.0.3.f+mod
[01Aug2026 04:31:30.984] [Forge Version Check/INFO] [net.minecraftforge.fml.VersionChecker/]: [mr_limesplatus_ending] Starting version check at https://api.modrinth.com/updates/MCnBYP0b/forge_updates.json
[01Aug2026 04:31:31.047] [Forge Version Check/INFO] [net.minecraftforge.fml.VersionChecker/]: [mr_limesplatus_ending] Found status: OUTDATED Current: 1-v1.1.0c Target: 1.1.0c+mod
[01Aug2026 04:31:31.047] [Forge Version Check/INFO] [net.minecraftforge.fml.VersionChecker/]: [majruszlibrary] Starting version check at https://raw.githubusercontent.com/Majrusz/MinecraftCommon/main/Library/update.json
[01Aug2026 04:31:31.059] [Forge Version Check/INFO] [net.minecraftforge.fml.VersionChecker/]: [majruszlibrary] Found status: AHEAD Current: 7.0.8 Target: null
[01Aug2026 04:31:31.059] [Forge Version Check/INFO] [net.minecraftforge.fml.VersionChecker/]: [radium] Starting version check at https://api.modrinth.com/updates/radium/forge_updates.json
[01Aug2026 04:31:31.081] [Forge Version Check/INFO] [net.minecraftforge.fml.VersionChecker/]: [radium] Found status: AHEAD Current: 0.12.4+git.26c9d8e Target: null
[01Aug2026 04:31:31.081] [Forge Version Check/INFO] [net.minecraftforge.fml.VersionChecker/]: [fastload] Starting version check at https://github.com/BumbleSoftware/Fastload/raw/Forge-1.20.1/updates.json
[01Aug2026 04:31:31.123] [main/INFO] [Moonlight/]: Initialized color sets in 120ms
[01Aug2026 04:31:31.124] [main/ERROR] [Moonlight/]: Fabric API detected! This is not a Fabric mod, so please dont report related issues to MoonlightLib or its dependant. This can usually happen with connector or when having a mod that does NOT have a proper Forge native implementation. This can easily lead to poor compatibility and issues. Proceed ar your own risk. 
 Mods that bundled Fabric API: [net.minecraftforge.fml.loading.moddiscovery.ModInfo@459bf87c]
[01Aug2026 04:31:31.136] [main/INFO] [terrablender/]: Registered region quark:biome_provider to index 2 for type OVERWORLD
[01Aug2026 04:31:31.136] [main/INFO] [quark-zeta/]: Common setup: Performing initial refresh of quark's config on thread 'main'
[01Aug2026 04:31:31.147] [Forge Version Check/INFO] [net.minecraftforge.fml.VersionChecker/]: [fastload] Found status: UP_TO_DATE Current: 3.4.0 Target: null
[01Aug2026 04:31:31.147] [Forge Version Check/INFO] [net.minecraftforge.fml.VersionChecker/]: [attributefix] Starting version check at https://updates.blamejared.com/get?n=attributefix&gv=1.20.1
[01Aug2026 04:31:31.165] [main/INFO] [quark-zeta/]: Waiting for server start before accepting filewatcher changes to quark's config
[01Aug2026 04:31:31.238] [main/INFO] [Supplementaries/]: Finished mod setup in: [32, 5, 0, 1, 0, 0, 13, 2] ms
[01Aug2026 04:31:31.244] [Forge Version Check/INFO] [net.minecraftforge.fml.VersionChecker/]: [attributefix] Found status: BETA Current: 21.0.5 Target: 21.0.5
[01Aug2026 04:31:31.244] [Forge Version Check/INFO] [net.minecraftforge.fml.VersionChecker/]: [fragmentum] Starting version check at https://raw.githubusercontent.com/ObscuriaLithium/modding/main/versions/fragmentum.json
[01Aug2026 04:31:31.254] [Forge Version Check/INFO] [net.minecraftforge.fml.VersionChecker/]: [fragmentum] Found status: UP_TO_DATE Current: 1.3.0 Target: null
[01Aug2026 04:31:31.254] [Forge Version Check/INFO] [net.minecraftforge.fml.VersionChecker/]: [forge] Starting version check at https://files.minecraftforge.net/net/minecraftforge/forge/promotions_slim.json
[01Aug2026 04:31:31.336] [Forge Version Check/INFO] [net.minecraftforge.fml.VersionChecker/]: [forge] Found status: AHEAD Current: 47.4.22 Target: null
[01Aug2026 04:31:31.336] [Forge Version Check/INFO] [net.minecraftforge.fml.VersionChecker/]: [mr_clifftree] Starting version check at https://api.modrinth.com/updates/59ypHk8x/forge_updates.json
[01Aug2026 04:31:31.399] [Forge Version Check/INFO] [net.minecraftforge.fml.VersionChecker/]: [mr_clifftree] Found status: OUTDATED Current: 1.7.2 Target: 1.7.2+mod
[01Aug2026 04:31:31.399] [Forge Version Check/INFO] [net.minecraftforge.fml.VersionChecker/]: [create_power_loader] Starting version check at https://raw.githubusercontent.com/hlysine/create_power_loader/main/update.json
[01Aug2026 04:31:31.408] [Forge Version Check/INFO] [net.minecraftforge.fml.VersionChecker/]: [create_power_loader] Found status: UP_TO_DATE Current: 2.0.3-mc1.20.1 Target: null
[01Aug2026 04:31:31.408] [Forge Version Check/INFO] [net.minecraftforge.fml.VersionChecker/]: [aquamirae] Starting version check at https://raw.githubusercontent.com/ObscuriaLithium/modding/main/versions/aquamirae.json
[01Aug2026 04:31:31.419] [Forge Version Check/INFO] [net.minecraftforge.fml.VersionChecker/]: [aquamirae] Found status: OUTDATED Current: 6.4.0 Target: 7.1.8
[01Aug2026 04:31:31.419] [Forge Version Check/INFO] [net.minecraftforge.fml.VersionChecker/]: [controlling] Starting version check at https://updates.blamejared.com/get?n=controlling&gv=1.20.1
[01Aug2026 04:31:31.515] [Forge Version Check/INFO] [net.minecraftforge.fml.VersionChecker/]: [controlling] Found status: BETA Current: 12.0.2 Target: 12.0.2
[01Aug2026 04:31:31.515] [Forge Version Check/INFO] [net.minecraftforge.fml.VersionChecker/]: [bookshelf] Starting version check at https://updates.blamejared.com/get?n=bookshelf&gv=1.20.1
[01Aug2026 04:31:31.611] [Forge Version Check/INFO] [net.minecraftforge.fml.VersionChecker/]: [bookshelf] Found status: BETA Current: 20.2.15 Target: 20.2.15
[01Aug2026 04:31:31.611] [Forge Version Check/INFO] [net.minecraftforge.fml.VersionChecker/]: [create_connected] Starting version check at https://raw.githubusercontent.com/hlysine/create_connected/main/update.json
[01Aug2026 04:31:31.619] [Forge Version Check/INFO] [net.minecraftforge.fml.VersionChecker/]: [create_connected] Found status: UP_TO_DATE Current: 1.2.3-mc1.20.1 Target: null
[01Aug2026 04:31:31.619] [Forge Version Check/INFO] [net.minecraftforge.fml.VersionChecker/]: [anvianslib] Starting version check at https://api.modrinth.com/updates/PuTjrq4T/forge_updates.json
[01Aug2026 04:31:31.642] [Forge Version Check/INFO] [net.minecraftforge.fml.VersionChecker/]: [anvianslib] Found status: UP_TO_DATE Current: 1.4.2 Target: null
[01Aug2026 04:31:31.642] [Forge Version Check/INFO] [net.minecraftforge.fml.VersionChecker/]: [bedbenefits] Starting version check at https://updates.blamejared.com/get?n=bedbenefits&gv=1.20.1
[01Aug2026 04:31:31.685] [modloading-worker-0/INFO] [AttributeFix/]: Loaded values for 46 compatible attributes.
[01Aug2026 04:31:31.691] [modloading-worker-0/WARN] [AttributeFix/]: Attribute ID 'unionlib:generic.arrow_velocity' does not belong to a known attribute. This entry will be ignored.
[01Aug2026 04:31:31.693] [modloading-worker-0/WARN] [AttributeFix/]: Attribute ID 'protection_pixel:suspension' does not belong to a known attribute. This entry will be ignored.
[01Aug2026 04:31:31.693] [modloading-worker-0/WARN] [AttributeFix/]: Attribute ID 'protection_pixel:jumpboost' does not belong to a known attribute. This entry will be ignored.
[01Aug2026 04:31:31.693] [modloading-worker-0/WARN] [AttributeFix/]: Attribute ID 'protection_pixel:effectclear' does not belong to a known attribute. This entry will be ignored.
[01Aug2026 04:31:31.693] [modloading-worker-0/WARN] [AttributeFix/]: Attribute ID 'protection_pixel:highspeeddamageincrease' does not belong to a known attribute. This entry will be ignored.
[01Aug2026 04:31:31.693] [modloading-worker-0/WARN] [AttributeFix/]: Attribute ID 'protection_pixel:falldamagereduction' does not belong to a known attribute. This entry will be ignored.
[01Aug2026 04:31:31.693] [modloading-worker-0/WARN] [AttributeFix/]: Attribute ID 'protection_pixel:dynamicentityperception' does not belong to a known attribute. This entry will be ignored.
[01Aug2026 04:31:31.693] [modloading-worker-0/WARN] [AttributeFix/]: Attribute ID 'protection_pixel:fogperspective' does not belong to a known attribute. This entry will be ignored.
[01Aug2026 04:31:31.693] [modloading-worker-0/WARN] [AttributeFix/]: Attribute ID 'unionlib:generic.critical_rate' does not belong to a known attribute. This entry will be ignored.
[01Aug2026 04:31:31.693] [modloading-worker-0/WARN] [AttributeFix/]: Attribute ID 'protection_pixel:drone' does not belong to a known attribute. This entry will be ignored.
[01Aug2026 04:31:31.694] [modloading-worker-0/WARN] [AttributeFix/]: Attribute ID 'protection_pixel:prostheticattack' does not belong to a known attribute. This entry will be ignored.
[01Aug2026 04:31:31.694] [modloading-worker-0/WARN] [AttributeFix/]: Attribute ID 'protection_pixel:hellfire' does not belong to a known attribute. This entry will be ignored.
[01Aug2026 04:31:31.694] [modloading-worker-0/WARN] [AttributeFix/]: Attribute ID 'protection_pixel:neutrality' does not belong to a known attribute. This entry will be ignored.
[01Aug2026 04:31:31.694] [modloading-worker-0/WARN] [AttributeFix/]: Attribute ID 'protection_pixel:breathinswimming' does not belong to a known attribute. This entry will be ignored.
[01Aug2026 04:31:31.694] [modloading-worker-0/WARN] [AttributeFix/]: Attribute ID 'protection_pixel:shielda' does not belong to a known attribute. This entry will be ignored.
[01Aug2026 04:31:31.694] [modloading-worker-0/WARN] [AttributeFix/]: Attribute ID 'protection_pixel:rocketassist' does not belong to a known attribute. This entry will be ignored.
[01Aug2026 04:31:31.694] [modloading-worker-0/WARN] [AttributeFix/]: Attribute ID 'reach-entity-attributes:attack_range' does not belong to a known attribute. This entry will be ignored.
[01Aug2026 04:31:31.694] [modloading-worker-0/WARN] [AttributeFix/]: Attribute ID 'unionlib:generic.accuracy' does not belong to a known attribute. This entry will be ignored.
[01Aug2026 04:31:31.694] [modloading-worker-0/WARN] [AttributeFix/]: Attribute ID 'protection_pixel:arrowmarking' does not belong to a known attribute. This entry will be ignored.
[01Aug2026 04:31:31.694] [modloading-worker-0/WARN] [AttributeFix/]: Attribute ID 'protection_pixel:magneticrange' does not belong to a known attribute. This entry will be ignored.
[01Aug2026 04:31:31.694] [modloading-worker-0/WARN] [AttributeFix/]: Attribute ID 'puffish_attributes:stamina' does not belong to a known attribute. This entry will be ignored.
[01Aug2026 04:31:31.695] [modloading-worker-0/WARN] [AttributeFix/]: Attribute ID 'protection_pixel:pneumaticpickaxea' does not belong to a known attribute. This entry will be ignored.
[01Aug2026 04:31:31.695] [modloading-worker-0/WARN] [AttributeFix/]: Attribute ID 'protection_pixel:magicdamagereduction' does not belong to a known attribute. This entry will be ignored.
[01Aug2026 04:31:31.695] [modloading-worker-0/WARN] [AttributeFix/]: Attribute ID 'reach-entity-attributes:reach' does not belong to a known attribute. This entry will be ignored.
[01Aug2026 04:31:31.695] [modloading-worker-0/WARN] [AttributeFix/]: Attribute ID 'protection_pixel:floatshieldattribute' does not belong to a known attribute. This entry will be ignored.
[01Aug2026 04:31:31.695] [modloading-worker-0/WARN] [AttributeFix/]: Attribute ID 'unionlib:generic.arrow_damage' does not belong to a known attribute. This entry will be ignored.
[01Aug2026 04:31:31.695] [modloading-worker-0/WARN] [AttributeFix/]: Attribute ID 'protection_pixel:weakradiation' does not belong to a known attribute. This entry will be ignored.
[01Aug2026 04:31:31.695] [modloading-worker-0/WARN] [AttributeFix/]: Attribute ID 'minecraft:player.block_break_speed' does not belong to a known attribute. This entry will be ignored.
[01Aug2026 04:31:31.695] [modloading-worker-0/WARN] [AttributeFix/]: Attribute ID 'protection_pixel:burnreduction' does not belong to a known attribute. This entry will be ignored.
[01Aug2026 04:31:31.695] [modloading-worker-0/WARN] [AttributeFix/]: Attribute ID 'protection_pixel:cleave' does not belong to a known attribute. This entry will be ignored.
[01Aug2026 04:31:31.698] [modloading-worker-0/WARN] [AttributeFix/]: Attribute ID 'unionlib:generic.critical_damage' does not belong to a known attribute. This entry will be ignored.
[01Aug2026 04:31:31.698] [modloading-worker-0/WARN] [AttributeFix/]: Attribute ID 'autoleveling:monster.explosion_damage_bonus' does not belong to a known attribute. This entry will be ignored.
[01Aug2026 04:31:31.698] [modloading-worker-0/WARN] [AttributeFix/]: Attribute ID 'protection_pixel:arrowbarrier' does not belong to a known attribute. This entry will be ignored.
[01Aug2026 04:31:31.698] [modloading-worker-0/WARN] [AttributeFix/]: Attribute ID 'protection_pixel:magneticattracttarget' does not belong to a known attribute. This entry will be ignored.
[01Aug2026 04:31:31.698] [modloading-worker-0/WARN] [AttributeFix/]: Attribute ID 'protection_pixel:healthconversion' does not belong to a known attribute. This entry will be ignored.
[01Aug2026 04:31:31.698] [modloading-worker-0/WARN] [AttributeFix/]: Attribute ID 'autoleveling:monster.projectile_damage_bonus' does not belong to a known attribute. This entry will be ignored.
[01Aug2026 04:31:31.698] [modloading-worker-0/WARN] [AttributeFix/]: Attribute ID 'protection_pixel:preventburial' does not belong to a known attribute. This entry will be ignored.
[01Aug2026 04:31:31.698] [modloading-worker-0/WARN] [AttributeFix/]: Attribute ID 'unionlib:generic.draw_speed' does not belong to a known attribute. This entry will be ignored.
[01Aug2026 04:31:31.698] [modloading-worker-0/INFO] [AttributeFix/]: Loaded 84 values from config.
[01Aug2026 04:31:31.715] [modloading-worker-0/INFO] [AttributeFix/]: Saving config file. 84 entries.
[01Aug2026 04:31:31.715] [modloading-worker-0/INFO] [AttributeFix/]: Applying changes for 84 attributes.
[01Aug2026 04:31:31.724] [modloading-worker-0/INFO] [STDOUT/]: [com.mrh0.createaddition.CreateAddition:postInit:136]: Create Crafts & Additions Initialized!
[01Aug2026 04:31:31.738] [Forge Version Check/INFO] [net.minecraftforge.fml.VersionChecker/]: [bedbenefits] Found status: BETA Current: 13.0.4 Target: 13.0.4
[01Aug2026 04:31:31.739] [Forge Version Check/INFO] [net.minecraftforge.fml.VersionChecker/]: [copycats] Starting version check at https://raw.githubusercontent.com/copycats-plus/copycats/multiloader/update.json
[01Aug2026 04:31:31.744] [modloading-worker-0/INFO] [Jade/]: Start loading plugin at io.github.mortuusars.exposure.integration.jade.ExposureJadePlugin
[01Aug2026 04:31:31.749] [Forge Version Check/INFO] [net.minecraftforge.fml.VersionChecker/]: [copycats] Found status: AHEAD Current: 3.0.7+mc.1.20.1-forge Target: null
[01Aug2026 04:31:31.749] [Forge Version Check/INFO] [net.minecraftforge.fml.VersionChecker/]: [sliceanddice] Starting version check at https://api.modrinth.com/updates/slice-and-dice/forge_updates.json
[01Aug2026 04:31:31.750] [modloading-worker-0/INFO] [Jade/]: Start loading plugin at snownee.jade.addon.JadeAddonsBase
[01Aug2026 04:31:31.760] [modloading-worker-0/INFO] [Jade/]: Start loading plugin at snownee.kiwi.customization.compat.jade.JadeCompat
[01Aug2026 04:31:31.760] [modloading-worker-0/INFO] [Jade/]: Start loading plugin at ht.treechop.compat.Jade
[01Aug2026 04:31:31.761] [modloading-worker-0/INFO] [Jade/]: Start loading plugin at de.theidler.create_mobile_packages.compat.jade.JadePlugin
[01Aug2026 04:31:31.762] [modloading-worker-0/INFO] [Jade/]: Start loading plugin at dev.kvnmtz.createmobspawners.compat.waila.CreateMobSpawnersWailaPlugin
[01Aug2026 04:31:31.763] [modloading-worker-0/INFO] [Jade/]: Start loading plugin at snownee.jade.addon.vanilla.VanillaPlugin
[01Aug2026 04:31:31.773] [Forge Version Check/INFO] [net.minecraftforge.fml.VersionChecker/]: [sliceanddice] Found status: UP_TO_DATE Current: 3.6.0 Target: null
[01Aug2026 04:31:31.773] [Forge Version Check/INFO] [net.minecraftforge.fml.VersionChecker/]: [create_ltab] Starting version check at https://api.modrinth.com/updates/create-let-the-adventure-begin/forge_updates.json
[01Aug2026 04:31:31.780] [modloading-worker-0/INFO] [Jade/]: Start loading plugin at snownee.jade.addon.universal.UniversalPlugin
[01Aug2026 04:31:31.784] [modloading-worker-0/INFO] [Jade/]: Start loading plugin at snownee.jade.addon.core.CorePlugin
[01Aug2026 04:31:31.786] [modloading-worker-0/INFO] [Jade/]: Start loading plugin at net.bananemdnsa.historystages.jade.JadePlugin
[01Aug2026 04:31:31.787] [modloading-worker-0/INFO] [Jade/]: Start loading plugin at net.mehvahdjukaar.supplementaries.integration.JadeCompat
[01Aug2026 04:31:31.800] [Forge Version Check/INFO] [net.minecraftforge.fml.VersionChecker/]: [create_ltab] Found status: OUTDATED Current: 4.0.0 Target: 4.0.3
[01Aug2026 04:31:31.801] [Forge Version Check/INFO] [net.minecraftforge.fml.VersionChecker/]: [configured] Starting version check at https://mrcrayfish.com/modupdatejson?id=configured
[01Aug2026 04:31:31.815] [main/INFO] [citadel/]: adding citadel surface rules via terrablender...
[01Aug2026 04:31:31.817] [main/INFO] [citadel/]: Added 0 vanilla biome surface rule types via terrablender
[01Aug2026 04:31:31.817] [main/INFO] [citadel/]: Added 0 modded biome surface rule types via terrablender
[01Aug2026 04:31:31.910] [Forge Version Check/WARN] [net.minecraftforge.fml.VersionChecker/]: Failed to process update information
com.google.gson.JsonSyntaxException: java.lang.IllegalStateException: Expected BEGIN_OBJECT but was STRING at line 1 column 1 path $
	at com.google.gson.Gson.fromJson(Gson.java:1226) ~[gson-2.10.jar%2370!/:?]
	at com.google.gson.Gson.fromJson(Gson.java:1124) ~[gson-2.10.jar%2370!/:?]
	at com.google.gson.Gson.fromJson(Gson.java:1034) ~[gson-2.10.jar%2370!/:?]
	at com.google.gson.Gson.fromJson(Gson.java:969) ~[gson-2.10.jar%2370!/:?]
	at net.minecraftforge.fml.VersionChecker$1.process(VersionChecker.java:186) ~[fmlcore-1.20.1-47.4.22.jar%23691!/:?]
	at java.lang.Iterable.forEach(Iterable.java:75) ~[?:?]
	at net.minecraftforge.fml.VersionChecker$1.run(VersionChecker.java:117) ~[fmlcore-1.20.1-47.4.22.jar%23691!/:?]
Caused by: java.lang.IllegalStateException: Expected BEGIN_OBJECT but was STRING at line 1 column 1 path $
	at com.google.gson.stream.JsonReader.beginObject(JsonReader.java:393) ~[gson-2.10.jar%2370!/:?]
	at com.google.gson.internal.bind.MapTypeAdapterFactory$Adapter.read(MapTypeAdapterFactory.java:182) ~[gson-2.10.jar%2370!/:?]
	at com.google.gson.internal.bind.MapTypeAdapterFactory$Adapter.read(MapTypeAdapterFactory.java:144) ~[gson-2.10.jar%2370!/:?]
	at com.google.gson.Gson.fromJson(Gson.java:1214) ~[gson-2.10.jar%2370!/:?]
	... 6 more
[01Aug2026 04:31:31.911] [Forge Version Check/INFO] [net.minecraftforge.fml.VersionChecker/]: [smoothboot] Starting version check at https://github.com/AbdElAziz333/SmoothBoot-Reloaded/raw/mc1.20.1/dev/updates.json
[01Aug2026 04:31:31.946] [Forge Version Check/WARN] [net.minecraftforge.fml.VersionChecker/]: Failed to process update information
com.google.gson.JsonSyntaxException: java.lang.IllegalStateException: Expected BEGIN_OBJECT but was STRING at line 9 column 1 path $
	at com.google.gson.Gson.fromJson(Gson.java:1226) ~[gson-2.10.jar%2370!/:?]
	at com.google.gson.Gson.fromJson(Gson.java:1124) ~[gson-2.10.jar%2370!/:?]
	at com.google.gson.Gson.fromJson(Gson.java:1034) ~[gson-2.10.jar%2370!/:?]
	at com.google.gson.Gson.fromJson(Gson.java:969) ~[gson-2.10.jar%2370!/:?]
	at net.minecraftforge.fml.VersionChecker$1.process(VersionChecker.java:186) ~[fmlcore-1.20.1-47.4.22.jar%23691!/:?]
	at java.lang.Iterable.forEach(Iterable.java:75) ~[?:?]
	at net.minecraftforge.fml.VersionChecker$1.run(VersionChecker.java:117) ~[fmlcore-1.20.1-47.4.22.jar%23691!/:?]
Caused by: java.lang.IllegalStateException: Expected BEGIN_OBJECT but was STRING at line 9 column 1 path $
	at com.google.gson.stream.JsonReader.beginObject(JsonReader.java:393) ~[gson-2.10.jar%2370!/:?]
	at com.google.gson.internal.bind.MapTypeAdapterFactory$Adapter.read(MapTypeAdapterFactory.java:182) ~[gson-2.10.jar%2370!/:?]
	at com.google.gson.internal.bind.MapTypeAdapterFactory$Adapter.read(MapTypeAdapterFactory.java:144) ~[gson-2.10.jar%2370!/:?]
	at com.google.gson.Gson.fromJson(Gson.java:1214) ~[gson-2.10.jar%2370!/:?]
	... 6 more
[01Aug2026 04:31:31.946] [Forge Version Check/INFO] [net.minecraftforge.fml.VersionChecker/]: [iceberg] Starting version check at https://mc-update-check.anthonyhilyard.com/520110
[01Aug2026 04:31:32.835] [main/INFO] [com.mojang.authlib.yggdrasil.YggdrasilAuthenticationService/]: Environment: authHost='https://authserver.mojang.com', accountsHost='https://api.mojang.com', sessionHost='https://sessionserver.mojang.com', servicesHost='https://api.minecraftservices.com', name='PROD'
[01Aug2026 04:31:32.874] [main/INFO] [rechiseled/]: 1 chiseling plugins were registered: [rechiseled:datapacks]
[01Aug2026 04:31:33.954] [main/INFO] [com.mojang.datafixers.DataFixerBuilder/]: 0 Datafixer optimizations took 0 milliseconds
[01Aug2026 04:31:33.987] [main/WARN] [net.minecraft.server.packs.VanillaPackResourcesBuilder/]: Assets URL 'union:/workspaces/serv/servidor_minecraft/libraries/net/minecraft/server/1.20.1-20230612.114412/server-1.20.1-20230612.114412-srg.jar%23690!/assets/.mcassetsroot' uses unexpected schema
[01Aug2026 04:31:33.987] [main/WARN] [net.minecraft.server.packs.VanillaPackResourcesBuilder/]: Assets URL 'union:/workspaces/serv/servidor_minecraft/libraries/net/minecraft/server/1.20.1-20230612.114412/server-1.20.1-20230612.114412-srg.jar%23690!/data/.mcassetsroot' uses unexpected schema
[01Aug2026 04:31:34.447] [main/INFO] [com.simibubi.create.Create/]: Created 281 recipes which will be injected into the game
[01Aug2026 04:31:34.456] [main/INFO] [com.simibubi.create.Create/]: Created 2 tags which will be injected into the game
[01Aug2026 04:31:34.960] [main/INFO] [End's Phantasm/]: [Phantasm] Loading Configs for Phantasm
[01Aug2026 04:31:34.961] [main/WARN] [End's Phantasm/]: [Phantasm] Couldn't find config value for path : "[dreaming_den, entities, behemoth, snoring_volume]", defaulting to 1
[01Aug2026 04:31:35.903] [main/INFO] [End's Phantasm/]: [Phantasm] Loading Configs for Phantasm
[01Aug2026 04:31:35.904] [main/WARN] [End's Phantasm/]: [Phantasm] Couldn't find config value for path : "[dreaming_den, entities, behemoth, snoring_volume]", defaulting to 1
[01Aug2026 04:31:35.937] [main/INFO] [KubeJS Server/]: example.js#5: Hello, World! (Loaded server scripts)
[01Aug2026 04:31:35.938] [main/INFO] [KubeJS Server/]: Loaded script server_scripts:example.js in 0.0 s
[01Aug2026 04:31:35.938] [main/INFO] [KubeJS Server/]: Loaded 1/1 KubeJS server scripts in 0.021 s with 0 errors and 0 warnings
[01Aug2026 04:31:35.938] [main/INFO] [KubeJS Server/]: Scripts loaded
[01Aug2026 04:31:35.957] [main/INFO] [com.teamabnormals.blueprint.core.Blueprint/]: Successfully loaded 0 data remolders!
[01Aug2026 04:31:35.963] [main/INFO] [Moonlight/]: Starting runtime resource generation for pack type SERVER_DATA with generators from mods [supplementaries]: [net.mehvahdjukaar.supplementaries.dynamicpack.ServerDynamicResourcesGenerator@6d6cdb4a]
[01Aug2026 04:31:35.964] [main/INFO] [Moonlight/]: Generating runtime assets for pack Supplementaries Generated Pack (supplementaries)
[01Aug2026 04:31:36.000] [main/INFO] [Supplementaries/]: Generated runtime SERVER_DATA for pack Supplementaries Generated Pack (supplementaries) in: 36 ms (multithreaded)
[01Aug2026 04:31:36.001] [main/INFO] [Moonlight/]: Finished runtime resources generation for 1 packs in a total of 37 ms
[01Aug2026 04:31:37.079] [main/INFO] [com.cupboard.Cupboard/]: Loaded config for: connectivity.json
[01Aug2026 04:31:37.362] [main/INFO] [End's Phantasm/]: [Phantasm] Applying configured data: minecraft:worldgen/noise_settings/end.json
[01Aug2026 04:31:37.672] [main/INFO] [Cold Sweat/]: Skipping registration of cold_sweat:world/temp_region cold_sweat:cold_sweat/world/temp_region/compat/default_aether.json: required mods not met
[01Aug2026 04:31:37.688] [main/INFO] [Cold Sweat/]: Skipping registration of cold_sweat:item/insulator cold_sweat:cold_sweat/item/insulator/ad_astra/jet_suit/jet_suit.json: required mods not met
[01Aug2026 04:31:37.689] [main/INFO] [Cold Sweat/]: Skipping registration of cold_sweat:item/insulator cold_sweat:cold_sweat/item/insulator/ad_astra/jet_suit/jet_suit_boots.json: required mods not met
[01Aug2026 04:31:37.689] [main/INFO] [Cold Sweat/]: Skipping registration of cold_sweat:item/insulator cold_sweat:cold_sweat/item/insulator/ad_astra/jet_suit/jet_suit_helmet.json: required mods not met
[01Aug2026 04:31:37.689] [main/INFO] [Cold Sweat/]: Skipping registration of cold_sweat:item/insulator cold_sweat:cold_sweat/item/insulator/ad_astra/jet_suit/jet_suit_pants.json: required mods not met
[01Aug2026 04:31:37.689] [main/INFO] [Cold Sweat/]: Skipping registration of cold_sweat:item/insulator cold_sweat:cold_sweat/item/insulator/ad_astra/netherite_space_suit/netherite_space_boots.json: required mods not met
[01Aug2026 04:31:37.689] [main/INFO] [Cold Sweat/]: Skipping registration of cold_sweat:item/insulator cold_sweat:cold_sweat/item/insulator/ad_astra/netherite_space_suit/netherite_space_helmet.json: required mods not met
[01Aug2026 04:31:37.689] [main/INFO] [Cold Sweat/]: Skipping registration of cold_sweat:item/insulator cold_sweat:cold_sweat/item/insulator/ad_astra/netherite_space_suit/netherite_space_pants.json: required mods not met
[01Aug2026 04:31:37.689] [main/INFO] [Cold Sweat/]: Skipping registration of cold_sweat:item/insulator cold_sweat:cold_sweat/item/insulator/ad_astra/netherite_space_suit/netherite_space_suit.json: required mods not met
[01Aug2026 04:31:37.690] [main/INFO] [Cold Sweat/]: Skipping registration of cold_sweat:item/insulator cold_sweat:cold_sweat/item/insulator/ad_astra/space_suit/space_boots.json: required mods not met
[01Aug2026 04:31:37.690] [main/INFO] [Cold Sweat/]: Skipping registration of cold_sweat:item/insulator cold_sweat:cold_sweat/item/insulator/ad_astra/space_suit/space_helmet.json: required mods not met
[01Aug2026 04:31:37.690] [main/INFO] [Cold Sweat/]: Skipping registration of cold_sweat:item/insulator cold_sweat:cold_sweat/item/insulator/ad_astra/space_suit/space_pants.json: required mods not met
[01Aug2026 04:31:37.690] [main/INFO] [Cold Sweat/]: Skipping registration of cold_sweat:item/insulator cold_sweat:cold_sweat/item/insulator/ad_astra/space_suit/space_suit.json: required mods not met
[01Aug2026 04:31:37.694] [main/INFO] [Cold Sweat/]: Skipping registration of cold_sweat:item/insulator cold_sweat:cold_sweat/item/insulator/irons_spells/fireward_ring.json: required mods not met
[01Aug2026 04:31:37.694] [main/INFO] [Cold Sweat/]: Skipping registration of cold_sweat:item/insulator cold_sweat:cold_sweat/item/insulator/irons_spells/frostward_ring.json: required mods not met
[01Aug2026 04:31:37.697] [main/INFO] [Cold Sweat/]: Skipping registration of cold_sweat:entity/entity_temp cold_sweat:cold_sweat/entity/entity_temp/boatload/furnace_boat.json: required mods not met
[01Aug2026 04:31:37.698] [main/INFO] [Cold Sweat/]: Skipping registration of cold_sweat:entity/entity_temp cold_sweat:cold_sweat/entity/entity_temp/soul_fire_d/on_normal_fire.json: required mods not met
[01Aug2026 04:31:37.698] [main/INFO] [Cold Sweat/]: Skipping registration of cold_sweat:entity/entity_temp cold_sweat:cold_sweat/entity/entity_temp/soul_fire_d/on_soul_fire.json: required mods not met
[01Aug2026 04:31:37.702] [main/INFO] [Cold Sweat/]: Skipping registration of cold_sweat:world/dimension_temp cold_sweat:cold_sweat/world/dimension_temp/adastra/glacio.json: required mods not met
[01Aug2026 04:31:37.702] [main/INFO] [Cold Sweat/]: Skipping registration of cold_sweat:world/dimension_temp cold_sweat:cold_sweat/world/dimension_temp/adastra/mars.json: required mods not met
[01Aug2026 04:31:37.702] [main/INFO] [Cold Sweat/]: Skipping registration of cold_sweat:world/dimension_temp cold_sweat:cold_sweat/world/dimension_temp/adastra/mercury.json: required mods not met
[01Aug2026 04:31:37.702] [main/INFO] [Cold Sweat/]: Skipping registration of cold_sweat:world/dimension_temp cold_sweat:cold_sweat/world/dimension_temp/adastra/moon.json: required mods not met
[01Aug2026 04:31:37.702] [main/INFO] [Cold Sweat/]: Skipping registration of cold_sweat:world/dimension_temp cold_sweat:cold_sweat/world/dimension_temp/adastra/orbit.json: required mods not met
[01Aug2026 04:31:37.702] [main/INFO] [Cold Sweat/]: Skipping registration of cold_sweat:world/dimension_temp cold_sweat:cold_sweat/world/dimension_temp/adastra/venus.json: required mods not met
[01Aug2026 04:31:37.978] [main/INFO] [End's Phantasm/]: [Phantasm] Applying configured data: minecraft:dimension/the_end.json
[01Aug2026 04:31:37.981] [main/INFO] [End's Phantasm/]: [Phantasm] Adding phantasm:dreaming_den to the End biome source at slice 1 out of 2
[01Aug2026 04:31:37.982] [main/INFO] [End's Phantasm/]: [Phantasm] Adding phantasm:acidburnt_abysses to the End biome source at slice 2 out of 2
[01Aug2026 04:31:38.719] [main/INFO] [Vinery/]: Registered /wine command
[01Aug2026 04:31:38.908] [main/INFO] [Eco Stack Manager/]: 🌐 Register Eco Stack Manager  Commands ...
[01Aug2026 04:31:38.909] [main/INFO] [Eco Stack Manager/]: 🌐 Register Eco Stack Manager  /eco_stack_manager commands for Eco Stack Manager ...
[01Aug2026 04:31:39.056] [Worker-Main-3/ERROR] [net.minecraft.tags.TagLoader/]: Couldn't load tag blueprint:generates_overrides as it is missing following references: unusualend:prismalite_gem (from unusualend-2.3.1.2.jar), 
	unusualend:shiny_crystal (from unusualend-2.3.1.2.jar), 
	unusualend:citrine_chunk (from unusualend-2.3.1.2.jar), 
	unusualend:pearlescent_ingot (from unusualend-2.3.1.2.jar)
[01Aug2026 04:31:39.067] [Worker-Main-1/ERROR] [net.minecraft.tags.TagLoader/]: Couldn't load tag minecraft:treasure as it is missing following references: minecraft:mending (from create_ltab-4.0.3.jar), 
	create_ltab:enchantment_luck (from create_ltab-4.0.3.jar), 
	create_ltab:wanderer (from create_ltab-4.0.3.jar), 
	minecraft:wind_burst (from create_ltab-4.0.3.jar)
[01Aug2026 04:31:39.068] [Worker-Main-1/ERROR] [net.minecraft.tags.TagLoader/]: Couldn't load tag minecraft:tradeable as it is missing following references: #minecraft:non_treasure (from create_ltab-4.0.3.jar), 
	minecraft:mending (from create_ltab-4.0.3.jar)
[01Aug2026 04:31:39.068] [Worker-Main-1/ERROR] [net.minecraft.tags.TagLoader/]: Couldn't load tag minecraft:on_random_loot as it is missing following references: #minecraft:non_treasure (from create_ltab-4.0.3.jar), 
	create_ltab:enchantment_luck (from create_ltab-4.0.3.jar), 
	minecraft:mending (from create_ltab-4.0.3.jar)
[01Aug2026 04:31:39.068] [Worker-Main-1/ERROR] [net.minecraft.tags.TagLoader/]: Couldn't load tag minecraft:in_enchanting_table as it is missing following references: #minecraft:non_treasure (from create_ltab-4.0.3.jar), 
	create_ltab:enchantment_luck (from create_ltab-4.0.3.jar)
[01Aug2026 04:31:39.084] [Worker-Main-3/INFO] [com.mafuyu404.oneenoughitem.Oneenoughitem/]: Enabled reload-override mapping for this resource reload: 12 items
[01Aug2026 04:31:39.123] [Worker-Main-7/ERROR] [net.minecraft.tags.TagLoader/]: Couldn't load tag unusualend:void_tracker_located as it is missing following references: unusualend:gloopy_citadel (from unusualend-2.3.1.2.jar)
[01Aug2026 04:31:39.124] [Worker-Main-7/ERROR] [net.minecraft.tags.TagLoader/]: Couldn't load tag minecraft:void_tracker_located as it is missing following references: minecraft: (from unusualend-2.3.1.2.jar)
[01Aug2026 04:31:39.521] [Worker-Main-4/ERROR] [net.minecraft.tags.TagLoader/]: Couldn't load tag idas:has_structure/byg_redwood_biomes as it is missing following references: byg:redwood_thicket (from idas_forge-1.13.0+1.20.1.jar)
[01Aug2026 04:31:39.521] [Worker-Main-4/ERROR] [net.minecraft.tags.TagLoader/]: Couldn't load tag idas:has_structure/bopmohogany_biomes as it is missing following references: biomesoplenty:rainforest (from idas_forge-1.13.0+1.20.1.jar)
[01Aug2026 04:31:39.522] [Worker-Main-4/ERROR] [net.minecraft.tags.TagLoader/]: Couldn't load tag idas:has_structure/bygmohogany_biomes as it is missing following references: byg:tropical_rainforest (from idas_forge-1.13.0+1.20.1.jar)
[01Aug2026 04:31:39.523] [Worker-Main-4/ERROR] [net.minecraft.tags.TagLoader/]: Couldn't load tag idas:has_structure/bopredwood_biomes as it is missing following references: biomesoplenty:redwood_forest (from idas_forge-1.13.0+1.20.1.jar)
[01Aug2026 04:31:40.251] [Worker-Main-11/ERROR] [net.minecraft.tags.TagLoader/]: Couldn't load tag minecraft:fan_transparent as it is missing following references: create:void_steel_bars (from createutilities-0.3.2+1.20.1.jar)
[01Aug2026 04:31:40.438] [Worker-Main-3/ERROR] [net.minecraft.tags.TagLoader/]: Couldn't load tag compat_farmersdelight:corn as it is missing following references: hauntedharvest:corn (from Compat_FarmersDelight.jar)
[01Aug2026 04:31:40.492] [Worker-Main-3/ERROR] [net.minecraft.tags.TagLoader/]: Couldn't load tag forge:crops/corn as it is missing following references: culturaldelights:corn_cob (from Compat_FarmersDelight.jar), 
	hauntedharvest:corn (from Compat_FarmersDelight.jar)
[01Aug2026 04:31:40.542] [Worker-Main-3/ERROR] [net.minecraft.tags.TagLoader/]: Couldn't load tag create_security:card as it is missing following references: create_furniture:blank_ticket (from create_security-0.1.2-forge-1.20.1.jar), 
	create_furniture:blank_card (from create_security-0.1.2-forge-1.20.1.jar)
[01Aug2026 04:31:40.556] [Worker-Main-3/ERROR] [net.minecraft.tags.TagLoader/]: Couldn't load tag culturaldelights:cucumbers as it is missing following references: culturaldelights:cucumber (from Compat_FarmersDelight.jar), 
	culturaldelights:cut_cucumber (from Compat_FarmersDelight.jar), 
	vintagedelight:cucumber (from Compat_FarmersDelight.jar)
[01Aug2026 04:31:41.039] [Worker-Main-8/ERROR] [net.minecraftforge.common.ForgeHooks/]: Couldn't parse element loot_tables:extra_compat:blocks/tortoise_egg_crate
com.google.gson.JsonSyntaxException: Expected name to be an item, was unknown string 'extra_compat:tortoise_egg_crate'
	at net.minecraft.util.GsonHelper.m_13866_(GsonHelper.java:145) ~[server-1.20.1-20230612.114412-srg.jar%23690!/:?]
	at java.util.Optional.orElseThrow(Optional.java:403) ~[?:?]
	at net.minecraft.util.GsonHelper.m_13874_(GsonHelper.java:145) ~[server-1.20.1-20230612.114412-srg.jar%23690!/:?]
	at net.minecraft.util.GsonHelper.m_13909_(GsonHelper.java:153) ~[server-1.20.1-20230612.114412-srg.jar%23690!/:?]
	at net.minecraft.world.level.storage.loot.entries.LootItem$Serializer.m_7267_(LootItem.java:55) ~[server-1.20.1-20230612.114412-srg.jar%23690!/:?]
	at net.minecraft.world.level.storage.loot.entries.LootItem$Serializer.m_7267_(LootItem.java:40) ~[server-1.20.1-20230612.114412-srg.jar%23690!/:?]
	at net.minecraft.world.level.storage.loot.entries.LootPoolSingletonContainer$Serializer.m_5921_(LootPoolSingletonContainer.java:151) ~[server-1.20.1-20230612.114412-srg.jar%23690!/:?]
	at net.minecraft.world.level.storage.loot.entries.LootPoolSingletonContainer$Serializer.m_5921_(LootPoolSingletonContainer.java:129) ~[server-1.20.1-20230612.114412-srg.jar%23690!/:?]
	at net.minecraft.world.level.storage.loot.entries.LootPoolEntryContainer$Serializer.m_7561_(LootPoolEntryContainer.java:86) ~[server-1.20.1-20230612.114412-srg.jar%23690!/:?]
	at net.minecraft.world.level.storage.loot.entries.LootPoolEntryContainer$Serializer.m_7561_(LootPoolEntryContainer.java:74) ~[server-1.20.1-20230612.114412-srg.jar%23690!/:?]
	at net.minecraft.world.level.storage.loot.GsonAdapterFactory$JsonAdapter.deserialize(GsonAdapterFactory.java:102) ~[server-1.20.1-20230612.114412-srg.jar%23690!/:?]
	at com.google.gson.internal.bind.TreeTypeAdapter.read(TreeTypeAdapter.java:76) ~[gson-2.10.jar%2370!/:?]
	at com.google.gson.internal.bind.TypeAdapterRuntimeTypeWrapper.read(TypeAdapterRuntimeTypeWrapper.java:40) ~[gson-2.10.jar%2370!/:?]
	at com.google.gson.internal.bind.ArrayTypeAdapter.read(ArrayTypeAdapter.java:72) ~[gson-2.10.jar%2370!/:?]
	at com.google.gson.Gson.fromJson(Gson.java:1214) ~[gson-2.10.jar%2370!/:?]
	at com.google.gson.Gson.fromJson(Gson.java:1319) ~[gson-2.10.jar%2370!/:?]
	at com.google.gson.Gson.fromJson(Gson.java:1290) ~[gson-2.10.jar%2370!/:?]
	at com.google.gson.internal.bind.TreeTypeAdapter$GsonContextImpl.deserialize(TreeTypeAdapter.java:179) ~[gson-2.10.jar%2370!/:?]
	at net.minecraft.util.GsonHelper.m_13808_(GsonHelper.java:463) ~[server-1.20.1-20230612.114412-srg.jar%23690!/:?]
	at net.minecraft.util.GsonHelper.m_13836_(GsonHelper.java:471) ~[server-1.20.1-20230612.114412-srg.jar%23690!/:?]
	at net.minecraft.world.level.storage.loot.LootPool$Serializer.deserialize(LootPool.java:192) ~[server-1.20.1-20230612.114412-srg.jar%23690!/:?]
	at net.minecraft.world.level.storage.loot.LootPool$Serializer.deserialize(LootPool.java:189) ~[server-1.20.1-20230612.114412-srg.jar%23690!/:?]
	at com.google.gson.internal.bind.TreeTypeAdapter.read(TreeTypeAdapter.java:76) ~[gson-2.10.jar%2370!/:?]
	at com.google.gson.internal.bind.TypeAdapterRuntimeTypeWrapper.read(TypeAdapterRuntimeTypeWrapper.java:40) ~[gson-2.10.jar%2370!/:?]
	at com.google.gson.internal.bind.ArrayTypeAdapter.read(ArrayTypeAdapter.java:72) ~[gson-2.10.jar%2370!/:?]
	at com.google.gson.Gson.fromJson(Gson.java:1214) ~[gson-2.10.jar%2370!/:?]
	at com.google.gson.Gson.fromJson(Gson.java:1319) ~[gson-2.10.jar%2370!/:?]
	at com.google.gson.Gson.fromJson(Gson.java:1290) ~[gson-2.10.jar%2370!/:?]
	at com.google.gson.internal.bind.TreeTypeAdapter$GsonContextImpl.deserialize(TreeTypeAdapter.java:179) ~[gson-2.10.jar%2370!/:?]
	at net.minecraft.util.GsonHelper.m_13808_(GsonHelper.java:463) ~[server-1.20.1-20230612.114412-srg.jar%23690!/:?]
	at net.minecraft.util.GsonHelper.m_13845_(GsonHelper.java:481) ~[server-1.20.1-20230612.114412-srg.jar%23690!/:?]
	at net.minecraft.world.level.storage.loot.LootTable$Serializer.deserialize(LootTable.java:294) ~[server-1.20.1-20230612.114412-srg.jar%23690!/:?]
	at net.minecraft.world.level.storage.loot.LootTable$Serializer.deserialize(LootTable.java:291) ~[server-1.20.1-20230612.114412-srg.jar%23690!/:?]
	at com.google.gson.internal.bind.TreeTypeAdapter.read(TreeTypeAdapter.java:76) ~[gson-2.10.jar%2370!/:?]
	at com.google.gson.Gson.fromJson(Gson.java:1214) ~[gson-2.10.jar%2370!/:?]
	at com.google.gson.Gson.fromJson(Gson.java:1319) ~[gson-2.10.jar%2370!/:?]
	at com.google.gson.Gson.fromJson(Gson.java:1261) ~[gson-2.10.jar%2370!/:?]
	at net.minecraftforge.common.ForgeHooks.loadLootTable(ForgeHooks.java:872) ~[forge-1.20.1-47.4.22-universal.jar%23695!/:?]
	at net.minecraftforge.common.ForgeHooks.lambda$getLootTableDeserializer$3(ForgeHooks.java:849) ~[forge-1.20.1-47.4.22-universal.jar%23695!/:?]
	at net.minecraft.world.level.storage.loot.LootDataType.deserialize(LootDataType.java:45) ~[server-1.20.1-20230612.114412-srg.jar%23690!/:?]
	at net.minecraft.world.level.storage.loot.LootDataManager.lambda$scheduleElementParse$4(LootDataManager.java:56) ~[server-1.20.1-20230612.114412-srg.jar%23690!/:?]
	at java.util.HashMap.forEach(HashMap.java:1421) ~[?:?]
	at net.minecraft.world.level.storage.loot.LootDataManager.m_278660_(LootDataManager.java:55) ~[server-1.20.1-20230612.114412-srg.jar%23690!/:?]
	at java.util.concurrent.CompletableFuture$AsyncRun.run(CompletableFuture.java:1804) ~[?:?]
	at java.util.concurrent.CompletableFuture$AsyncRun.exec(CompletableFuture.java:1796) ~[?:?]
	at java.util.concurrent.ForkJoinTask.doExec(ForkJoinTask.java:373) ~[?:?]
	at java.util.concurrent.ForkJoinPool$WorkQueue.topLevelExec(ForkJoinPool.java:1182) ~[?:?]
	at java.util.concurrent.ForkJoinPool.scan(ForkJoinPool.java:1655) ~[?:?]
	at java.util.concurrent.ForkJoinPool.runWorker(ForkJoinPool.java:1622) ~[?:?]
	at java.util.concurrent.ForkJoinWorkerThread.run(ForkJoinWorkerThread.java:165) ~[?:?]
[01Aug2026 04:31:41.170] [Worker-Main-8/ERROR] [net.minecraftforge.common.ForgeHooks/]: Couldn't parse element loot_tables:idas:chests/dread_citadel/dread_citadel
com.google.gson.JsonSyntaxException: Expected name to be an item, was unknown string 'iceandfire:dread_shard'
	at net.minecraft.util.GsonHelper.m_13866_(GsonHelper.java:145) ~[server-1.20.1-20230612.114412-srg.jar%23690!/:?]
	at java.util.Optional.orElseThrow(Optional.java:403) ~[?:?]
	at net.minecraft.util.GsonHelper.m_13874_(GsonHelper.java:145) ~[server-1.20.1-20230612.114412-srg.jar%23690!/:?]
	at net.minecraft.util.GsonHelper.m_13909_(GsonHelper.java:153) ~[server-1.20.1-20230612.114412-srg.jar%23690!/:?]
	at net.minecraft.world.level.storage.loot.entries.LootItem$Serializer.m_7267_(LootItem.java:55) ~[server-1.20.1-20230612.114412-srg.jar%23690!/:?]
	at net.minecraft.world.level.storage.loot.entries.LootItem$Serializer.m_7267_(LootItem.java:40) ~[server-1.20.1-20230612.114412-srg.jar%23690!/:?]
	at net.minecraft.world.level.storage.loot.entries.LootPoolSingletonContainer$Serializer.m_5921_(LootPoolSingletonContainer.java:151) ~[server-1.20.1-20230612.114412-srg.jar%23690!/:?]
	at net.minecraft.world.level.storage.loot.entries.LootPoolSingletonContainer$Serializer.m_5921_(LootPoolSingletonContainer.java:129) ~[server-1.20.1-20230612.114412-srg.jar%23690!/:?]
	at net.minecraft.world.level.storage.loot.entries.LootPoolEntryContainer$Serializer.m_7561_(LootPoolEntryContainer.java:86) ~[server-1.20.1-20230612.114412-srg.jar%23690!/:?]
	at net.minecraft.world.level.storage.loot.entries.LootPoolEntryContainer$Serializer.m_7561_(LootPoolEntryContainer.java:74) ~[server-1.20.1-20230612.114412-srg.jar%23690!/:?]
	at net.minecraft.world.level.storage.loot.GsonAdapterFactory$JsonAdapter.deserialize(GsonAdapterFactory.java:102) ~[server-1.20.1-20230612.114412-srg.jar%23690!/:?]
	at com.google.gson.internal.bind.TreeTypeAdapter.read(TreeTypeAdapter.java:76) ~[gson-2.10.jar%2370!/:?]
	at com.google.gson.internal.bind.TypeAdapterRuntimeTypeWrapper.read(TypeAdapterRuntimeTypeWrapper.java:40) ~[gson-2.10.jar%2370!/:?]
	at com.google.gson.internal.bind.ArrayTypeAdapter.read(ArrayTypeAdapter.java:72) ~[gson-2.10.jar%2370!/:?]
	at com.google.gson.Gson.fromJson(Gson.java:1214) ~[gson-2.10.jar%2370!/:?]
	at com.google.gson.Gson.fromJson(Gson.java:1319) ~[gson-2.10.jar%2370!/:?]
	at com.google.gson.Gson.fromJson(Gson.java:1290) ~[gson-2.10.jar%2370!/:?]
	at com.google.gson.internal.bind.TreeTypeAdapter$GsonContextImpl.deserialize(TreeTypeAdapter.java:179) ~[gson-2.10.jar%2370!/:?]
	at net.minecraft.util.GsonHelper.m_13808_(GsonHelper.java:463) ~[server-1.20.1-20230612.114412-srg.jar%23690!/:?]
	at net.minecraft.util.GsonHelper.m_13836_(GsonHelper.java:471) ~[server-1.20.1-20230612.114412-srg.jar%23690!/:?]
	at net.minecraft.world.level.storage.loot.LootPool$Serializer.deserialize(LootPool.java:192) ~[server-1.20.1-20230612.114412-srg.jar%23690!/:?]
	at net.minecraft.world.level.storage.loot.LootPool$Serializer.deserialize(LootPool.java:189) ~[server-1.20.1-20230612.114412-srg.jar%23690!/:?]
	at com.google.gson.internal.bind.TreeTypeAdapter.read(TreeTypeAdapter.java:76) ~[gson-2.10.jar%2370!/:?]
	at com.google.gson.internal.bind.TypeAdapterRuntimeTypeWrapper.read(TypeAdapterRuntimeTypeWrapper.java:40) ~[gson-2.10.jar%2370!/:?]
	at com.google.gson.internal.bind.ArrayTypeAdapter.read(ArrayTypeAdapter.java:72) ~[gson-2.10.jar%2370!/:?]
	at com.google.gson.Gson.fromJson(Gson.java:1214) ~[gson-2.10.jar%2370!/:?]
	at com.google.gson.Gson.fromJson(Gson.java:1319) ~[gson-2.10.jar%2370!/:?]
	at com.google.gson.Gson.fromJson(Gson.java:1290) ~[gson-2.10.jar%2370!/:?]
	at com.google.gson.internal.bind.TreeTypeAdapter$GsonContextImpl.deserialize(TreeTypeAdapter.java:179) ~[gson-2.10.jar%2370!/:?]
	at net.minecraft.util.GsonHelper.m_13808_(GsonHelper.java:463) ~[server-1.20.1-20230612.114412-srg.jar%23690!/:?]
	at net.minecraft.util.GsonHelper.m_13845_(GsonHelper.java:481) ~[server-1.20.1-20230612.114412-srg.jar%23690!/:?]
	at net.minecraft.world.level.storage.loot.LootTable$Serializer.deserialize(LootTable.java:294) ~[server-1.20.1-20230612.114412-srg.jar%23690!/:?]
	at net.minecraft.world.level.storage.loot.LootTable$Serializer.deserialize(LootTable.java:291) ~[server-1.20.1-20230612.114412-srg.jar%23690!/:?]
	at com.google.gson.internal.bind.TreeTypeAdapter.read(TreeTypeAdapter.java:76) ~[gson-2.10.jar%2370!/:?]
	at com.google.gson.Gson.fromJson(Gson.java:1214) ~[gson-2.10.jar%2370!/:?]
	at com.google.gson.Gson.fromJson(Gson.java:1319) ~[gson-2.10.jar%2370!/:?]
	at com.google.gson.Gson.fromJson(Gson.java:1261) ~[gson-2.10.jar%2370!/:?]
	at net.minecraftforge.common.ForgeHooks.loadLootTable(ForgeHooks.java:872) ~[forge-1.20.1-47.4.22-universal.jar%23695!/:?]
	at net.minecraftforge.common.ForgeHooks.lambda$getLootTableDeserializer$3(ForgeHooks.java:849) ~[forge-1.20.1-47.4.22-universal.jar%23695!/:?]
	at net.minecraft.world.level.storage.loot.LootDataType.deserialize(LootDataType.java:45) ~[server-1.20.1-20230612.114412-srg.jar%23690!/:?]
	at net.minecraft.world.level.storage.loot.LootDataManager.lambda$scheduleElementParse$4(LootDataManager.java:56) ~[server-1.20.1-20230612.114412-srg.jar%23690!/:?]
	at java.util.HashMap.forEach(HashMap.java:1421) ~[?:?]
	at net.minecraft.world.level.storage.loot.LootDataManager.m_278660_(LootDataManager.java:55) ~[server-1.20.1-20230612.114412-srg.jar%23690!/:?]
	at java.util.concurrent.CompletableFuture$AsyncRun.run(CompletableFuture.java:1804) ~[?:?]
	at java.util.concurrent.CompletableFuture$AsyncRun.exec(CompletableFuture.java:1796) ~[?:?]
	at java.util.concurrent.ForkJoinTask.doExec(ForkJoinTask.java:373) ~[?:?]
	at java.util.concurrent.ForkJoinPool$WorkQueue.topLevelExec(ForkJoinPool.java:1182) ~[?:?]
	at java.util.concurrent.ForkJoinPool.scan(ForkJoinPool.java:1655) ~[?:?]
	at java.util.concurrent.ForkJoinPool.runWorker(ForkJoinPool.java:1622) ~[?:?]
	at java.util.concurrent.ForkJoinWorkerThread.run(ForkJoinWorkerThread.java:165) ~[?:?]
[01Aug2026 04:31:41.183] [Worker-Main-8/ERROR] [net.minecraftforge.common.ForgeHooks/]: Couldn't parse element loot_tables:mansions:mansion_common
com.google.gson.JsonSyntaxException: Missing name, expected to find a string
	at net.minecraft.util.GsonHelper.m_13906_(GsonHelper.java:127) ~[server-1.20.1-20230612.114412-srg.jar%23690!/:?]
	at net.minecraft.world.level.storage.loot.entries.LootTableReference$Serializer.m_7267_(LootTableReference.java:67) ~[server-1.20.1-20230612.114412-srg.jar%23690!/:?]
	at net.minecraft.world.level.storage.loot.entries.LootTableReference$Serializer.m_7267_(LootTableReference.java:58) ~[server-1.20.1-20230612.114412-srg.jar%23690!/:?]
	at net.minecraft.world.level.storage.loot.entries.LootPoolSingletonContainer$Serializer.m_5921_(LootPoolSingletonContainer.java:151) ~[server-1.20.1-20230612.114412-srg.jar%23690!/:?]
	at net.minecraft.world.level.storage.loot.entries.LootPoolSingletonContainer$Serializer.m_5921_(LootPoolSingletonContainer.java:129) ~[server-1.20.1-20230612.114412-srg.jar%23690!/:?]
	at net.minecraft.world.level.storage.loot.entries.LootPoolEntryContainer$Serializer.m_7561_(LootPoolEntryContainer.java:86) ~[server-1.20.1-20230612.114412-srg.jar%23690!/:?]
	at net.minecraft.world.level.storage.loot.entries.LootPoolEntryContainer$Serializer.m_7561_(LootPoolEntryContainer.java:74) ~[server-1.20.1-20230612.114412-srg.jar%23690!/:?]
	at net.minecraft.world.level.storage.loot.GsonAdapterFactory$JsonAdapter.deserialize(GsonAdapterFactory.java:102) ~[server-1.20.1-20230612.114412-srg.jar%23690!/:?]
	at com.google.gson.internal.bind.TreeTypeAdapter.read(TreeTypeAdapter.java:76) ~[gson-2.10.jar%2370!/:?]
	at com.google.gson.internal.bind.TypeAdapterRuntimeTypeWrapper.read(TypeAdapterRuntimeTypeWrapper.java:40) ~[gson-2.10.jar%2370!/:?]
	at com.google.gson.internal.bind.ArrayTypeAdapter.read(ArrayTypeAdapter.java:72) ~[gson-2.10.jar%2370!/:?]
	at com.google.gson.Gson.fromJson(Gson.java:1214) ~[gson-2.10.jar%2370!/:?]
	at com.google.gson.Gson.fromJson(Gson.java:1319) ~[gson-2.10.jar%2370!/:?]
	at com.google.gson.Gson.fromJson(Gson.java:1290) ~[gson-2.10.jar%2370!/:?]
	at com.google.gson.internal.bind.TreeTypeAdapter$GsonContextImpl.deserialize(TreeTypeAdapter.java:179) ~[gson-2.10.jar%2370!/:?]
	at net.minecraft.util.GsonHelper.m_13808_(GsonHelper.java:463) ~[server-1.20.1-20230612.114412-srg.jar%23690!/:?]
	at net.minecraft.util.GsonHelper.m_13836_(GsonHelper.java:471) ~[server-1.20.1-20230612.114412-srg.jar%23690!/:?]
	at net.minecraft.world.level.storage.loot.LootPool$Serializer.deserialize(LootPool.java:192) ~[server-1.20.1-20230612.114412-srg.jar%23690!/:?]
	at net.minecraft.world.level.storage.loot.LootPool$Serializer.deserialize(LootPool.java:189) ~[server-1.20.1-20230612.114412-srg.jar%23690!/:?]
	at com.google.gson.internal.bind.TreeTypeAdapter.read(TreeTypeAdapter.java:76) ~[gson-2.10.jar%2370!/:?]
	at com.google.gson.internal.bind.TypeAdapterRuntimeTypeWrapper.read(TypeAdapterRuntimeTypeWrapper.java:40) ~[gson-2.10.jar%2370!/:?]
	at com.google.gson.internal.bind.ArrayTypeAdapter.read(ArrayTypeAdapter.java:72) ~[gson-2.10.jar%2370!/:?]
	at com.google.gson.Gson.fromJson(Gson.java:1214) ~[gson-2.10.jar%2370!/:?]
	at com.google.gson.Gson.fromJson(Gson.java:1319) ~[gson-2.10.jar%2370!/:?]
	at com.google.gson.Gson.fromJson(Gson.java:1290) ~[gson-2.10.jar%2370!/:?]
	at com.google.gson.internal.bind.TreeTypeAdapter$GsonContextImpl.deserialize(TreeTypeAdapter.java:179) ~[gson-2.10.jar%2370!/:?]
	at net.minecraft.util.GsonHelper.m_13808_(GsonHelper.java:463) ~[server-1.20.1-20230612.114412-srg.jar%23690!/:?]
	at net.minecraft.util.GsonHelper.m_13845_(GsonHelper.java:481) ~[server-1.20.1-20230612.114412-srg.jar%23690!/:?]
	at net.minecraft.world.level.storage.loot.LootTable$Serializer.deserialize(LootTable.java:294) ~[server-1.20.1-20230612.114412-srg.jar%23690!/:?]
	at net.minecraft.world.level.storage.loot.LootTable$Serializer.deserialize(LootTable.java:291) ~[server-1.20.1-20230612.114412-srg.jar%23690!/:?]
	at com.google.gson.internal.bind.TreeTypeAdapter.read(TreeTypeAdapter.java:76) ~[gson-2.10.jar%2370!/:?]
	at com.google.gson.Gson.fromJson(Gson.java:1214) ~[gson-2.10.jar%2370!/:?]
	at com.google.gson.Gson.fromJson(Gson.java:1319) ~[gson-2.10.jar%2370!/:?]
	at com.google.gson.Gson.fromJson(Gson.java:1261) ~[gson-2.10.jar%2370!/:?]
	at net.minecraftforge.common.ForgeHooks.loadLootTable(ForgeHooks.java:872) ~[forge-1.20.1-47.4.22-universal.jar%23695!/:?]
	at net.minecraftforge.common.ForgeHooks.lambda$getLootTableDeserializer$3(ForgeHooks.java:849) ~[forge-1.20.1-47.4.22-universal.jar%23695!/:?]
	at net.minecraft.world.level.storage.loot.LootDataType.deserialize(LootDataType.java:45) ~[server-1.20.1-20230612.114412-srg.jar%23690!/:?]
	at net.minecraft.world.level.storage.loot.LootDataManager.lambda$scheduleElementParse$4(LootDataManager.java:56) ~[server-1.20.1-20230612.114412-srg.jar%23690!/:?]
	at java.util.HashMap.forEach(HashMap.java:1421) ~[?:?]
	at net.minecraft.world.level.storage.loot.LootDataManager.m_278660_(LootDataManager.java:55) ~[server-1.20.1-20230612.114412-srg.jar%23690!/:?]
	at java.util.concurrent.CompletableFuture$AsyncRun.run(CompletableFuture.java:1804) ~[?:?]
	at java.util.concurrent.CompletableFuture$AsyncRun.exec(CompletableFuture.java:1796) ~[?:?]
	at java.util.concurrent.ForkJoinTask.doExec(ForkJoinTask.java:373) ~[?:?]
	at java.util.concurrent.ForkJoinPool$WorkQueue.topLevelExec(ForkJoinPool.java:1182) ~[?:?]
	at java.util.concurrent.ForkJoinPool.scan(ForkJoinPool.java:1655) ~[?:?]
	at java.util.concurrent.ForkJoinPool.runWorker(ForkJoinPool.java:1622) ~[?:?]
	at java.util.concurrent.ForkJoinWorkerThread.run(ForkJoinWorkerThread.java:165) ~[?:?]
[01Aug2026 04:31:41.299] [Worker-Main-8/ERROR] [net.minecraftforge.common.ForgeHooks/]: Couldn't parse element loot_tables:pamhc2crops:blocks/soggygarden
com.google.gson.JsonSyntaxException: Expected name to be an item, was unknown string 'pamhc2crops:asparagusitem'
	at net.minecraft.util.GsonHelper.m_13866_(GsonHelper.java:145) ~[server-1.20.1-20230612.114412-srg.jar%23690!/:?]
	at java.util.Optional.orElseThrow(Optional.java:403) ~[?:?]
	at net.minecraft.util.GsonHelper.m_13874_(GsonHelper.java:145) ~[server-1.20.1-20230612.114412-srg.jar%23690!/:?]
	at net.minecraft.util.GsonHelper.m_13909_(GsonHelper.java:153) ~[server-1.20.1-20230612.114412-srg.jar%23690!/:?]
	at net.minecraft.world.level.storage.loot.entries.LootItem$Serializer.m_7267_(LootItem.java:55) ~[server-1.20.1-20230612.114412-srg.jar%23690!/:?]
	at net.minecraft.world.level.storage.loot.entries.LootItem$Serializer.m_7267_(LootItem.java:40) ~[server-1.20.1-20230612.114412-srg.jar%23690!/:?]
	at net.minecraft.world.level.storage.loot.entries.LootPoolSingletonContainer$Serializer.m_5921_(LootPoolSingletonContainer.java:151) ~[server-1.20.1-20230612.114412-srg.jar%23690!/:?]
	at net.minecraft.world.level.storage.loot.entries.LootPoolSingletonContainer$Serializer.m_5921_(LootPoolSingletonContainer.java:129) ~[server-1.20.1-20230612.114412-srg.jar%23690!/:?]
	at net.minecraft.world.level.storage.loot.entries.LootPoolEntryContainer$Serializer.m_7561_(LootPoolEntryContainer.java:86) ~[server-1.20.1-20230612.114412-srg.jar%23690!/:?]
	at net.minecraft.world.level.storage.loot.entries.LootPoolEntryContainer$Serializer.m_7561_(LootPoolEntryContainer.java:74) ~[server-1.20.1-20230612.114412-srg.jar%23690!/:?]
	at net.minecraft.world.level.storage.loot.GsonAdapterFactory$JsonAdapter.deserialize(GsonAdapterFactory.java:102) ~[server-1.20.1-20230612.114412-srg.jar%23690!/:?]
	at com.google.gson.internal.bind.TreeTypeAdapter.read(TreeTypeAdapter.java:76) ~[gson-2.10.jar%2370!/:?]
	at com.google.gson.internal.bind.TypeAdapterRuntimeTypeWrapper.read(TypeAdapterRuntimeTypeWrapper.java:40) ~[gson-2.10.jar%2370!/:?]
	at com.google.gson.internal.bind.ArrayTypeAdapter.read(ArrayTypeAdapter.java:72) ~[gson-2.10.jar%2370!/:?]
	at com.google.gson.Gson.fromJson(Gson.java:1214) ~[gson-2.10.jar%2370!/:?]
	at com.google.gson.Gson.fromJson(Gson.java:1319) ~[gson-2.10.jar%2370!/:?]
	at com.google.gson.Gson.fromJson(Gson.java:1290) ~[gson-2.10.jar%2370!/:?]
	at com.google.gson.internal.bind.TreeTypeAdapter$GsonContextImpl.deserialize(TreeTypeAdapter.java:179) ~[gson-2.10.jar%2370!/:?]
	at net.minecraft.util.GsonHelper.m_13808_(GsonHelper.java:463) ~[server-1.20.1-20230612.114412-srg.jar%23690!/:?]
	at net.minecraft.util.GsonHelper.m_13836_(GsonHelper.java:471) ~[server-1.20.1-20230612.114412-srg.jar%23690!/:?]
	at net.minecraft.world.level.storage.loot.LootPool$Serializer.deserialize(LootPool.java:192) ~[server-1.20.1-20230612.114412-srg.jar%23690!/:?]
	at net.minecraft.world.level.storage.loot.LootPool$Serializer.deserialize(LootPool.java:189) ~[server-1.20.1-20230612.114412-srg.jar%23690!/:?]
	at com.google.gson.internal.bind.TreeTypeAdapter.read(TreeTypeAdapter.java:76) ~[gson-2.10.jar%2370!/:?]
	at com.google.gson.internal.bind.TypeAdapterRuntimeTypeWrapper.read(TypeAdapterRuntimeTypeWrapper.java:40) ~[gson-2.10.jar%2370!/:?]
	at com.google.gson.internal.bind.ArrayTypeAdapter.read(ArrayTypeAdapter.java:72) ~[gson-2.10.jar%2370!/:?]
	at com.google.gson.Gson.fromJson(Gson.java:1214) ~[gson-2.10.jar%2370!/:?]
	at com.google.gson.Gson.fromJson(Gson.java:1319) ~[gson-2.10.jar%2370!/:?]
	at com.google.gson.Gson.fromJson(Gson.java:1290) ~[gson-2.10.jar%2370!/:?]
	at com.google.gson.internal.bind.TreeTypeAdapter$GsonContextImpl.deserialize(TreeTypeAdapter.java:179) ~[gson-2.10.jar%2370!/:?]
	at net.minecraft.util.GsonHelper.m_13808_(GsonHelper.java:463) ~[server-1.20.1-20230612.114412-srg.jar%23690!/:?]
	at net.minecraft.util.GsonHelper.m_13845_(GsonHelper.java:481) ~[server-1.20.1-20230612.114412-srg.jar%23690!/:?]
	at net.minecraft.world.level.storage.loot.LootTable$Serializer.deserialize(LootTable.java:294) ~[server-1.20.1-20230612.114412-srg.jar%23690!/:?]
	at net.minecraft.world.level.storage.loot.LootTable$Serializer.deserialize(LootTable.java:291) ~[server-1.20.1-20230612.114412-srg.jar%23690!/:?]
	at com.google.gson.internal.bind.TreeTypeAdapter.read(TreeTypeAdapter.java:76) ~[gson-2.10.jar%2370!/:?]
	at com.google.gson.Gson.fromJson(Gson.java:1214) ~[gson-2.10.jar%2370!/:?]
	at com.google.gson.Gson.fromJson(Gson.java:1319) ~[gson-2.10.jar%2370!/:?]
	at com.google.gson.Gson.fromJson(Gson.java:1261) ~[gson-2.10.jar%2370!/:?]
	at net.minecraftforge.common.ForgeHooks.loadLootTable(ForgeHooks.java:872) ~[forge-1.20.1-47.4.22-universal.jar%23695!/:?]
	at net.minecraftforge.common.ForgeHooks.lambda$getLootTableDeserializer$3(ForgeHooks.java:849) ~[forge-1.20.1-47.4.22-universal.jar%23695!/:?]
	at net.minecraft.world.level.storage.loot.LootDataType.deserialize(LootDataType.java:45) ~[server-1.20.1-20230612.114412-srg.jar%23690!/:?]
	at net.minecraft.world.level.storage.loot.LootDataManager.lambda$scheduleElementParse$4(LootDataManager.java:56) ~[server-1.20.1-20230612.114412-srg.jar%23690!/:?]
	at java.util.HashMap.forEach(HashMap.java:1421) ~[?:?]
	at net.minecraft.world.level.storage.loot.LootDataManager.m_278660_(LootDataManager.java:55) ~[server-1.20.1-20230612.114412-srg.jar%23690!/:?]
	at java.util.concurrent.CompletableFuture$AsyncRun.run(CompletableFuture.java:1804) ~[?:?]
	at java.util.concurrent.CompletableFuture$AsyncRun.exec(CompletableFuture.java:1796) ~[?:?]
	at java.util.concurrent.ForkJoinTask.doExec(ForkJoinTask.java:373) ~[?:?]
	at java.util.concurrent.ForkJoinPool$WorkQueue.topLevelExec(ForkJoinPool.java:1182) ~[?:?]
	at java.util.concurrent.ForkJoinPool.scan(ForkJoinPool.java:1655) ~[?:?]
	at java.util.concurrent.ForkJoinPool.runWorker(ForkJoinPool.java:1622) ~[?:?]
	at java.util.concurrent.ForkJoinWorkerThread.run(ForkJoinWorkerThread.java:165) ~[?:?]
[01Aug2026 04:31:41.381] [Worker-Main-8/ERROR] [net.minecraftforge.common.ForgeHooks/]: Couldn't parse element loot_tables:idas:chests/haunted_manor/if_haunted_manor
com.google.gson.JsonSyntaxException: Expected name to be an item, was unknown string 'iceandfire:silver_nugget'
	at net.minecraft.util.GsonHelper.m_13866_(GsonHelper.java:145) ~[server-1.20.1-20230612.114412-srg.jar%23690!/:?]
	at java.util.Optional.orElseThrow(Optional.java:403) ~[?:?]
	at net.minecraft.util.GsonHelper.m_13874_(GsonHelper.java:145) ~[server-1.20.1-20230612.114412-srg.jar%23690!/:?]
	at net.minecraft.util.GsonHelper.m_13909_(GsonHelper.java:153) ~[server-1.20.1-20230612.114412-srg.jar%23690!/:?]
	at net.minecraft.world.level.storage.loot.entries.LootItem$Serializer.m_7267_(LootItem.java:55) ~[server-1.20.1-20230612.114412-srg.jar%23690!/:?]
	at net.minecraft.world.level.storage.loot.entries.LootItem$Serializer.m_7267_(LootItem.java:40) ~[server-1.20.1-20230612.114412-srg.jar%23690!/:?]
	at net.minecraft.world.level.storage.loot.entries.LootPoolSingletonContainer$Serializer.m_5921_(LootPoolSingletonContainer.java:151) ~[server-1.20.1-20230612.114412-srg.jar%23690!/:?]
	at net.minecraft.world.level.storage.loot.entries.LootPoolSingletonContainer$Serializer.m_5921_(LootPoolSingletonContainer.java:129) ~[server-1.20.1-20230612.114412-srg.jar%23690!/:?]
	at net.minecraft.world.level.storage.loot.entries.LootPoolEntryContainer$Serializer.m_7561_(LootPoolEntryContainer.java:86) ~[server-1.20.1-20230612.114412-srg.jar%23690!/:?]
	at net.minecraft.world.level.storage.loot.entries.LootPoolEntryContainer$Serializer.m_7561_(LootPoolEntryContainer.java:74) ~[server-1.20.1-20230612.114412-srg.jar%23690!/:?]
	at net.minecraft.world.level.storage.loot.GsonAdapterFactory$JsonAdapter.deserialize(GsonAdapterFactory.java:102) ~[server-1.20.1-20230612.114412-srg.jar%23690!/:?]
	at com.google.gson.internal.bind.TreeTypeAdapter.read(TreeTypeAdapter.java:76) ~[gson-2.10.jar%2370!/:?]
	at com.google.gson.internal.bind.TypeAdapterRuntimeTypeWrapper.read(TypeAdapterRuntimeTypeWrapper.java:40) ~[gson-2.10.jar%2370!/:?]
	at com.google.gson.internal.bind.ArrayTypeAdapter.read(ArrayTypeAdapter.java:72) ~[gson-2.10.jar%2370!/:?]
	at com.google.gson.Gson.fromJson(Gson.java:1214) ~[gson-2.10.jar%2370!/:?]
	at com.google.gson.Gson.fromJson(Gson.java:1319) ~[gson-2.10.jar%2370!/:?]
	at com.google.gson.Gson.fromJson(Gson.java:1290) ~[gson-2.10.jar%2370!/:?]
	at com.google.gson.internal.bind.TreeTypeAdapter$GsonContextImpl.deserialize(TreeTypeAdapter.java:179) ~[gson-2.10.jar%2370!/:?]
	at net.minecraft.util.GsonHelper.m_13808_(GsonHelper.java:463) ~[server-1.20.1-20230612.114412-srg.jar%23690!/:?]
	at net.minecraft.util.GsonHelper.m_13836_(GsonHelper.java:471) ~[server-1.20.1-20230612.114412-srg.jar%23690!/:?]
	at net.minecraft.world.level.storage.loot.LootPool$Serializer.deserialize(LootPool.java:192) ~[server-1.20.1-20230612.114412-srg.jar%23690!/:?]
	at net.minecraft.world.level.storage.loot.LootPool$Serializer.deserialize(LootPool.java:189) ~[server-1.20.1-20230612.114412-srg.jar%23690!/:?]
	at com.google.gson.internal.bind.TreeTypeAdapter.read(TreeTypeAdapter.java:76) ~[gson-2.10.jar%2370!/:?]
	at com.google.gson.internal.bind.TypeAdapterRuntimeTypeWrapper.read(TypeAdapterRuntimeTypeWrapper.java:40) ~[gson-2.10.jar%2370!/:?]
	at com.google.gson.internal.bind.ArrayTypeAdapter.read(ArrayTypeAdapter.java:72) ~[gson-2.10.jar%2370!/:?]
	at com.google.gson.Gson.fromJson(Gson.java:1214) ~[gson-2.10.jar%2370!/:?]
	at com.google.gson.Gson.fromJson(Gson.java:1319) ~[gson-2.10.jar%2370!/:?]
	at com.google.gson.Gson.fromJson(Gson.java:1290) ~[gson-2.10.jar%2370!/:?]
	at com.google.gson.internal.bind.TreeTypeAdapter$GsonContextImpl.deserialize(TreeTypeAdapter.java:179) ~[gson-2.10.jar%2370!/:?]
	at net.minecraft.util.GsonHelper.m_13808_(GsonHelper.java:463) ~[server-1.20.1-20230612.114412-srg.jar%23690!/:?]
	at net.minecraft.util.GsonHelper.m_13845_(GsonHelper.java:481) ~[server-1.20.1-20230612.114412-srg.jar%23690!/:?]
	at net.minecraft.world.level.storage.loot.LootTable$Serializer.deserialize(LootTable.java:294) ~[server-1.20.1-20230612.114412-srg.jar%23690!/:?]
	at net.minecraft.world.level.storage.loot.LootTable$Serializer.deserialize(LootTable.java:291) ~[server-1.20.1-20230612.114412-srg.jar%23690!/:?]
	at com.google.gson.internal.bind.TreeTypeAdapter.read(TreeTypeAdapter.java:76) ~[gson-2.10.jar%2370!/:?]
	at com.google.gson.Gson.fromJson(Gson.java:1214) ~[gson-2.10.jar%2370!/:?]
	at com.google.gson.Gson.fromJson(Gson.java:1319) ~[gson-2.10.jar%2370!/:?]
	at com.google.gson.Gson.fromJson(Gson.java:1261) ~[gson-2.10.jar%2370!/:?]
	at net.minecraftforge.common.ForgeHooks.loadLootTable(ForgeHooks.java:872) ~[forge-1.20.1-47.4.22-universal.jar%23695!/:?]
	at net.minecraftforge.common.ForgeHooks.lambda$getLootTableDeserializer$3(ForgeHooks.java:849) ~[forge-1.20.1-47.4.22-universal.jar%23695!/:?]
	at net.minecraft.world.level.storage.loot.LootDataType.deserialize(LootDataType.java:45) ~[server-1.20.1-20230612.114412-srg.jar%23690!/:?]
	at net.minecraft.world.level.storage.loot.LootDataManager.lambda$scheduleElementParse$4(LootDataManager.java:56) ~[server-1.20.1-20230612.114412-srg.jar%23690!/:?]
	at java.util.HashMap.forEach(HashMap.java:1421) ~[?:?]
	at net.minecraft.world.level.storage.loot.LootDataManager.m_278660_(LootDataManager.java:55) ~[server-1.20.1-20230612.114412-srg.jar%23690!/:?]
	at java.util.concurrent.CompletableFuture$AsyncRun.run(CompletableFuture.java:1804) ~[?:?]
	at java.util.concurrent.CompletableFuture$AsyncRun.exec(CompletableFuture.java:1796) ~[?:?]
	at java.util.concurrent.ForkJoinTask.doExec(ForkJoinTask.java:373) ~[?:?]
	at java.util.concurrent.ForkJoinPool$WorkQueue.topLevelExec(ForkJoinPool.java:1182) ~[?:?]
	at java.util.concurrent.ForkJoinPool.scan(ForkJoinPool.java:1655) ~[?:?]
	at java.util.concurrent.ForkJoinPool.runWorker(ForkJoinPool.java:1622) ~[?:?]
	at java.util.concurrent.ForkJoinWorkerThread.run(ForkJoinWorkerThread.java:165) ~[?:?]
[01Aug2026 04:31:41.403] [Worker-Main-8/ERROR] [net.minecraftforge.common.ForgeHooks/]: Couldn't parse element loot_tables:idas:chests/labyrinth/if_labyrinth_tomb
com.google.gson.JsonSyntaxException: Expected name to be an item, was unknown string 'iceandfire:sapphire_gem'
	at net.minecraft.util.GsonHelper.m_13866_(GsonHelper.java:145) ~[server-1.20.1-20230612.114412-srg.jar%23690!/:?]
	at java.util.Optional.orElseThrow(Optional.java:403) ~[?:?]
	at net.minecraft.util.GsonHelper.m_13874_(GsonHelper.java:145) ~[server-1.20.1-20230612.114412-srg.jar%23690!/:?]
	at net.minecraft.util.GsonHelper.m_13909_(GsonHelper.java:153) ~[server-1.20.1-20230612.114412-srg.jar%23690!/:?]
	at net.minecraft.world.level.storage.loot.entries.LootItem$Serializer.m_7267_(LootItem.java:55) ~[server-1.20.1-20230612.114412-srg.jar%23690!/:?]
	at net.minecraft.world.level.storage.loot.entries.LootItem$Serializer.m_7267_(LootItem.java:40) ~[server-1.20.1-20230612.114412-srg.jar%23690!/:?]
	at net.minecraft.world.level.storage.loot.entries.LootPoolSingletonContainer$Serializer.m_5921_(LootPoolSingletonContainer.java:151) ~[server-1.20.1-20230612.114412-srg.jar%23690!/:?]
	at net.minecraft.world.level.storage.loot.entries.LootPoolSingletonContainer$Serializer.m_5921_(LootPoolSingletonContainer.java:129) ~[server-1.20.1-20230612.114412-srg.jar%23690!/:?]
	at net.minecraft.world.level.storage.loot.entries.LootPoolEntryContainer$Serializer.m_7561_(LootPoolEntryContainer.java:86) ~[server-1.20.1-20230612.114412-srg.jar%23690!/:?]
	at net.minecraft.world.level.storage.loot.entries.LootPoolEntryContainer$Serializer.m_7561_(LootPoolEntryContainer.java:74) ~[server-1.20.1-20230612.114412-srg.jar%23690!/:?]
	at net.minecraft.world.level.storage.loot.GsonAdapterFactory$JsonAdapter.deserialize(GsonAdapterFactory.java:102) ~[server-1.20.1-20230612.114412-srg.jar%23690!/:?]
	at com.google.gson.internal.bind.TreeTypeAdapter.read(TreeTypeAdapter.java:76) ~[gson-2.10.jar%2370!/:?]
	at com.google.gson.internal.bind.TypeAdapterRuntimeTypeWrapper.read(TypeAdapterRuntimeTypeWrapper.java:40) ~[gson-2.10.jar%2370!/:?]
	at com.google.gson.internal.bind.ArrayTypeAdapter.read(ArrayTypeAdapter.java:72) ~[gson-2.10.jar%2370!/:?]
	at com.google.gson.Gson.fromJson(Gson.java:1214) ~[gson-2.10.jar%2370!/:?]
	at com.google.gson.Gson.fromJson(Gson.java:1319) ~[gson-2.10.jar%2370!/:?]
	at com.google.gson.Gson.fromJson(Gson.java:1290) ~[gson-2.10.jar%2370!/:?]
	at com.google.gson.internal.bind.TreeTypeAdapter$GsonContextImpl.deserialize(TreeTypeAdapter.java:179) ~[gson-2.10.jar%2370!/:?]
	at net.minecraft.util.GsonHelper.m_13808_(GsonHelper.java:463) ~[server-1.20.1-20230612.114412-srg.jar%23690!/:?]
	at net.minecraft.util.GsonHelper.m_13836_(GsonHelper.java:471) ~[server-1.20.1-20230612.114412-srg.jar%23690!/:?]
	at net.minecraft.world.level.storage.loot.LootPool$Serializer.deserialize(LootPool.java:192) ~[server-1.20.1-20230612.114412-srg.jar%23690!/:?]
	at net.minecraft.world.level.storage.loot.LootPool$Serializer.deserialize(LootPool.java:189) ~[server-1.20.1-20230612.114412-srg.jar%23690!/:?]
	at com.google.gson.internal.bind.TreeTypeAdapter.read(TreeTypeAdapter.java:76) ~[gson-2.10.jar%2370!/:?]
	at com.google.gson.internal.bind.TypeAdapterRuntimeTypeWrapper.read(TypeAdapterRuntimeTypeWrapper.java:40) ~[gson-2.10.jar%2370!/:?]
	at com.google.gson.internal.bind.ArrayTypeAdapter.read(ArrayTypeAdapter.java:72) ~[gson-2.10.jar%2370!/:?]
	at com.google.gson.Gson.fromJson(Gson.java:1214) ~[gson-2.10.jar%2370!/:?]
	at com.google.gson.Gson.fromJson(Gson.java:1319) ~[gson-2.10.jar%2370!/:?]
	at com.google.gson.Gson.fromJson(Gson.java:1290) ~[gson-2.10.jar%2370!/:?]
	at com.google.gson.internal.bind.TreeTypeAdapter$GsonContextImpl.deserialize(TreeTypeAdapter.java:179) ~[gson-2.10.jar%2370!/:?]
	at net.minecraft.util.GsonHelper.m_13808_(GsonHelper.java:463) ~[server-1.20.1-20230612.114412-srg.jar%23690!/:?]
	at net.minecraft.util.GsonHelper.m_13845_(GsonHelper.java:481) ~[server-1.20.1-20230612.114412-srg.jar%23690!/:?]
	at net.minecraft.world.level.storage.loot.LootTable$Serializer.deserialize(LootTable.java:294) ~[server-1.20.1-20230612.114412-srg.jar%23690!/:?]
	at net.minecraft.world.level.storage.loot.LootTable$Serializer.deserialize(LootTable.java:291) ~[server-1.20.1-20230612.114412-srg.jar%23690!/:?]
	at com.google.gson.internal.bind.TreeTypeAdapter.read(TreeTypeAdapter.java:76) ~[gson-2.10.jar%2370!/:?]
	at com.google.gson.Gson.fromJson(Gson.java:1214) ~[gson-2.10.jar%2370!/:?]
	at com.google.gson.Gson.fromJson(Gson.java:1319) ~[gson-2.10.jar%2370!/:?]
	at com.google.gson.Gson.fromJson(Gson.java:1261) ~[gson-2.10.jar%2370!/:?]
	at net.minecraftforge.common.ForgeHooks.loadLootTable(ForgeHooks.java:872) ~[forge-1.20.1-47.4.22-universal.jar%23695!/:?]
	at net.minecraftforge.common.ForgeHooks.lambda$getLootTableDeserializer$3(ForgeHooks.java:849) ~[forge-1.20.1-47.4.22-universal.jar%23695!/:?]
	at net.minecraft.world.level.storage.loot.LootDataType.deserialize(LootDataType.java:45) ~[server-1.20.1-20230612.114412-srg.jar%23690!/:?]
	at net.minecraft.world.level.storage.loot.LootDataManager.lambda$scheduleElementParse$4(LootDataManager.java:56) ~[server-1.20.1-20230612.114412-srg.jar%23690!/:?]
	at java.util.HashMap.forEach(HashMap.java:1421) ~[?:?]
	at net.minecraft.world.level.storage.loot.LootDataManager.m_278660_(LootDataManager.java:55) ~[server-1.20.1-20230612.114412-srg.jar%23690!/:?]
	at java.util.concurrent.CompletableFuture$AsyncRun.run(CompletableFuture.java:1804) ~[?:?]
	at java.util.concurrent.CompletableFuture$AsyncRun.exec(CompletableFuture.java:1796) ~[?:?]
	at java.util.concurrent.ForkJoinTask.doExec(ForkJoinTask.java:373) ~[?:?]
	at java.util.concurrent.ForkJoinPool$WorkQueue.topLevelExec(ForkJoinPool.java:1182) ~[?:?]
	at java.util.concurrent.ForkJoinPool.scan(ForkJoinPool.java:1655) ~[?:?]
	at java.util.concurrent.ForkJoinPool.runWorker(ForkJoinPool.java:1622) ~[?:?]
	at java.util.concurrent.ForkJoinWorkerThread.run(ForkJoinWorkerThread.java:165) ~[?:?]
[01Aug2026 04:31:41.413] [Worker-Main-8/ERROR] [net.minecraftforge.common.ForgeHooks/]: Couldn't parse element loot_tables:createfisheryindustry:entities/peeler/armadillo
com.google.gson.JsonSyntaxException: Expected name to be an item, was unknown string 'minecraft:armadillo_scute'
	at net.minecraft.util.GsonHelper.m_13866_(GsonHelper.java:145) ~[server-1.20.1-20230612.114412-srg.jar%23690!/:?]
	at java.util.Optional.orElseThrow(Optional.java:403) ~[?:?]
	at net.minecraft.util.GsonHelper.m_13874_(GsonHelper.java:145) ~[server-1.20.1-20230612.114412-srg.jar%23690!/:?]
	at net.minecraft.util.GsonHelper.m_13909_(GsonHelper.java:153) ~[server-1.20.1-20230612.114412-srg.jar%23690!/:?]
	at net.minecraft.world.level.storage.loot.entries.LootItem$Serializer.m_7267_(LootItem.java:55) ~[server-1.20.1-20230612.114412-srg.jar%23690!/:?]
	at net.minecraft.world.level.storage.loot.entries.LootItem$Serializer.m_7267_(LootItem.java:40) ~[server-1.20.1-20230612.114412-srg.jar%23690!/:?]
	at net.minecraft.world.level.storage.loot.entries.LootPoolSingletonContainer$Serializer.m_5921_(LootPoolSingletonContainer.java:151) ~[server-1.20.1-20230612.114412-srg.jar%23690!/:?]
	at net.minecraft.world.level.storage.loot.entries.LootPoolSingletonContainer$Serializer.m_5921_(LootPoolSingletonContainer.java:129) ~[server-1.20.1-20230612.114412-srg.jar%23690!/:?]
	at net.minecraft.world.level.storage.loot.entries.LootPoolEntryContainer$Serializer.m_7561_(LootPoolEntryContainer.java:86) ~[server-1.20.1-20230612.114412-srg.jar%23690!/:?]
	at net.minecraft.world.level.storage.loot.entries.LootPoolEntryContainer$Serializer.m_7561_(LootPoolEntryContainer.java:74) ~[server-1.20.1-20230612.114412-srg.jar%23690!/:?]
	at net.minecraft.world.level.storage.loot.GsonAdapterFactory$JsonAdapter.deserialize(GsonAdapterFactory.java:102) ~[server-1.20.1-20230612.114412-srg.jar%23690!/:?]
	at com.google.gson.internal.bind.TreeTypeAdapter.read(TreeTypeAdapter.java:76) ~[gson-2.10.jar%2370!/:?]
	at com.google.gson.internal.bind.TypeAdapterRuntimeTypeWrapper.read(TypeAdapterRuntimeTypeWrapper.java:40) ~[gson-2.10.jar%2370!/:?]
	at com.google.gson.internal.bind.ArrayTypeAdapter.read(ArrayTypeAdapter.java:72) ~[gson-2.10.jar%2370!/:?]
	at com.google.gson.Gson.fromJson(Gson.java:1214) ~[gson-2.10.jar%2370!/:?]
	at com.google.gson.Gson.fromJson(Gson.java:1319) ~[gson-2.10.jar%2370!/:?]
	at com.google.gson.Gson.fromJson(Gson.java:1290) ~[gson-2.10.jar%2370!/:?]
	at com.google.gson.internal.bind.TreeTypeAdapter$GsonContextImpl.deserialize(TreeTypeAdapter.java:179) ~[gson-2.10.jar%2370!/:?]
	at net.minecraft.util.GsonHelper.m_13808_(GsonHelper.java:463) ~[server-1.20.1-20230612.114412-srg.jar%23690!/:?]
	at net.minecraft.util.GsonHelper.m_13836_(GsonHelper.java:471) ~[server-1.20.1-20230612.114412-srg.jar%23690!/:?]
	at net.minecraft.world.level.storage.loot.LootPool$Serializer.deserialize(LootPool.java:192) ~[server-1.20.1-20230612.114412-srg.jar%23690!/:?]
	at net.minecraft.world.level.storage.loot.LootPool$Serializer.deserialize(LootPool.java:189) ~[server-1.20.1-20230612.114412-srg.jar%23690!/:?]
	at com.google.gson.internal.bind.TreeTypeAdapter.read(TreeTypeAdapter.java:76) ~[gson-2.10.jar%2370!/:?]
	at com.google.gson.internal.bind.TypeAdapterRuntimeTypeWrapper.read(TypeAdapterRuntimeTypeWrapper.java:40) ~[gson-2.10.jar%2370!/:?]
	at com.google.gson.internal.bind.ArrayTypeAdapter.read(ArrayTypeAdapter.java:72) ~[gson-2.10.jar%2370!/:?]
	at com.google.gson.Gson.fromJson(Gson.java:1214) ~[gson-2.10.jar%2370!/:?]
	at com.google.gson.Gson.fromJson(Gson.java:1319) ~[gson-2.10.jar%2370!/:?]
	at com.google.gson.Gson.fromJson(Gson.java:1290) ~[gson-2.10.jar%2370!/:?]
	at com.google.gson.internal.bind.TreeTypeAdapter$GsonContextImpl.deserialize(TreeTypeAdapter.java:179) ~[gson-2.10.jar%2370!/:?]
	at net.minecraft.util.GsonHelper.m_13808_(GsonHelper.java:463) ~[server-1.20.1-20230612.114412-srg.jar%23690!/:?]
	at net.minecraft.util.GsonHelper.m_13845_(GsonHelper.java:481) ~[server-1.20.1-20230612.114412-srg.jar%23690!/:?]
	at net.minecraft.world.level.storage.loot.LootTable$Serializer.deserialize(LootTable.java:294) ~[server-1.20.1-20230612.114412-srg.jar%23690!/:?]
	at net.minecraft.world.level.storage.loot.LootTable$Serializer.deserialize(LootTable.java:291) ~[server-1.20.1-20230612.114412-srg.jar%23690!/:?]
	at com.google.gson.internal.bind.TreeTypeAdapter.read(TreeTypeAdapter.java:76) ~[gson-2.10.jar%2370!/:?]
	at com.google.gson.Gson.fromJson(Gson.java:1214) ~[gson-2.10.jar%2370!/:?]
	at com.google.gson.Gson.fromJson(Gson.java:1319) ~[gson-2.10.jar%2370!/:?]
	at com.google.gson.Gson.fromJson(Gson.java:1261) ~[gson-2.10.jar%2370!/:?]
	at net.minecraftforge.common.ForgeHooks.loadLootTable(ForgeHooks.java:872) ~[forge-1.20.1-47.4.22-universal.jar%23695!/:?]
	at net.minecraftforge.common.ForgeHooks.lambda$getLootTableDeserializer$3(ForgeHooks.java:849) ~[forge-1.20.1-47.4.22-universal.jar%23695!/:?]
	at net.minecraft.world.level.storage.loot.LootDataType.deserialize(LootDataType.java:45) ~[server-1.20.1-20230612.114412-srg.jar%23690!/:?]
	at net.minecraft.world.level.storage.loot.LootDataManager.lambda$scheduleElementParse$4(LootDataManager.java:56) ~[server-1.20.1-20230612.114412-srg.jar%23690!/:?]
	at java.util.HashMap.forEach(HashMap.java:1421) ~[?:?]
	at net.minecraft.world.level.storage.loot.LootDataManager.m_278660_(LootDataManager.java:55) ~[server-1.20.1-20230612.114412-srg.jar%23690!/:?]
	at java.util.concurrent.CompletableFuture$AsyncRun.run(CompletableFuture.java:1804) ~[?:?]
	at java.util.concurrent.CompletableFuture$AsyncRun.exec(CompletableFuture.java:1796) ~[?:?]
	at java.util.concurrent.ForkJoinTask.doExec(ForkJoinTask.java:373) ~[?:?]
	at java.util.concurrent.ForkJoinPool$WorkQueue.topLevelExec(ForkJoinPool.java:1182) ~[?:?]
	at java.util.concurrent.ForkJoinPool.scan(ForkJoinPool.java:1655) ~[?:?]
	at java.util.concurrent.ForkJoinPool.runWorker(ForkJoinPool.java:1622) ~[?:?]
	at java.util.concurrent.ForkJoinWorkerThread.run(ForkJoinWorkerThread.java:165) ~[?:?]
[01Aug2026 04:31:41.431] [Worker-Main-8/ERROR] [net.minecraftforge.common.ForgeHooks/]: Couldn't parse element loot_tables:culinarycompat:blocks/ae2_kitchen_station
com.google.gson.JsonSyntaxException: Expected name to be an item, was unknown string 'culinarycompat:ae2_kitchen_station'
	at net.minecraft.util.GsonHelper.m_13866_(GsonHelper.java:145) ~[server-1.20.1-20230612.114412-srg.jar%23690!/:?]
	at java.util.Optional.orElseThrow(Optional.java:403) ~[?:?]
	at net.minecraft.util.GsonHelper.m_13874_(GsonHelper.java:145) ~[server-1.20.1-20230612.114412-srg.jar%23690!/:?]
	at net.minecraft.util.GsonHelper.m_13909_(GsonHelper.java:153) ~[server-1.20.1-20230612.114412-srg.jar%23690!/:?]
	at net.minecraft.world.level.storage.loot.entries.LootItem$Serializer.m_7267_(LootItem.java:55) ~[server-1.20.1-20230612.114412-srg.jar%23690!/:?]
	at net.minecraft.world.level.storage.loot.entries.LootItem$Serializer.m_7267_(LootItem.java:40) ~[server-1.20.1-20230612.114412-srg.jar%23690!/:?]
	at net.minecraft.world.level.storage.loot.entries.LootPoolSingletonContainer$Serializer.m_5921_(LootPoolSingletonContainer.java:151) ~[server-1.20.1-20230612.114412-srg.jar%23690!/:?]
	at net.minecraft.world.level.storage.loot.entries.LootPoolSingletonContainer$Serializer.m_5921_(LootPoolSingletonContainer.java:129) ~[server-1.20.1-20230612.114412-srg.jar%23690!/:?]
	at net.minecraft.world.level.storage.loot.entries.LootPoolEntryContainer$Serializer.m_7561_(LootPoolEntryContainer.java:86) ~[server-1.20.1-20230612.114412-srg.jar%23690!/:?]
	at net.minecraft.world.level.storage.loot.entries.LootPoolEntryContainer$Serializer.m_7561_(LootPoolEntryContainer.java:74) ~[server-1.20.1-20230612.114412-srg.jar%23690!/:?]
	at net.minecraft.world.level.storage.loot.GsonAdapterFactory$JsonAdapter.deserialize(GsonAdapterFactory.java:102) ~[server-1.20.1-20230612.114412-srg.jar%23690!/:?]
	at com.google.gson.internal.bind.TreeTypeAdapter.read(TreeTypeAdapter.java:76) ~[gson-2.10.jar%2370!/:?]
	at com.google.gson.internal.bind.TypeAdapterRuntimeTypeWrapper.read(TypeAdapterRuntimeTypeWrapper.java:40) ~[gson-2.10.jar%2370!/:?]
	at com.google.gson.internal.bind.ArrayTypeAdapter.read(ArrayTypeAdapter.java:72) ~[gson-2.10.jar%2370!/:?]
	at com.google.gson.Gson.fromJson(Gson.java:1214) ~[gson-2.10.jar%2370!/:?]
	at com.google.gson.Gson.fromJson(Gson.java:1319) ~[gson-2.10.jar%2370!/:?]
	at com.google.gson.Gson.fromJson(Gson.java:1290) ~[gson-2.10.jar%2370!/:?]
	at com.google.gson.internal.bind.TreeTypeAdapter$GsonContextImpl.deserialize(TreeTypeAdapter.java:179) ~[gson-2.10.jar%2370!/:?]
	at net.minecraft.util.GsonHelper.m_13808_(GsonHelper.java:463) ~[server-1.20.1-20230612.114412-srg.jar%23690!/:?]
	at net.minecraft.util.GsonHelper.m_13836_(GsonHelper.java:471) ~[server-1.20.1-20230612.114412-srg.jar%23690!/:?]
	at net.minecraft.world.level.storage.loot.LootPool$Serializer.deserialize(LootPool.java:192) ~[server-1.20.1-20230612.114412-srg.jar%23690!/:?]
	at net.minecraft.world.level.storage.loot.LootPool$Serializer.deserialize(LootPool.java:189) ~[server-1.20.1-20230612.114412-srg.jar%23690!/:?]
	at com.google.gson.internal.bind.TreeTypeAdapter.read(TreeTypeAdapter.java:76) ~[gson-2.10.jar%2370!/:?]
	at com.google.gson.internal.bind.TypeAdapterRuntimeTypeWrapper.read(TypeAdapterRuntimeTypeWrapper.java:40) ~[gson-2.10.jar%2370!/:?]
	at com.google.gson.internal.bind.ArrayTypeAdapter.read(ArrayTypeAdapter.java:72) ~[gson-2.10.jar%2370!/:?]
	at com.google.gson.Gson.fromJson(Gson.java:1214) ~[gson-2.10.jar%2370!/:?]
	at com.google.gson.Gson.fromJson(Gson.java:1319) ~[gson-2.10.jar%2370!/:?]
	at com.google.gson.Gson.fromJson(Gson.java:1290) ~[gson-2.10.jar%2370!/:?]
	at com.google.gson.internal.bind.TreeTypeAdapter$GsonContextImpl.deserialize(TreeTypeAdapter.java:179) ~[gson-2.10.jar%2370!/:?]
	at net.minecraft.util.GsonHelper.m_13808_(GsonHelper.java:463) ~[server-1.20.1-20230612.114412-srg.jar%23690!/:?]
	at net.minecraft.util.GsonHelper.m_13845_(GsonHelper.java:481) ~[server-1.20.1-20230612.114412-srg.jar%23690!/:?]
	at net.minecraft.world.level.storage.loot.LootTable$Serializer.deserialize(LootTable.java:294) ~[server-1.20.1-20230612.114412-srg.jar%23690!/:?]
	at net.minecraft.world.level.storage.loot.LootTable$Serializer.deserialize(LootTable.java:291) ~[server-1.20.1-20230612.114412-srg.jar%23690!/:?]
	at com.google.gson.internal.bind.TreeTypeAdapter.read(TreeTypeAdapter.java:76) ~[gson-2.10.jar%2370!/:?]
	at com.google.gson.Gson.fromJson(Gson.java:1214) ~[gson-2.10.jar%2370!/:?]
	at com.google.gson.Gson.fromJson(Gson.java:1319) ~[gson-2.10.jar%2370!/:?]
	at com.google.gson.Gson.fromJson(Gson.java:1261) ~[gson-2.10.jar%2370!/:?]
	at net.minecraftforge.common.ForgeHooks.loadLootTable(ForgeHooks.java:872) ~[forge-1.20.1-47.4.22-universal.jar%23695!/:?]
	at net.minecraftforge.common.ForgeHooks.lambda$getLootTableDeserializer$3(ForgeHooks.java:849) ~[forge-1.20.1-47.4.22-universal.jar%23695!/:?]
	at net.minecraft.world.level.storage.loot.LootDataType.deserialize(LootDataType.java:45) ~[server-1.20.1-20230612.114412-srg.jar%23690!/:?]
	at net.minecraft.world.level.storage.loot.LootDataManager.lambda$scheduleElementParse$4(LootDataManager.java:56) ~[server-1.20.1-20230612.114412-srg.jar%23690!/:?]
	at java.util.HashMap.forEach(HashMap.java:1421) ~[?:?]
	at net.minecraft.world.level.storage.loot.LootDataManager.m_278660_(LootDataManager.java:55) ~[server-1.20.1-20230612.114412-srg.jar%23690!/:?]
	at java.util.concurrent.CompletableFuture$AsyncRun.run(CompletableFuture.java:1804) ~[?:?]
	at java.util.concurrent.CompletableFuture$AsyncRun.exec(CompletableFuture.java:1796) ~[?:?]
	at java.util.concurrent.ForkJoinTask.doExec(ForkJoinTask.java:373) ~[?:?]
	at java.util.concurrent.ForkJoinPool$WorkQueue.topLevelExec(ForkJoinPool.java:1182) ~[?:?]
	at java.util.concurrent.ForkJoinPool.scan(ForkJoinPool.java:1655) ~[?:?]
	at java.util.concurrent.ForkJoinPool.runWorker(ForkJoinPool.java:1622) ~[?:?]
	at java.util.concurrent.ForkJoinWorkerThread.run(ForkJoinWorkerThread.java:165) ~[?:?]
[01Aug2026 04:31:41.491] [Worker-Main-8/ERROR] [net.minecraftforge.common.ForgeHooks/]: Couldn't parse element loot_tables:mynethersdelight:blocks/blackstone_cooking_pot
com.google.gson.JsonSyntaxException: Unknown type 'mynethersdelight:copy_meal'
	at net.minecraft.world.level.storage.loot.GsonAdapterFactory$JsonAdapter.deserialize(GsonAdapterFactory.java:99) ~[server-1.20.1-20230612.114412-srg.jar%23690!/:?]
	at com.google.gson.internal.bind.TreeTypeAdapter.read(TreeTypeAdapter.java:76) ~[gson-2.10.jar%2370!/:?]
	at com.google.gson.internal.bind.TypeAdapterRuntimeTypeWrapper.read(TypeAdapterRuntimeTypeWrapper.java:40) ~[gson-2.10.jar%2370!/:?]
	at com.google.gson.internal.bind.ArrayTypeAdapter.read(ArrayTypeAdapter.java:72) ~[gson-2.10.jar%2370!/:?]
	at com.google.gson.Gson.fromJson(Gson.java:1214) ~[gson-2.10.jar%2370!/:?]
	at com.google.gson.Gson.fromJson(Gson.java:1319) ~[gson-2.10.jar%2370!/:?]
	at com.google.gson.Gson.fromJson(Gson.java:1290) ~[gson-2.10.jar%2370!/:?]
	at com.google.gson.internal.bind.TreeTypeAdapter$GsonContextImpl.deserialize(TreeTypeAdapter.java:179) ~[gson-2.10.jar%2370!/:?]
	at net.minecraft.util.GsonHelper.m_13808_(GsonHelper.java:463) ~[server-1.20.1-20230612.114412-srg.jar%23690!/:?]
	at net.minecraft.util.GsonHelper.m_13845_(GsonHelper.java:481) ~[server-1.20.1-20230612.114412-srg.jar%23690!/:?]
	at net.minecraft.world.level.storage.loot.entries.LootPoolSingletonContainer$Serializer.m_5921_(LootPoolSingletonContainer.java:149) ~[server-1.20.1-20230612.114412-srg.jar%23690!/:?]
	at net.minecraft.world.level.storage.loot.entries.LootPoolSingletonContainer$Serializer.m_5921_(LootPoolSingletonContainer.java:129) ~[server-1.20.1-20230612.114412-srg.jar%23690!/:?]
	at net.minecraft.world.level.storage.loot.entries.LootPoolEntryContainer$Serializer.m_7561_(LootPoolEntryContainer.java:86) ~[server-1.20.1-20230612.114412-srg.jar%23690!/:?]
	at net.minecraft.world.level.storage.loot.entries.LootPoolEntryContainer$Serializer.m_7561_(LootPoolEntryContainer.java:74) ~[server-1.20.1-20230612.114412-srg.jar%23690!/:?]
	at net.minecraft.world.level.storage.loot.GsonAdapterFactory$JsonAdapter.deserialize(GsonAdapterFactory.java:102) ~[server-1.20.1-20230612.114412-srg.jar%23690!/:?]
	at com.google.gson.internal.bind.TreeTypeAdapter.read(TreeTypeAdapter.java:76) ~[gson-2.10.jar%2370!/:?]
	at com.google.gson.internal.bind.TypeAdapterRuntimeTypeWrapper.read(TypeAdapterRuntimeTypeWrapper.java:40) ~[gson-2.10.jar%2370!/:?]
	at com.google.gson.internal.bind.ArrayTypeAdapter.read(ArrayTypeAdapter.java:72) ~[gson-2.10.jar%2370!/:?]
	at com.google.gson.Gson.fromJson(Gson.java:1214) ~[gson-2.10.jar%2370!/:?]
	at com.google.gson.Gson.fromJson(Gson.java:1319) ~[gson-2.10.jar%2370!/:?]
	at com.google.gson.Gson.fromJson(Gson.java:1290) ~[gson-2.10.jar%2370!/:?]
	at com.google.gson.internal.bind.TreeTypeAdapter$GsonContextImpl.deserialize(TreeTypeAdapter.java:179) ~[gson-2.10.jar%2370!/:?]
	at net.minecraft.util.GsonHelper.m_13808_(GsonHelper.java:463) ~[server-1.20.1-20230612.114412-srg.jar%23690!/:?]
	at net.minecraft.util.GsonHelper.m_13836_(GsonHelper.java:471) ~[server-1.20.1-20230612.114412-srg.jar%23690!/:?]
	at net.minecraft.world.level.storage.loot.LootPool$Serializer.deserialize(LootPool.java:192) ~[server-1.20.1-20230612.114412-srg.jar%23690!/:?]
	at net.minecraft.world.level.storage.loot.LootPool$Serializer.deserialize(LootPool.java:189) ~[server-1.20.1-20230612.114412-srg.jar%23690!/:?]
	at com.google.gson.internal.bind.TreeTypeAdapter.read(TreeTypeAdapter.java:76) ~[gson-2.10.jar%2370!/:?]
	at com.google.gson.internal.bind.TypeAdapterRuntimeTypeWrapper.read(TypeAdapterRuntimeTypeWrapper.java:40) ~[gson-2.10.jar%2370!/:?]
	at com.google.gson.internal.bind.ArrayTypeAdapter.read(ArrayTypeAdapter.java:72) ~[gson-2.10.jar%2370!/:?]
	at com.google.gson.Gson.fromJson(Gson.java:1214) ~[gson-2.10.jar%2370!/:?]
	at com.google.gson.Gson.fromJson(Gson.java:1319) ~[gson-2.10.jar%2370!/:?]
	at com.google.gson.Gson.fromJson(Gson.java:1290) ~[gson-2.10.jar%2370!/:?]
	at com.google.gson.internal.bind.TreeTypeAdapter$GsonContextImpl.deserialize(TreeTypeAdapter.java:179) ~[gson-2.10.jar%2370!/:?]
	at net.minecraft.util.GsonHelper.m_13808_(GsonHelper.java:463) ~[server-1.20.1-20230612.114412-srg.jar%23690!/:?]
	at net.minecraft.util.GsonHelper.m_13845_(GsonHelper.java:481) ~[server-1.20.1-20230612.114412-srg.jar%23690!/:?]
	at net.minecraft.world.level.storage.loot.LootTable$Serializer.deserialize(LootTable.java:294) ~[server-1.20.1-20230612.114412-srg.jar%23690!/:?]
	at net.minecraft.world.level.storage.loot.LootTable$Serializer.deserialize(LootTable.java:291) ~[server-1.20.1-20230612.114412-srg.jar%23690!/:?]
	at com.google.gson.internal.bind.TreeTypeAdapter.read(TreeTypeAdapter.java:76) ~[gson-2.10.jar%2370!/:?]
	at com.google.gson.Gson.fromJson(Gson.java:1214) ~[gson-2.10.jar%2370!/:?]
	at com.google.gson.Gson.fromJson(Gson.java:1319) ~[gson-2.10.jar%2370!/:?]
	at com.google.gson.Gson.fromJson(Gson.java:1261) ~[gson-2.10.jar%2370!/:?]
	at net.minecraftforge.common.ForgeHooks.loadLootTable(ForgeHooks.java:872) ~[forge-1.20.1-47.4.22-universal.jar%23695!/:?]
	at net.minecraftforge.common.ForgeHooks.lambda$getLootTableDeserializer$3(ForgeHooks.java:849) ~[forge-1.20.1-47.4.22-universal.jar%23695!/:?]
	at net.minecraft.world.level.storage.loot.LootDataType.deserialize(LootDataType.java:45) ~[server-1.20.1-20230612.114412-srg.jar%23690!/:?]
	at net.minecraft.world.level.storage.loot.LootDataManager.lambda$scheduleElementParse$4(LootDataManager.java:56) ~[server-1.20.1-20230612.114412-srg.jar%23690!/:?]
	at java.util.HashMap.forEach(HashMap.java:1421) ~[?:?]
	at net.minecraft.world.level.storage.loot.LootDataManager.m_278660_(LootDataManager.java:55) ~[server-1.20.1-20230612.114412-srg.jar%23690!/:?]
	at java.util.concurrent.CompletableFuture$AsyncRun.run(CompletableFuture.java:1804) ~[?:?]
	at java.util.concurrent.CompletableFuture$AsyncRun.exec(CompletableFuture.java:1796) ~[?:?]
	at java.util.concurrent.ForkJoinTask.doExec(ForkJoinTask.java:373) ~[?:?]
	at java.util.concurrent.ForkJoinPool$WorkQueue.topLevelExec(ForkJoinPool.java:1182) ~[?:?]
	at java.util.concurrent.ForkJoinPool.scan(ForkJoinPool.java:1655) ~[?:?]
	at java.util.concurrent.ForkJoinPool.runWorker(ForkJoinPool.java:1622) ~[?:?]
	at java.util.concurrent.ForkJoinWorkerThread.run(ForkJoinWorkerThread.java:165) ~[?:?]
[01Aug2026 04:31:41.520] [Worker-Main-8/ERROR] [net.minecraftforge.common.ForgeHooks/]: Couldn't parse element loot_tables:pamhc2crops:blocks/pamtomatocrop
java.lang.IllegalArgumentException: Can't find block pamhc2crops:pamtomatocrop
	at net.minecraft.world.level.storage.loot.predicates.LootItemBlockStatePropertyCondition$Serializer.m_81802_(LootItemBlockStatePropertyCondition.java:79) ~[server-1.20.1-20230612.114412-srg.jar%23690!/:?]
	at java.util.Optional.orElseThrow(Optional.java:403) ~[?:?]
	at net.minecraft.world.level.storage.loot.predicates.LootItemBlockStatePropertyCondition$Serializer.m_7561_(LootItemBlockStatePropertyCondition.java:79) ~[server-1.20.1-20230612.114412-srg.jar%23690!/:?]
	at net.minecraft.world.level.storage.loot.predicates.LootItemBlockStatePropertyCondition$Serializer.m_7561_(LootItemBlockStatePropertyCondition.java:68) ~[server-1.20.1-20230612.114412-srg.jar%23690!/:?]
	at net.minecraft.world.level.storage.loot.GsonAdapterFactory$JsonAdapter.deserialize(GsonAdapterFactory.java:102) ~[server-1.20.1-20230612.114412-srg.jar%23690!/:?]
	at com.google.gson.internal.bind.TreeTypeAdapter.read(TreeTypeAdapter.java:76) ~[gson-2.10.jar%2370!/:?]
	at com.google.gson.internal.bind.TypeAdapterRuntimeTypeWrapper.read(TypeAdapterRuntimeTypeWrapper.java:40) ~[gson-2.10.jar%2370!/:?]
	at com.google.gson.internal.bind.ArrayTypeAdapter.read(ArrayTypeAdapter.java:72) ~[gson-2.10.jar%2370!/:?]
	at com.google.gson.Gson.fromJson(Gson.java:1214) ~[gson-2.10.jar%2370!/:?]
	at com.google.gson.Gson.fromJson(Gson.java:1319) ~[gson-2.10.jar%2370!/:?]
	at com.google.gson.Gson.fromJson(Gson.java:1290) ~[gson-2.10.jar%2370!/:?]
	at com.google.gson.internal.bind.TreeTypeAdapter$GsonContextImpl.deserialize(TreeTypeAdapter.java:179) ~[gson-2.10.jar%2370!/:?]
	at net.minecraft.util.GsonHelper.m_13808_(GsonHelper.java:463) ~[server-1.20.1-20230612.114412-srg.jar%23690!/:?]
	at net.minecraft.util.GsonHelper.m_13845_(GsonHelper.java:481) ~[server-1.20.1-20230612.114412-srg.jar%23690!/:?]
	at net.minecraft.world.level.storage.loot.LootPool$Serializer.deserialize(LootPool.java:193) ~[server-1.20.1-20230612.114412-srg.jar%23690!/:?]
	at net.minecraft.world.level.storage.loot.LootPool$Serializer.deserialize(LootPool.java:189) ~[server-1.20.1-20230612.114412-srg.jar%23690!/:?]
	at com.google.gson.internal.bind.TreeTypeAdapter.read(TreeTypeAdapter.java:76) ~[gson-2.10.jar%2370!/:?]
	at com.google.gson.internal.bind.TypeAdapterRuntimeTypeWrapper.read(TypeAdapterRuntimeTypeWrapper.java:40) ~[gson-2.10.jar%2370!/:?]
	at com.google.gson.internal.bind.ArrayTypeAdapter.read(ArrayTypeAdapter.java:72) ~[gson-2.10.jar%2370!/:?]
	at com.google.gson.Gson.fromJson(Gson.java:1214) ~[gson-2.10.jar%2370!/:?]
	at com.google.gson.Gson.fromJson(Gson.java:1319) ~[gson-2.10.jar%2370!/:?]
	at com.google.gson.Gson.fromJson(Gson.java:1290) ~[gson-2.10.jar%2370!/:?]
	at com.google.gson.internal.bind.TreeTypeAdapter$GsonContextImpl.deserialize(TreeTypeAdapter.java:179) ~[gson-2.10.jar%2370!/:?]
	at net.minecraft.util.GsonHelper.m_13808_(GsonHelper.java:463) ~[server-1.20.1-20230612.114412-srg.jar%23690!/:?]
	at net.minecraft.util.GsonHelper.m_13845_(GsonHelper.java:481) ~[server-1.20.1-20230612.114412-srg.jar%23690!/:?]
	at net.minecraft.world.level.storage.loot.LootTable$Serializer.deserialize(LootTable.java:294) ~[server-1.20.1-20230612.114412-srg.jar%23690!/:?]
	at net.minecraft.world.level.storage.loot.LootTable$Serializer.deserialize(LootTable.java:291) ~[server-1.20.1-20230612.114412-srg.jar%23690!/:?]
	at com.google.gson.internal.bind.TreeTypeAdapter.read(TreeTypeAdapter.java:76) ~[gson-2.10.jar%2370!/:?]
	at com.google.gson.Gson.fromJson(Gson.java:1214) ~[gson-2.10.jar%2370!/:?]
	at com.google.gson.Gson.fromJson(Gson.java:1319) ~[gson-2.10.jar%2370!/:?]
	at com.google.gson.Gson.fromJson(Gson.java:1261) ~[gson-2.10.jar%2370!/:?]
	at net.minecraftforge.common.ForgeHooks.loadLootTable(ForgeHooks.java:872) ~[forge-1.20.1-47.4.22-universal.jar%23695!/:?]
	at net.minecraftforge.common.ForgeHooks.lambda$getLootTableDeserializer$3(ForgeHooks.java:849) ~[forge-1.20.1-47.4.22-universal.jar%23695!/:?]
	at net.minecraft.world.level.storage.loot.LootDataType.deserialize(LootDataType.java:45) ~[server-1.20.1-20230612.114412-srg.jar%23690!/:?]
	at net.minecraft.world.level.storage.loot.LootDataManager.lambda$scheduleElementParse$4(LootDataManager.java:56) ~[server-1.20.1-20230612.114412-srg.jar%23690!/:?]
	at java.util.HashMap.forEach(HashMap.java:1421) ~[?:?]
	at net.minecraft.world.level.storage.loot.LootDataManager.m_278660_(LootDataManager.java:55) ~[server-1.20.1-20230612.114412-srg.jar%23690!/:?]
	at java.util.concurrent.CompletableFuture$AsyncRun.run(CompletableFuture.java:1804) ~[?:?]
	at java.util.concurrent.CompletableFuture$AsyncRun.exec(CompletableFuture.java:1796) ~[?:?]
	at java.util.concurrent.ForkJoinTask.doExec(ForkJoinTask.java:373) ~[?:?]
	at java.util.concurrent.ForkJoinPool$WorkQueue.topLevelExec(ForkJoinPool.java:1182) ~[?:?]
	at java.util.concurrent.ForkJoinPool.scan(ForkJoinPool.java:1655) ~[?:?]
	at java.util.concurrent.ForkJoinPool.runWorker(ForkJoinPool.java:1622) ~[?:?]
	at java.util.concurrent.ForkJoinWorkerThread.run(ForkJoinWorkerThread.java:165) ~[?:?]
[01Aug2026 04:31:41.546] [Worker-Main-8/ERROR] [net.minecraftforge.common.ForgeHooks/]: Couldn't parse element loot_tables:idas:chests/archmages_tower/archmages_tower_treasure
com.google.gson.JsonSyntaxException: Expected name to be an item, was unknown string 'ars_nouveau:ritual_burrowing'
	at net.minecraft.util.GsonHelper.m_13866_(GsonHelper.java:145) ~[server-1.20.1-20230612.114412-srg.jar%23690!/:?]
	at java.util.Optional.orElseThrow(Optional.java:403) ~[?:?]
	at net.minecraft.util.GsonHelper.m_13874_(GsonHelper.java:145) ~[server-1.20.1-20230612.114412-srg.jar%23690!/:?]
	at net.minecraft.util.GsonHelper.m_13909_(GsonHelper.java:153) ~[server-1.20.1-20230612.114412-srg.jar%23690!/:?]
	at net.minecraft.world.level.storage.loot.entries.LootItem$Serializer.m_7267_(LootItem.java:55) ~[server-1.20.1-20230612.114412-srg.jar%23690!/:?]
	at net.minecraft.world.level.storage.loot.entries.LootItem$Serializer.m_7267_(LootItem.java:40) ~[server-1.20.1-20230612.114412-srg.jar%23690!/:?]
	at net.minecraft.world.level.storage.loot.entries.LootPoolSingletonContainer$Serializer.m_5921_(LootPoolSingletonContainer.java:151) ~[server-1.20.1-20230612.114412-srg.jar%23690!/:?]
	at net.minecraft.world.level.storage.loot.entries.LootPoolSingletonContainer$Serializer.m_5921_(LootPoolSingletonContainer.java:129) ~[server-1.20.1-20230612.114412-srg.jar%23690!/:?]
	at net.minecraft.world.level.storage.loot.entries.LootPoolEntryContainer$Serializer.m_7561_(LootPoolEntryContainer.java:86) ~[server-1.20.1-20230612.114412-srg.jar%23690!/:?]
	at net.minecraft.world.level.storage.loot.entries.LootPoolEntryContainer$Serializer.m_7561_(LootPoolEntryContainer.java:74) ~[server-1.20.1-20230612.114412-srg.jar%23690!/:?]
	at net.minecraft.world.level.storage.loot.GsonAdapterFactory$JsonAdapter.deserialize(GsonAdapterFactory.java:102) ~[server-1.20.1-20230612.114412-srg.jar%23690!/:?]
	at com.google.gson.internal.bind.TreeTypeAdapter.read(TreeTypeAdapter.java:76) ~[gson-2.10.jar%2370!/:?]
	at com.google.gson.internal.bind.TypeAdapterRuntimeTypeWrapper.read(TypeAdapterRuntimeTypeWrapper.java:40) ~[gson-2.10.jar%2370!/:?]
	at com.google.gson.internal.bind.ArrayTypeAdapter.read(ArrayTypeAdapter.java:72) ~[gson-2.10.jar%2370!/:?]
	at com.google.gson.Gson.fromJson(Gson.java:1214) ~[gson-2.10.jar%2370!/:?]
	at com.google.gson.Gson.fromJson(Gson.java:1319) ~[gson-2.10.jar%2370!/:?]
	at com.google.gson.Gson.fromJson(Gson.java:1290) ~[gson-2.10.jar%2370!/:?]
	at com.google.gson.internal.bind.TreeTypeAdapter$GsonContextImpl.deserialize(TreeTypeAdapter.java:179) ~[gson-2.10.jar%2370!/:?]
	at net.minecraft.util.GsonHelper.m_13808_(GsonHelper.java:463) ~[server-1.20.1-20230612.114412-srg.jar%23690!/:?]
	at net.minecraft.util.GsonHelper.m_13836_(GsonHelper.java:471) ~[server-1.20.1-20230612.114412-srg.jar%23690!/:?]
	at net.minecraft.world.level.storage.loot.LootPool$Serializer.deserialize(LootPool.java:192) ~[server-1.20.1-20230612.114412-srg.jar%23690!/:?]
	at net.minecraft.world.level.storage.loot.LootPool$Serializer.deserialize(LootPool.java:189) ~[server-1.20.1-20230612.114412-srg.jar%23690!/:?]
	at com.google.gson.internal.bind.TreeTypeAdapter.read(TreeTypeAdapter.java:76) ~[gson-2.10.jar%2370!/:?]
	at com.google.gson.internal.bind.TypeAdapterRuntimeTypeWrapper.read(TypeAdapterRuntimeTypeWrapper.java:40) ~[gson-2.10.jar%2370!/:?]
	at com.google.gson.internal.bind.ArrayTypeAdapter.read(ArrayTypeAdapter.java:72) ~[gson-2.10.jar%2370!/:?]
	at com.google.gson.Gson.fromJson(Gson.java:1214) ~[gson-2.10.jar%2370!/:?]
	at com.google.gson.Gson.fromJson(Gson.java:1319) ~[gson-2.10.jar%2370!/:?]
	at com.google.gson.Gson.fromJson(Gson.java:1290) ~[gson-2.10.jar%2370!/:?]
	at com.google.gson.internal.bind.TreeTypeAdapter$GsonContextImpl.deserialize(TreeTypeAdapter.java:179) ~[gson-2.10.jar%2370!/:?]
	at net.minecraft.util.GsonHelper.m_13808_(GsonHelper.java:463) ~[server-1.20.1-20230612.114412-srg.jar%23690!/:?]
	at net.minecraft.util.GsonHelper.m_13845_(GsonHelper.java:481) ~[server-1.20.1-20230612.114412-srg.jar%23690!/:?]
	at net.minecraft.world.level.storage.loot.LootTable$Serializer.deserialize(LootTable.java:294) ~[server-1.20.1-20230612.114412-srg.jar%23690!/:?]
	at net.minecraft.world.level.storage.loot.LootTable$Serializer.deserialize(LootTable.java:291) ~[server-1.20.1-20230612.114412-srg.jar%23690!/:?]
	at com.google.gson.internal.bind.TreeTypeAdapter.read(TreeTypeAdapter.java:76) ~[gson-2.10.jar%2370!/:?]
	at com.google.gson.Gson.fromJson(Gson.java:1214) ~[gson-2.10.jar%2370!/:?]
	at com.google.gson.Gson.fromJson(Gson.java:1319) ~[gson-2.10.jar%2370!/:?]
	at com.google.gson.Gson.fromJson(Gson.java:1261) ~[gson-2.10.jar%2370!/:?]
	at net.minecraftforge.common.ForgeHooks.loadLootTable(ForgeHooks.java:872) ~[forge-1.20.1-47.4.22-universal.jar%23695!/:?]
	at net.minecraftforge.common.ForgeHooks.lambda$getLootTableDeserializer$3(ForgeHooks.java:849) ~[forge-1.20.1-47.4.22-universal.jar%23695!/:?]
	at net.minecraft.world.level.storage.loot.LootDataType.deserialize(LootDataType.java:45) ~[server-1.20.1-20230612.114412-srg.jar%23690!/:?]
	at net.minecraft.world.level.storage.loot.LootDataManager.lambda$scheduleElementParse$4(LootDataManager.java:56) ~[server-1.20.1-20230612.114412-srg.jar%23690!/:?]
	at java.util.HashMap.forEach(HashMap.java:1421) ~[?:?]
	at net.minecraft.world.level.storage.loot.LootDataManager.m_278660_(LootDataManager.java:55) ~[server-1.20.1-20230612.114412-srg.jar%23690!/:?]
	at java.util.concurrent.CompletableFuture$AsyncRun.run(CompletableFuture.java:1804) ~[?:?]
	at java.util.concurrent.CompletableFuture$AsyncRun.exec(CompletableFuture.java:1796) ~[?:?]
	at java.util.concurrent.ForkJoinTask.doExec(ForkJoinTask.java:373) ~[?:?]
	at java.util.concurrent.ForkJoinPool$WorkQueue.topLevelExec(ForkJoinPool.java:1182) ~[?:?]
	at java.util.concurrent.ForkJoinPool.scan(ForkJoinPool.java:1655) ~[?:?]
	at java.util.concurrent.ForkJoinPool.runWorker(ForkJoinPool.java:1622) ~[?:?]
	at java.util.concurrent.ForkJoinWorkerThread.run(ForkJoinWorkerThread.java:165) ~[?:?]
[01Aug2026 04:31:41.620] [Worker-Main-8/ERROR] [net.minecraftforge.common.ForgeHooks/]: Couldn't parse element loot_tables:idas:chests/archmages_tower/archmages_tower_library
com.google.gson.JsonSyntaxException: Expected name to be an item, was unknown string 'ars_nouveau:worn_notebook'
	at net.minecraft.util.GsonHelper.m_13866_(GsonHelper.java:145) ~[server-1.20.1-20230612.114412-srg.jar%23690!/:?]
	at java.util.Optional.orElseThrow(Optional.java:403) ~[?:?]
	at net.minecraft.util.GsonHelper.m_13874_(GsonHelper.java:145) ~[server-1.20.1-20230612.114412-srg.jar%23690!/:?]
	at net.minecraft.util.GsonHelper.m_13909_(GsonHelper.java:153) ~[server-1.20.1-20230612.114412-srg.jar%23690!/:?]
	at net.minecraft.world.level.storage.loot.entries.LootItem$Serializer.m_7267_(LootItem.java:55) ~[server-1.20.1-20230612.114412-srg.jar%23690!/:?]
	at net.minecraft.world.level.storage.loot.entries.LootItem$Serializer.m_7267_(LootItem.java:40) ~[server-1.20.1-20230612.114412-srg.jar%23690!/:?]
	at net.minecraft.world.level.storage.loot.entries.LootPoolSingletonContainer$Serializer.m_5921_(LootPoolSingletonContainer.java:151) ~[server-1.20.1-20230612.114412-srg.jar%23690!/:?]
	at net.minecraft.world.level.storage.loot.entries.LootPoolSingletonContainer$Serializer.m_5921_(LootPoolSingletonContainer.java:129) ~[server-1.20.1-20230612.114412-srg.jar%23690!/:?]
	at net.minecraft.world.level.storage.loot.entries.LootPoolEntryContainer$Serializer.m_7561_(LootPoolEntryContainer.java:86) ~[server-1.20.1-20230612.114412-srg.jar%23690!/:?]
	at net.minecraft.world.level.storage.loot.entries.LootPoolEntryContainer$Serializer.m_7561_(LootPoolEntryContainer.java:74) ~[server-1.20.1-20230612.114412-srg.jar%23690!/:?]
	at net.minecraft.world.level.storage.loot.GsonAdapterFactory$JsonAdapter.deserialize(GsonAdapterFactory.java:102) ~[server-1.20.1-20230612.114412-srg.jar%23690!/:?]
	at com.google.gson.internal.bind.TreeTypeAdapter.read(TreeTypeAdapter.java:76) ~[gson-2.10.jar%2370!/:?]
	at com.google.gson.internal.bind.TypeAdapterRuntimeTypeWrapper.read(TypeAdapterRuntimeTypeWrapper.java:40) ~[gson-2.10.jar%2370!/:?]
	at com.google.gson.internal.bind.ArrayTypeAdapter.read(ArrayTypeAdapter.java:72) ~[gson-2.10.jar%2370!/:?]
	at com.google.gson.Gson.fromJson(Gson.java:1214) ~[gson-2.10.jar%2370!/:?]
	at com.google.gson.Gson.fromJson(Gson.java:1319) ~[gson-2.10.jar%2370!/:?]
	at com.google.gson.Gson.fromJson(Gson.java:1290) ~[gson-2.10.jar%2370!/:?]
	at com.google.gson.internal.bind.TreeTypeAdapter$GsonContextImpl.deserialize(TreeTypeAdapter.java:179) ~[gson-2.10.jar%2370!/:?]
	at net.minecraft.util.GsonHelper.m_13808_(GsonHelper.java:463) ~[server-1.20.1-20230612.114412-srg.jar%23690!/:?]
	at net.minecraft.util.GsonHelper.m_13836_(GsonHelper.java:471) ~[server-1.20.1-20230612.114412-srg.jar%23690!/:?]
	at net.minecraft.world.level.storage.loot.LootPool$Serializer.deserialize(LootPool.java:192) ~[server-1.20.1-20230612.114412-srg.jar%23690!/:?]
	at net.minecraft.world.level.storage.loot.LootPool$Serializer.deserialize(LootPool.java:189) ~[server-1.20.1-20230612.114412-srg.jar%23690!/:?]
	at com.google.gson.internal.bind.TreeTypeAdapter.read(TreeTypeAdapter.java:76) ~[gson-2.10.jar%2370!/:?]
	at com.google.gson.internal.bind.TypeAdapterRuntimeTypeWrapper.read(TypeAdapterRuntimeTypeWrapper.java:40) ~[gson-2.10.jar%2370!/:?]
	at com.google.gson.internal.bind.ArrayTypeAdapter.read(ArrayTypeAdapter.java:72) ~[gson-2.10.jar%2370!/:?]
	at com.google.gson.Gson.fromJson(Gson.java:1214) ~[gson-2.10.jar%2370!/:?]
	at com.google.gson.Gson.fromJson(Gson.java:1319) ~[gson-2.10.jar%2370!/:?]
	at com.google.gson.Gson.fromJson(Gson.java:1290) ~[gson-2.10.jar%2370!/:?]
	at com.google.gson.internal.bind.TreeTypeAdapter$GsonContextImpl.deserialize(TreeTypeAdapter.java:179) ~[gson-2.10.jar%2370!/:?]
	at net.minecraft.util.GsonHelper.m_13808_(GsonHelper.java:463) ~[server-1.20.1-20230612.114412-srg.jar%23690!/:?]
	at net.minecraft.util.GsonHelper.m_13845_(GsonHelper.java:481) ~[server-1.20.1-20230612.114412-srg.jar%23690!/:?]
	at net.minecraft.world.level.storage.loot.LootTable$Serializer.deserialize(LootTable.java:294) ~[server-1.20.1-20230612.114412-srg.jar%23690!/:?]
	at net.minecraft.world.level.storage.loot.LootTable$Serializer.deserialize(LootTable.java:291) ~[server-1.20.1-20230612.114412-srg.jar%23690!/:?]
	at com.google.gson.internal.bind.TreeTypeAdapter.read(TreeTypeAdapter.java:76) ~[gson-2.10.jar%2370!/:?]
	at com.google.gson.Gson.fromJson(Gson.java:1214) ~[gson-2.10.jar%2370!/:?]
	at com.google.gson.Gson.fromJson(Gson.java:1319) ~[gson-2.10.jar%2370!/:?]
	at com.google.gson.Gson.fromJson(Gson.java:1261) ~[gson-2.10.jar%2370!/:?]
	at net.minecraftforge.common.ForgeHooks.loadLootTable(ForgeHooks.java:872) ~[forge-1.20.1-47.4.22-universal.jar%23695!/:?]
	at net.minecraftforge.common.ForgeHooks.lambda$getLootTableDeserializer$3(ForgeHooks.java:849) ~[forge-1.20.1-47.4.22-universal.jar%23695!/:?]
	at net.minecraft.world.level.storage.loot.LootDataType.deserialize(LootDataType.java:45) ~[server-1.20.1-20230612.114412-srg.jar%23690!/:?]
	at net.minecraft.world.level.storage.loot.LootDataManager.lambda$scheduleElementParse$4(LootDataManager.java:56) ~[server-1.20.1-20230612.114412-srg.jar%23690!/:?]
	at java.util.HashMap.forEach(HashMap.java:1421) ~[?:?]
	at net.minecraft.world.level.storage.loot.LootDataManager.m_278660_(LootDataManager.java:55) ~[server-1.20.1-20230612.114412-srg.jar%23690!/:?]
	at java.util.concurrent.CompletableFuture$AsyncRun.run(CompletableFuture.java:1804) ~[?:?]
	at java.util.concurrent.CompletableFuture$AsyncRun.exec(CompletableFuture.java:1796) ~[?:?]
	at java.util.concurrent.ForkJoinTask.doExec(ForkJoinTask.java:373) ~[?:?]
	at java.util.concurrent.ForkJoinPool$WorkQueue.topLevelExec(ForkJoinPool.java:1182) ~[?:?]
	at java.util.concurrent.ForkJoinPool.scan(ForkJoinPool.java:1655) ~[?:?]
	at java.util.concurrent.ForkJoinPool.runWorker(ForkJoinPool.java:1622) ~[?:?]
	at java.util.concurrent.ForkJoinWorkerThread.run(ForkJoinWorkerThread.java:165) ~[?:?]
[01Aug2026 04:31:41.652] [Worker-Main-8/ERROR] [net.minecraftforge.common.ForgeHooks/]: Couldn't parse element loot_tables:block_factorys_bosses:chests/underworld_arena_vault
com.google.gson.JsonSyntaxException: Unknown enchantment 'minecraft:mending'
	at net.minecraft.world.level.storage.loot.functions.SetEnchantmentsFunction$Serializer.m_165401_(SetEnchantmentsFunction.java:133) ~[server-1.20.1-20230612.114412-srg.jar%23690!/:?]
	at java.util.Optional.orElseThrow(Optional.java:403) ~[?:?]
	at net.minecraft.world.level.storage.loot.functions.SetEnchantmentsFunction$Serializer.m_6821_(SetEnchantmentsFunction.java:133) ~[server-1.20.1-20230612.114412-srg.jar%23690!/:?]
	at net.minecraft.world.level.storage.loot.functions.SetEnchantmentsFunction$Serializer.m_6821_(SetEnchantmentsFunction.java:107) ~[server-1.20.1-20230612.114412-srg.jar%23690!/:?]
	at net.minecraft.world.level.storage.loot.functions.LootItemConditionalFunction$Serializer.m_7561_(LootItemConditionalFunction.java:99) ~[server-1.20.1-20230612.114412-srg.jar%23690!/:?]
	at net.minecraft.world.level.storage.loot.functions.LootItemConditionalFunction$Serializer.m_7561_(LootItemConditionalFunction.java:88) ~[server-1.20.1-20230612.114412-srg.jar%23690!/:?]
	at net.minecraft.world.level.storage.loot.GsonAdapterFactory$JsonAdapter.deserialize(GsonAdapterFactory.java:102) ~[server-1.20.1-20230612.114412-srg.jar%23690!/:?]
	at com.google.gson.internal.bind.TreeTypeAdapter.read(TreeTypeAdapter.java:76) ~[gson-2.10.jar%2370!/:?]
	at com.google.gson.internal.bind.TypeAdapterRuntimeTypeWrapper.read(TypeAdapterRuntimeTypeWrapper.java:40) ~[gson-2.10.jar%2370!/:?]
	at com.google.gson.internal.bind.ArrayTypeAdapter.read(ArrayTypeAdapter.java:72) ~[gson-2.10.jar%2370!/:?]
	at com.google.gson.Gson.fromJson(Gson.java:1214) ~[gson-2.10.jar%2370!/:?]
	at com.google.gson.Gson.fromJson(Gson.java:1319) ~[gson-2.10.jar%2370!/:?]
	at com.google.gson.Gson.fromJson(Gson.java:1290) ~[gson-2.10.jar%2370!/:?]
	at com.google.gson.internal.bind.TreeTypeAdapter$GsonContextImpl.deserialize(TreeTypeAdapter.java:179) ~[gson-2.10.jar%2370!/:?]
	at net.minecraft.util.GsonHelper.m_13808_(GsonHelper.java:463) ~[server-1.20.1-20230612.114412-srg.jar%23690!/:?]
	at net.minecraft.util.GsonHelper.m_13845_(GsonHelper.java:481) ~[server-1.20.1-20230612.114412-srg.jar%23690!/:?]
	at net.minecraft.world.level.storage.loot.entries.LootPoolSingletonContainer$Serializer.m_5921_(LootPoolSingletonContainer.java:149) ~[server-1.20.1-20230612.114412-srg.jar%23690!/:?]
	at net.minecraft.world.level.storage.loot.entries.LootPoolSingletonContainer$Serializer.m_5921_(LootPoolSingletonContainer.java:129) ~[server-1.20.1-20230612.114412-srg.jar%23690!/:?]
	at net.minecraft.world.level.storage.loot.entries.LootPoolEntryContainer$Serializer.m_7561_(LootPoolEntryContainer.java:86) ~[server-1.20.1-20230612.114412-srg.jar%23690!/:?]
	at net.minecraft.world.level.storage.loot.entries.LootPoolEntryContainer$Serializer.m_7561_(LootPoolEntryContainer.java:74) ~[server-1.20.1-20230612.114412-srg.jar%23690!/:?]
	at net.minecraft.world.level.storage.loot.GsonAdapterFactory$JsonAdapter.deserialize(GsonAdapterFactory.java:102) ~[server-1.20.1-20230612.114412-srg.jar%23690!/:?]
	at com.google.gson.internal.bind.TreeTypeAdapter.read(TreeTypeAdapter.java:76) ~[gson-2.10.jar%2370!/:?]
	at com.google.gson.internal.bind.TypeAdapterRuntimeTypeWrapper.read(TypeAdapterRuntimeTypeWrapper.java:40) ~[gson-2.10.jar%2370!/:?]
	at com.google.gson.internal.bind.ArrayTypeAdapter.read(ArrayTypeAdapter.java:72) ~[gson-2.10.jar%2370!/:?]
	at com.google.gson.Gson.fromJson(Gson.java:1214) ~[gson-2.10.jar%2370!/:?]
	at com.google.gson.Gson.fromJson(Gson.java:1319) ~[gson-2.10.jar%2370!/:?]
	at com.google.gson.Gson.fromJson(Gson.java:1290) ~[gson-2.10.jar%2370!/:?]
	at com.google.gson.internal.bind.TreeTypeAdapter$GsonContextImpl.deserialize(TreeTypeAdapter.java:179) ~[gson-2.10.jar%2370!/:?]
	at net.minecraft.util.GsonHelper.m_13808_(GsonHelper.java:463) ~[server-1.20.1-20230612.114412-srg.jar%23690!/:?]
	at net.minecraft.util.GsonHelper.m_13836_(GsonHelper.java:471) ~[server-1.20.1-20230612.114412-srg.jar%23690!/:?]
	at net.minecraft.world.level.storage.loot.LootPool$Serializer.deserialize(LootPool.java:192) ~[server-1.20.1-20230612.114412-srg.jar%23690!/:?]
	at net.minecraft.world.level.storage.loot.LootPool$Serializer.deserialize(LootPool.java:189) ~[server-1.20.1-20230612.114412-srg.jar%23690!/:?]
	at com.google.gson.internal.bind.TreeTypeAdapter.read(TreeTypeAdapter.java:76) ~[gson-2.10.jar%2370!/:?]
	at com.google.gson.internal.bind.TypeAdapterRuntimeTypeWrapper.read(TypeAdapterRuntimeTypeWrapper.java:40) ~[gson-2.10.jar%2370!/:?]
	at com.google.gson.internal.bind.ArrayTypeAdapter.read(ArrayTypeAdapter.java:72) ~[gson-2.10.jar%2370!/:?]
	at com.google.gson.Gson.fromJson(Gson.java:1214) ~[gson-2.10.jar%2370!/:?]
	at com.google.gson.Gson.fromJson(Gson.java:1319) ~[gson-2.10.jar%2370!/:?]
	at com.google.gson.Gson.fromJson(Gson.java:1290) ~[gson-2.10.jar%2370!/:?]
	at com.google.gson.internal.bind.TreeTypeAdapter$GsonContextImpl.deserialize(TreeTypeAdapter.java:179) ~[gson-2.10.jar%2370!/:?]
	at net.minecraft.util.GsonHelper.m_13808_(GsonHelper.java:463) ~[server-1.20.1-20230612.114412-srg.jar%23690!/:?]
	at net.minecraft.util.GsonHelper.m_13845_(GsonHelper.java:481) ~[server-1.20.1-20230612.114412-srg.jar%23690!/:?]
	at net.minecraft.world.level.storage.loot.LootTable$Serializer.deserialize(LootTable.java:294) ~[server-1.20.1-20230612.114412-srg.jar%23690!/:?]
	at net.minecraft.world.level.storage.loot.LootTable$Serializer.deserialize(LootTable.java:291) ~[server-1.20.1-20230612.114412-srg.jar%23690!/:?]
	at com.google.gson.internal.bind.TreeTypeAdapter.read(TreeTypeAdapter.java:76) ~[gson-2.10.jar%2370!/:?]
	at com.google.gson.Gson.fromJson(Gson.java:1214) ~[gson-2.10.jar%2370!/:?]
	at com.google.gson.Gson.fromJson(Gson.java:1319) ~[gson-2.10.jar%2370!/:?]
	at com.google.gson.Gson.fromJson(Gson.java:1261) ~[gson-2.10.jar%2370!/:?]
	at net.minecraftforge.common.ForgeHooks.loadLootTable(ForgeHooks.java:872) ~[forge-1.20.1-47.4.22-universal.jar%23695!/:?]
	at net.minecraftforge.common.ForgeHooks.lambda$getLootTableDeserializer$3(ForgeHooks.java:849) ~[forge-1.20.1-47.4.22-universal.jar%23695!/:?]
	at net.minecraft.world.level.storage.loot.LootDataType.deserialize(LootDataType.java:45) ~[server-1.20.1-20230612.114412-srg.jar%23690!/:?]
	at net.minecraft.world.level.storage.loot.LootDataManager.lambda$scheduleElementParse$4(LootDataManager.java:56) ~[server-1.20.1-20230612.114412-srg.jar%23690!/:?]
	at java.util.HashMap.forEach(HashMap.java:1421) ~[?:?]
	at net.minecraft.world.level.storage.loot.LootDataManager.m_278660_(LootDataManager.java:55) ~[server-1.20.1-20230612.114412-srg.jar%23690!/:?]
	at java.util.concurrent.CompletableFuture$AsyncRun.run(CompletableFuture.java:1804) ~[?:?]
	at java.util.concurrent.CompletableFuture$AsyncRun.exec(CompletableFuture.java:1796) ~[?:?]
	at java.util.concurrent.ForkJoinTask.doExec(ForkJoinTask.java:373) ~[?:?]
	at java.util.concurrent.ForkJoinPool$WorkQueue.topLevelExec(ForkJoinPool.java:1182) ~[?:?]
	at java.util.concurrent.ForkJoinPool.scan(ForkJoinPool.java:1655) ~[?:?]
	at java.util.concurrent.ForkJoinPool.runWorker(ForkJoinPool.java:1622) ~[?:?]
	at java.util.concurrent.ForkJoinWorkerThread.run(ForkJoinWorkerThread.java:165) ~[?:?]
[01Aug2026 04:31:41.755] [Worker-Main-8/ERROR] [net.minecraftforge.common.ForgeHooks/]: Couldn't parse element loot_tables:pamhc2crops:blocks/pamcabbagecrop
java.lang.IllegalArgumentException: Can't find block pamhc2crops:pamcabbagecrop
	at net.minecraft.world.level.storage.loot.predicates.LootItemBlockStatePropertyCondition$Serializer.m_81802_(LootItemBlockStatePropertyCondition.java:79) ~[server-1.20.1-20230612.114412-srg.jar%23690!/:?]
	at java.util.Optional.orElseThrow(Optional.java:403) ~[?:?]
	at net.minecraft.world.level.storage.loot.predicates.LootItemBlockStatePropertyCondition$Serializer.m_7561_(LootItemBlockStatePropertyCondition.java:79) ~[server-1.20.1-20230612.114412-srg.jar%23690!/:?]
	at net.minecraft.world.level.storage.loot.predicates.LootItemBlockStatePropertyCondition$Serializer.m_7561_(LootItemBlockStatePropertyCondition.java:68) ~[server-1.20.1-20230612.114412-srg.jar%23690!/:?]
	at net.minecraft.world.level.storage.loot.GsonAdapterFactory$JsonAdapter.deserialize(GsonAdapterFactory.java:102) ~[server-1.20.1-20230612.114412-srg.jar%23690!/:?]
	at com.google.gson.internal.bind.TreeTypeAdapter.read(TreeTypeAdapter.java:76) ~[gson-2.10.jar%2370!/:?]
	at com.google.gson.internal.bind.TypeAdapterRuntimeTypeWrapper.read(TypeAdapterRuntimeTypeWrapper.java:40) ~[gson-2.10.jar%2370!/:?]
	at com.google.gson.internal.bind.ArrayTypeAdapter.read(ArrayTypeAdapter.java:72) ~[gson-2.10.jar%2370!/:?]
	at com.google.gson.Gson.fromJson(Gson.java:1214) ~[gson-2.10.jar%2370!/:?]
	at com.google.gson.Gson.fromJson(Gson.java:1319) ~[gson-2.10.jar%2370!/:?]
	at com.google.gson.Gson.fromJson(Gson.java:1290) ~[gson-2.10.jar%2370!/:?]
	at com.google.gson.internal.bind.TreeTypeAdapter$GsonContextImpl.deserialize(TreeTypeAdapter.java:179) ~[gson-2.10.jar%2370!/:?]
	at net.minecraft.util.GsonHelper.m_13808_(GsonHelper.java:463) ~[server-1.20.1-20230612.114412-srg.jar%23690!/:?]
	at net.minecraft.util.GsonHelper.m_13845_(GsonHelper.java:481) ~[server-1.20.1-20230612.114412-srg.jar%23690!/:?]
	at net.minecraft.world.level.storage.loot.LootPool$Serializer.deserialize(LootPool.java:193) ~[server-1.20.1-20230612.114412-srg.jar%23690!/:?]
	at net.minecraft.world.level.storage.loot.LootPool$Serializer.deserialize(LootPool.java:189) ~[server-1.20.1-20230612.114412-srg.jar%23690!/:?]
	at com.google.gson.internal.bind.TreeTypeAdapter.read(TreeTypeAdapter.java:76) ~[gson-2.10.jar%2370!/:?]
	at com.google.gson.internal.bind.TypeAdapterRuntimeTypeWrapper.read(TypeAdapterRuntimeTypeWrapper.java:40) ~[gson-2.10.jar%2370!/:?]
	at com.google.gson.internal.bind.ArrayTypeAdapter.read(ArrayTypeAdapter.java:72) ~[gson-2.10.jar%2370!/:?]
	at com.google.gson.Gson.fromJson(Gson.java:1214) ~[gson-2.10.jar%2370!/:?]
	at com.google.gson.Gson.fromJson(Gson.java:1319) ~[gson-2.10.jar%2370!/:?]
	at com.google.gson.Gson.fromJson(Gson.java:1290) ~[gson-2.10.jar%2370!/:?]
	at com.google.gson.internal.bind.TreeTypeAdapter$GsonContextImpl.deserialize(TreeTypeAdapter.java:179) ~[gson-2.10.jar%2370!/:?]
	at net.minecraft.util.GsonHelper.m_13808_(GsonHelper.java:463) ~[server-1.20.1-20230612.114412-srg.jar%23690!/:?]
	at net.minecraft.util.GsonHelper.m_13845_(GsonHelper.java:481) ~[server-1.20.1-20230612.114412-srg.jar%23690!/:?]
	at net.minecraft.world.level.storage.loot.LootTable$Serializer.deserialize(LootTable.java:294) ~[server-1.20.1-20230612.114412-srg.jar%23690!/:?]
	at net.minecraft.world.level.storage.loot.LootTable$Serializer.deserialize(LootTable.java:291) ~[server-1.20.1-20230612.114412-srg.jar%23690!/:?]
	at com.google.gson.internal.bind.TreeTypeAdapter.read(TreeTypeAdapter.java:76) ~[gson-2.10.jar%2370!/:?]
	at com.google.gson.Gson.fromJson(Gson.java:1214) ~[gson-2.10.jar%2370!/:?]
	at com.google.gson.Gson.fromJson(Gson.java:1319) ~[gson-2.10.jar%2370!/:?]
	at com.google.gson.Gson.fromJson(Gson.java:1261) ~[gson-2.10.jar%2370!/:?]
	at net.minecraftforge.common.ForgeHooks.loadLootTable(ForgeHooks.java:872) ~[forge-1.20.1-47.4.22-universal.jar%23695!/:?]
	at net.minecraftforge.common.ForgeHooks.lambda$getLootTableDeserializer$3(ForgeHooks.java:849) ~[forge-1.20.1-47.4.22-universal.jar%23695!/:?]
	at net.minecraft.world.level.storage.loot.LootDataType.deserialize(LootDataType.java:45) ~[server-1.20.1-20230612.114412-srg.jar%23690!/:?]
	at net.minecraft.world.level.storage.loot.LootDataManager.lambda$scheduleElementParse$4(LootDataManager.java:56) ~[server-1.20.1-20230612.114412-srg.jar%23690!/:?]
	at java.util.HashMap.forEach(HashMap.java:1421) ~[?:?]
	at net.minecraft.world.level.storage.loot.LootDataManager.m_278660_(LootDataManager.java:55) ~[server-1.20.1-20230612.114412-srg.jar%23690!/:?]
	at java.util.concurrent.CompletableFuture$AsyncRun.run(CompletableFuture.java:1804) ~[?:?]
	at java.util.concurrent.CompletableFuture$AsyncRun.exec(CompletableFuture.java:1796) ~[?:?]
	at java.util.concurrent.ForkJoinTask.doExec(ForkJoinTask.java:373) ~[?:?]
	at java.util.concurrent.ForkJoinPool$WorkQueue.topLevelExec(ForkJoinPool.java:1182) ~[?:?]
	at java.util.concurrent.ForkJoinPool.scan(ForkJoinPool.java:1655) ~[?:?]
	at java.util.concurrent.ForkJoinPool.runWorker(ForkJoinPool.java:1622) ~[?:?]
	at java.util.concurrent.ForkJoinWorkerThread.run(ForkJoinWorkerThread.java:165) ~[?:?]
[01Aug2026 04:31:41.771] [Worker-Main-8/ERROR] [net.minecraftforge.common.ForgeHooks/]: Couldn't parse element loot_tables:pamhc2crops:blocks/frostgarden
com.google.gson.JsonSyntaxException: Expected name to be an item, was unknown string 'pamhc2crops:broccoliitem'
	at net.minecraft.util.GsonHelper.m_13866_(GsonHelper.java:145) ~[server-1.20.1-20230612.114412-srg.jar%23690!/:?]
	at java.util.Optional.orElseThrow(Optional.java:403) ~[?:?]
	at net.minecraft.util.GsonHelper.m_13874_(GsonHelper.java:145) ~[server-1.20.1-20230612.114412-srg.jar%23690!/:?]
	at net.minecraft.util.GsonHelper.m_13909_(GsonHelper.java:153) ~[server-1.20.1-20230612.114412-srg.jar%23690!/:?]
	at net.minecraft.world.level.storage.loot.entries.LootItem$Serializer.m_7267_(LootItem.java:55) ~[server-1.20.1-20230612.114412-srg.jar%23690!/:?]
	at net.minecraft.world.level.storage.loot.entries.LootItem$Serializer.m_7267_(LootItem.java:40) ~[server-1.20.1-20230612.114412-srg.jar%23690!/:?]
	at net.minecraft.world.level.storage.loot.entries.LootPoolSingletonContainer$Serializer.m_5921_(LootPoolSingletonContainer.java:151) ~[server-1.20.1-20230612.114412-srg.jar%23690!/:?]
	at net.minecraft.world.level.storage.loot.entries.LootPoolSingletonContainer$Serializer.m_5921_(LootPoolSingletonContainer.java:129) ~[server-1.20.1-20230612.114412-srg.jar%23690!/:?]
	at net.minecraft.world.level.storage.loot.entries.LootPoolEntryContainer$Serializer.m_7561_(LootPoolEntryContainer.java:86) ~[server-1.20.1-20230612.114412-srg.jar%23690!/:?]
	at net.minecraft.world.level.storage.loot.entries.LootPoolEntryContainer$Serializer.m_7561_(LootPoolEntryContainer.java:74) ~[server-1.20.1-20230612.114412-srg.jar%23690!/:?]
	at net.minecraft.world.level.storage.loot.GsonAdapterFactory$JsonAdapter.deserialize(GsonAdapterFactory.java:102) ~[server-1.20.1-20230612.114412-srg.jar%23690!/:?]
	at com.google.gson.internal.bind.TreeTypeAdapter.read(TreeTypeAdapter.java:76) ~[gson-2.10.jar%2370!/:?]
	at com.google.gson.internal.bind.TypeAdapterRuntimeTypeWrapper.read(TypeAdapterRuntimeTypeWrapper.java:40) ~[gson-2.10.jar%2370!/:?]
	at com.google.gson.internal.bind.ArrayTypeAdapter.read(ArrayTypeAdapter.java:72) ~[gson-2.10.jar%2370!/:?]
	at com.google.gson.Gson.fromJson(Gson.java:1214) ~[gson-2.10.jar%2370!/:?]
	at com.google.gson.Gson.fromJson(Gson.java:1319) ~[gson-2.10.jar%2370!/:?]
	at com.google.gson.Gson.fromJson(Gson.java:1290) ~[gson-2.10.jar%2370!/:?]
	at com.google.gson.internal.bind.TreeTypeAdapter$GsonContextImpl.deserialize(TreeTypeAdapter.java:179) ~[gson-2.10.jar%2370!/:?]
	at net.minecraft.util.GsonHelper.m_13808_(GsonHelper.java:463) ~[server-1.20.1-20230612.114412-srg.jar%23690!/:?]
	at net.minecraft.util.GsonHelper.m_13836_(GsonHelper.java:471) ~[server-1.20.1-20230612.114412-srg.jar%23690!/:?]
	at net.minecraft.world.level.storage.loot.LootPool$Serializer.deserialize(LootPool.java:192) ~[server-1.20.1-20230612.114412-srg.jar%23690!/:?]
	at net.minecraft.world.level.storage.loot.LootPool$Serializer.deserialize(LootPool.java:189) ~[server-1.20.1-20230612.114412-srg.jar%23690!/:?]
	at com.google.gson.internal.bind.TreeTypeAdapter.read(TreeTypeAdapter.java:76) ~[gson-2.10.jar%2370!/:?]
	at com.google.gson.internal.bind.TypeAdapterRuntimeTypeWrapper.read(TypeAdapterRuntimeTypeWrapper.java:40) ~[gson-2.10.jar%2370!/:?]
	at com.google.gson.internal.bind.ArrayTypeAdapter.read(ArrayTypeAdapter.java:72) ~[gson-2.10.jar%2370!/:?]
	at com.google.gson.Gson.fromJson(Gson.java:1214) ~[gson-2.10.jar%2370!/:?]
	at com.google.gson.Gson.fromJson(Gson.java:1319) ~[gson-2.10.jar%2370!/:?]
	at com.google.gson.Gson.fromJson(Gson.java:1290) ~[gson-2.10.jar%2370!/:?]
	at com.google.gson.internal.bind.TreeTypeAdapter$GsonContextImpl.deserialize(TreeTypeAdapter.java:179) ~[gson-2.10.jar%2370!/:?]
	at net.minecraft.util.GsonHelper.m_13808_(GsonHelper.java:463) ~[server-1.20.1-20230612.114412-srg.jar%23690!/:?]
	at net.minecraft.util.GsonHelper.m_13845_(GsonHelper.java:481) ~[server-1.20.1-20230612.114412-srg.jar%23690!/:?]
	at net.minecraft.world.level.storage.loot.LootTable$Serializer.deserialize(LootTable.java:294) ~[server-1.20.1-20230612.114412-srg.jar%23690!/:?]
	at net.minecraft.world.level.storage.loot.LootTable$Serializer.deserialize(LootTable.java:291) ~[server-1.20.1-20230612.114412-srg.jar%23690!/:?]
	at com.google.gson.internal.bind.TreeTypeAdapter.read(TreeTypeAdapter.java:76) ~[gson-2.10.jar%2370!/:?]
	at com.google.gson.Gson.fromJson(Gson.java:1214) ~[gson-2.10.jar%2370!/:?]
	at com.google.gson.Gson.fromJson(Gson.java:1319) ~[gson-2.10.jar%2370!/:?]
	at com.google.gson.Gson.fromJson(Gson.java:1261) ~[gson-2.10.jar%2370!/:?]
	at net.minecraftforge.common.ForgeHooks.loadLootTable(ForgeHooks.java:872) ~[forge-1.20.1-47.4.22-universal.jar%23695!/:?]
	at net.minecraftforge.common.ForgeHooks.lambda$getLootTableDeserializer$3(ForgeHooks.java:849) ~[forge-1.20.1-47.4.22-universal.jar%23695!/:?]
	at net.minecraft.world.level.storage.loot.LootDataType.deserialize(LootDataType.java:45) ~[server-1.20.1-20230612.114412-srg.jar%23690!/:?]
	at net.minecraft.world.level.storage.loot.LootDataManager.lambda$scheduleElementParse$4(LootDataManager.java:56) ~[server-1.20.1-20230612.114412-srg.jar%23690!/:?]
	at java.util.HashMap.forEach(HashMap.java:1421) ~[?:?]
	at net.minecraft.world.level.storage.loot.LootDataManager.m_278660_(LootDataManager.java:55) ~[server-1.20.1-20230612.114412-srg.jar%23690!/:?]
	at java.util.concurrent.CompletableFuture$AsyncRun.run(CompletableFuture.java:1804) ~[?:?]
	at java.util.concurrent.CompletableFuture$AsyncRun.exec(CompletableFuture.java:1796) ~[?:?]
	at java.util.concurrent.ForkJoinTask.doExec(ForkJoinTask.java:373) ~[?:?]
	at java.util.concurrent.ForkJoinPool$WorkQueue.topLevelExec(ForkJoinPool.java:1182) ~[?:?]
	at java.util.concurrent.ForkJoinPool.scan(ForkJoinPool.java:1655) ~[?:?]
	at java.util.concurrent.ForkJoinPool.runWorker(ForkJoinPool.java:1622) ~[?:?]
	at java.util.concurrent.ForkJoinWorkerThread.run(ForkJoinWorkerThread.java:165) ~[?:?]
[01Aug2026 04:31:41.845] [Worker-Main-8/ERROR] [net.minecraftforge.common.ForgeHooks/]: Couldn't parse element loot_tables:createfisheryindustry:entities/peeler/turtle
com.google.gson.JsonSyntaxException: Expected name to be an item, was unknown string 'minecraft:turtle_scute'
	at net.minecraft.util.GsonHelper.m_13866_(GsonHelper.java:145) ~[server-1.20.1-20230612.114412-srg.jar%23690!/:?]
	at java.util.Optional.orElseThrow(Optional.java:403) ~[?:?]
	at net.minecraft.util.GsonHelper.m_13874_(GsonHelper.java:145) ~[server-1.20.1-20230612.114412-srg.jar%23690!/:?]
	at net.minecraft.util.GsonHelper.m_13909_(GsonHelper.java:153) ~[server-1.20.1-20230612.114412-srg.jar%23690!/:?]
	at net.minecraft.world.level.storage.loot.entries.LootItem$Serializer.m_7267_(LootItem.java:55) ~[server-1.20.1-20230612.114412-srg.jar%23690!/:?]
	at net.minecraft.world.level.storage.loot.entries.LootItem$Serializer.m_7267_(LootItem.java:40) ~[server-1.20.1-20230612.114412-srg.jar%23690!/:?]
	at net.minecraft.world.level.storage.loot.entries.LootPoolSingletonContainer$Serializer.m_5921_(LootPoolSingletonContainer.java:151) ~[server-1.20.1-20230612.114412-srg.jar%23690!/:?]
	at net.minecraft.world.level.storage.loot.entries.LootPoolSingletonContainer$Serializer.m_5921_(LootPoolSingletonContainer.java:129) ~[server-1.20.1-20230612.114412-srg.jar%23690!/:?]
	at net.minecraft.world.level.storage.loot.entries.LootPoolEntryContainer$Serializer.m_7561_(LootPoolEntryContainer.java:86) ~[server-1.20.1-20230612.114412-srg.jar%23690!/:?]
	at net.minecraft.world.level.storage.loot.entries.LootPoolEntryContainer$Serializer.m_7561_(LootPoolEntryContainer.java:74) ~[server-1.20.1-20230612.114412-srg.jar%23690!/:?]
	at net.minecraft.world.level.storage.loot.GsonAdapterFactory$JsonAdapter.deserialize(GsonAdapterFactory.java:102) ~[server-1.20.1-20230612.114412-srg.jar%23690!/:?]
	at com.google.gson.internal.bind.TreeTypeAdapter.read(TreeTypeAdapter.java:76) ~[gson-2.10.jar%2370!/:?]
	at com.google.gson.internal.bind.TypeAdapterRuntimeTypeWrapper.read(TypeAdapterRuntimeTypeWrapper.java:40) ~[gson-2.10.jar%2370!/:?]
	at com.google.gson.internal.bind.ArrayTypeAdapter.read(ArrayTypeAdapter.java:72) ~[gson-2.10.jar%2370!/:?]
	at com.google.gson.Gson.fromJson(Gson.java:1214) ~[gson-2.10.jar%2370!/:?]
	at com.google.gson.Gson.fromJson(Gson.java:1319) ~[gson-2.10.jar%2370!/:?]
	at com.google.gson.Gson.fromJson(Gson.java:1290) ~[gson-2.10.jar%2370!/:?]
	at com.google.gson.internal.bind.TreeTypeAdapter$GsonContextImpl.deserialize(TreeTypeAdapter.java:179) ~[gson-2.10.jar%2370!/:?]
	at net.minecraft.util.GsonHelper.m_13808_(GsonHelper.java:463) ~[server-1.20.1-20230612.114412-srg.jar%23690!/:?]
	at net.minecraft.util.GsonHelper.m_13836_(GsonHelper.java:471) ~[server-1.20.1-20230612.114412-srg.jar%23690!/:?]
	at net.minecraft.world.level.storage.loot.LootPool$Serializer.deserialize(LootPool.java:192) ~[server-1.20.1-20230612.114412-srg.jar%23690!/:?]
	at net.minecraft.world.level.storage.loot.LootPool$Serializer.deserialize(LootPool.java:189) ~[server-1.20.1-20230612.114412-srg.jar%23690!/:?]
	at com.google.gson.internal.bind.TreeTypeAdapter.read(TreeTypeAdapter.java:76) ~[gson-2.10.jar%2370!/:?]
	at com.google.gson.internal.bind.TypeAdapterRuntimeTypeWrapper.read(TypeAdapterRuntimeTypeWrapper.java:40) ~[gson-2.10.jar%2370!/:?]
	at com.google.gson.internal.bind.ArrayTypeAdapter.read(ArrayTypeAdapter.java:72) ~[gson-2.10.jar%2370!/:?]
	at com.google.gson.Gson.fromJson(Gson.java:1214) ~[gson-2.10.jar%2370!/:?]
	at com.google.gson.Gson.fromJson(Gson.java:1319) ~[gson-2.10.jar%2370!/:?]
	at com.google.gson.Gson.fromJson(Gson.java:1290) ~[gson-2.10.jar%2370!/:?]
	at com.google.gson.internal.bind.TreeTypeAdapter$GsonContextImpl.deserialize(TreeTypeAdapter.java:179) ~[gson-2.10.jar%2370!/:?]
	at net.minecraft.util.GsonHelper.m_13808_(GsonHelper.java:463) ~[server-1.20.1-20230612.114412-srg.jar%23690!/:?]
	at net.minecraft.util.GsonHelper.m_13845_(GsonHelper.java:481) ~[server-1.20.1-20230612.114412-srg.jar%23690!/:?]
	at net.minecraft.world.level.storage.loot.LootTable$Serializer.deserialize(LootTable.java:294) ~[server-1.20.1-20230612.114412-srg.jar%23690!/:?]
	at net.minecraft.world.level.storage.loot.LootTable$Serializer.deserialize(LootTable.java:291) ~[server-1.20.1-20230612.114412-srg.jar%23690!/:?]
	at com.google.gson.internal.bind.TreeTypeAdapter.read(TreeTypeAdapter.java:76) ~[gson-2.10.jar%2370!/:?]
	at com.google.gson.Gson.fromJson(Gson.java:1214) ~[gson-2.10.jar%2370!/:?]
	at com.google.gson.Gson.fromJson(Gson.java:1319) ~[gson-2.10.jar%2370!/:?]
	at com.google.gson.Gson.fromJson(Gson.java:1261) ~[gson-2.10.jar%2370!/:?]
	at net.minecraftforge.common.ForgeHooks.loadLootTable(ForgeHooks.java:872) ~[forge-1.20.1-47.4.22-universal.jar%23695!/:?]
	at net.minecraftforge.common.ForgeHooks.lambda$getLootTableDeserializer$3(ForgeHooks.java:849) ~[forge-1.20.1-47.4.22-universal.jar%23695!/:?]
	at net.minecraft.world.level.storage.loot.LootDataType.deserialize(LootDataType.java:45) ~[server-1.20.1-20230612.114412-srg.jar%23690!/:?]
	at net.minecraft.world.level.storage.loot.LootDataManager.lambda$scheduleElementParse$4(LootDataManager.java:56) ~[server-1.20.1-20230612.114412-srg.jar%23690!/:?]
	at java.util.HashMap.forEach(HashMap.java:1421) ~[?:?]
	at net.minecraft.world.level.storage.loot.LootDataManager.m_278660_(LootDataManager.java:55) ~[server-1.20.1-20230612.114412-srg.jar%23690!/:?]
	at java.util.concurrent.CompletableFuture$AsyncRun.run(CompletableFuture.java:1804) ~[?:?]
	at java.util.concurrent.CompletableFuture$AsyncRun.exec(CompletableFuture.java:1796) ~[?:?]
	at java.util.concurrent.ForkJoinTask.doExec(ForkJoinTask.java:373) ~[?:?]
	at java.util.concurrent.ForkJoinPool$WorkQueue.topLevelExec(ForkJoinPool.java:1182) ~[?:?]
	at java.util.concurrent.ForkJoinPool.scan(ForkJoinPool.java:1655) ~[?:?]
	at java.util.concurrent.ForkJoinPool.runWorker(ForkJoinPool.java:1622) ~[?:?]
	at java.util.concurrent.ForkJoinWorkerThread.run(ForkJoinWorkerThread.java:165) ~[?:?]
[01Aug2026 04:31:41.859] [Worker-Main-8/ERROR] [net.minecraftforge.common.ForgeHooks/]: Couldn't parse element loot_tables:pamhc2crops:blocks/pamricecrop
java.lang.IllegalArgumentException: Can't find block pamhc2crops:pamricecrop
	at net.minecraft.world.level.storage.loot.predicates.LootItemBlockStatePropertyCondition$Serializer.m_81802_(LootItemBlockStatePropertyCondition.java:79) ~[server-1.20.1-20230612.114412-srg.jar%23690!/:?]
	at java.util.Optional.orElseThrow(Optional.java:403) ~[?:?]
	at net.minecraft.world.level.storage.loot.predicates.LootItemBlockStatePropertyCondition$Serializer.m_7561_(LootItemBlockStatePropertyCondition.java:79) ~[server-1.20.1-20230612.114412-srg.jar%23690!/:?]
	at net.minecraft.world.level.storage.loot.predicates.LootItemBlockStatePropertyCondition$Serializer.m_7561_(LootItemBlockStatePropertyCondition.java:68) ~[server-1.20.1-20230612.114412-srg.jar%23690!/:?]
	at net.minecraft.world.level.storage.loot.GsonAdapterFactory$JsonAdapter.deserialize(GsonAdapterFactory.java:102) ~[server-1.20.1-20230612.114412-srg.jar%23690!/:?]
	at com.google.gson.internal.bind.TreeTypeAdapter.read(TreeTypeAdapter.java:76) ~[gson-2.10.jar%2370!/:?]
	at com.google.gson.internal.bind.TypeAdapterRuntimeTypeWrapper.read(TypeAdapterRuntimeTypeWrapper.java:40) ~[gson-2.10.jar%2370!/:?]
	at com.google.gson.internal.bind.ArrayTypeAdapter.read(ArrayTypeAdapter.java:72) ~[gson-2.10.jar%2370!/:?]
	at com.google.gson.Gson.fromJson(Gson.java:1214) ~[gson-2.10.jar%2370!/:?]
	at com.google.gson.Gson.fromJson(Gson.java:1319) ~[gson-2.10.jar%2370!/:?]
	at com.google.gson.Gson.fromJson(Gson.java:1290) ~[gson-2.10.jar%2370!/:?]
	at com.google.gson.internal.bind.TreeTypeAdapter$GsonContextImpl.deserialize(TreeTypeAdapter.java:179) ~[gson-2.10.jar%2370!/:?]
	at net.minecraft.util.GsonHelper.m_13808_(GsonHelper.java:463) ~[server-1.20.1-20230612.114412-srg.jar%23690!/:?]
	at net.minecraft.util.GsonHelper.m_13845_(GsonHelper.java:481) ~[server-1.20.1-20230612.114412-srg.jar%23690!/:?]
	at net.minecraft.world.level.storage.loot.LootPool$Serializer.deserialize(LootPool.java:193) ~[server-1.20.1-20230612.114412-srg.jar%23690!/:?]
	at net.minecraft.world.level.storage.loot.LootPool$Serializer.deserialize(LootPool.java:189) ~[server-1.20.1-20230612.114412-srg.jar%23690!/:?]
	at com.google.gson.internal.bind.TreeTypeAdapter.read(TreeTypeAdapter.java:76) ~[gson-2.10.jar%2370!/:?]
	at com.google.gson.internal.bind.TypeAdapterRuntimeTypeWrapper.read(TypeAdapterRuntimeTypeWrapper.java:40) ~[gson-2.10.jar%2370!/:?]
	at com.google.gson.internal.bind.ArrayTypeAdapter.read(ArrayTypeAdapter.java:72) ~[gson-2.10.jar%2370!/:?]
	at com.google.gson.Gson.fromJson(Gson.java:1214) ~[gson-2.10.jar%2370!/:?]
	at com.google.gson.Gson.fromJson(Gson.java:1319) ~[gson-2.10.jar%2370!/:?]
	at com.google.gson.Gson.fromJson(Gson.java:1290) ~[gson-2.10.jar%2370!/:?]
	at com.google.gson.internal.bind.TreeTypeAdapter$GsonContextImpl.deserialize(TreeTypeAdapter.java:179) ~[gson-2.10.jar%2370!/:?]
	at net.minecraft.util.GsonHelper.m_13808_(GsonHelper.java:463) ~[server-1.20.1-20230612.114412-srg.jar%23690!/:?]
	at net.minecraft.util.GsonHelper.m_13845_(GsonHelper.java:481) ~[server-1.20.1-20230612.114412-srg.jar%23690!/:?]
	at net.minecraft.world.level.storage.loot.LootTable$Serializer.deserialize(LootTable.java:294) ~[server-1.20.1-20230612.114412-srg.jar%23690!/:?]
	at net.minecraft.world.level.storage.loot.LootTable$Serializer.deserialize(LootTable.java:291) ~[server-1.20.1-20230612.114412-srg.jar%23690!/:?]
	at com.google.gson.internal.bind.TreeTypeAdapter.read(TreeTypeAdapter.java:76) ~[gson-2.10.jar%2370!/:?]
	at com.google.gson.Gson.fromJson(Gson.java:1214) ~[gson-2.10.jar%2370!/:?]
	at com.google.gson.Gson.fromJson(Gson.java:1319) ~[gson-2.10.jar%2370!/:?]
	at com.google.gson.Gson.fromJson(Gson.java:1261) ~[gson-2.10.jar%2370!/:?]
	at net.minecraftforge.common.ForgeHooks.loadLootTable(ForgeHooks.java:872) ~[forge-1.20.1-47.4.22-universal.jar%23695!/:?]
	at net.minecraftforge.common.ForgeHooks.lambda$getLootTableDeserializer$3(ForgeHooks.java:849) ~[forge-1.20.1-47.4.22-universal.jar%23695!/:?]
	at net.minecraft.world.level.storage.loot.LootDataType.deserialize(LootDataType.java:45) ~[server-1.20.1-20230612.114412-srg.jar%23690!/:?]
	at net.minecraft.world.level.storage.loot.LootDataManager.lambda$scheduleElementParse$4(LootDataManager.java:56) ~[server-1.20.1-20230612.114412-srg.jar%23690!/:?]
	at java.util.HashMap.forEach(HashMap.java:1421) ~[?:?]
	at net.minecraft.world.level.storage.loot.LootDataManager.m_278660_(LootDataManager.java:55) ~[server-1.20.1-20230612.114412-srg.jar%23690!/:?]
	at java.util.concurrent.CompletableFuture$AsyncRun.run(CompletableFuture.java:1804) ~[?:?]
	at java.util.concurrent.CompletableFuture$AsyncRun.exec(CompletableFuture.java:1796) ~[?:?]
	at java.util.concurrent.ForkJoinTask.doExec(ForkJoinTask.java:373) ~[?:?]
	at java.util.concurrent.ForkJoinPool$WorkQueue.topLevelExec(ForkJoinPool.java:1182) ~[?:?]
	at java.util.concurrent.ForkJoinPool.scan(ForkJoinPool.java:1655) ~[?:?]
	at java.util.concurrent.ForkJoinPool.runWorker(ForkJoinPool.java:1622) ~[?:?]
	at java.util.concurrent.ForkJoinWorkerThread.run(ForkJoinWorkerThread.java:165) ~[?:?]
[01Aug2026 04:31:41.882] [Worker-Main-8/ERROR] [net.minecraftforge.common.ForgeHooks/]: Couldn't parse element loot_tables:medieval_nether:chests_ship_two
com.google.gson.JsonSyntaxException: Expected name to be an item, was unknown string 'create_eternal_journey:relics_experience_nugget'
	at net.minecraft.util.GsonHelper.m_13866_(GsonHelper.java:145) ~[server-1.20.1-20230612.114412-srg.jar%23690!/:?]
	at java.util.Optional.orElseThrow(Optional.java:403) ~[?:?]
	at net.minecraft.util.GsonHelper.m_13874_(GsonHelper.java:145) ~[server-1.20.1-20230612.114412-srg.jar%23690!/:?]
	at net.minecraft.util.GsonHelper.m_13909_(GsonHelper.java:153) ~[server-1.20.1-20230612.114412-srg.jar%23690!/:?]
	at net.minecraft.world.level.storage.loot.entries.LootItem$Serializer.m_7267_(LootItem.java:55) ~[server-1.20.1-20230612.114412-srg.jar%23690!/:?]
	at net.minecraft.world.level.storage.loot.entries.LootItem$Serializer.m_7267_(LootItem.java:40) ~[server-1.20.1-20230612.114412-srg.jar%23690!/:?]
	at net.minecraft.world.level.storage.loot.entries.LootPoolSingletonContainer$Serializer.m_5921_(LootPoolSingletonContainer.java:151) ~[server-1.20.1-20230612.114412-srg.jar%23690!/:?]
	at net.minecraft.world.level.storage.loot.entries.LootPoolSingletonContainer$Serializer.m_5921_(LootPoolSingletonContainer.java:129) ~[server-1.20.1-20230612.114412-srg.jar%23690!/:?]
	at net.minecraft.world.level.storage.loot.entries.LootPoolEntryContainer$Serializer.m_7561_(LootPoolEntryContainer.java:86) ~[server-1.20.1-20230612.114412-srg.jar%23690!/:?]
	at net.minecraft.world.level.storage.loot.entries.LootPoolEntryContainer$Serializer.m_7561_(LootPoolEntryContainer.java:74) ~[server-1.20.1-20230612.114412-srg.jar%23690!/:?]
	at net.minecraft.world.level.storage.loot.GsonAdapterFactory$JsonAdapter.deserialize(GsonAdapterFactory.java:102) ~[server-1.20.1-20230612.114412-srg.jar%23690!/:?]
	at com.google.gson.internal.bind.TreeTypeAdapter.read(TreeTypeAdapter.java:76) ~[gson-2.10.jar%2370!/:?]
	at com.google.gson.internal.bind.TypeAdapterRuntimeTypeWrapper.read(TypeAdapterRuntimeTypeWrapper.java:40) ~[gson-2.10.jar%2370!/:?]
	at com.google.gson.internal.bind.ArrayTypeAdapter.read(ArrayTypeAdapter.java:72) ~[gson-2.10.jar%2370!/:?]
	at com.google.gson.Gson.fromJson(Gson.java:1214) ~[gson-2.10.jar%2370!/:?]
	at com.google.gson.Gson.fromJson(Gson.java:1319) ~[gson-2.10.jar%2370!/:?]
	at com.google.gson.Gson.fromJson(Gson.java:1290) ~[gson-2.10.jar%2370!/:?]
	at com.google.gson.internal.bind.TreeTypeAdapter$GsonContextImpl.deserialize(TreeTypeAdapter.java:179) ~[gson-2.10.jar%2370!/:?]
	at net.minecraft.util.GsonHelper.m_13808_(GsonHelper.java:463) ~[server-1.20.1-20230612.114412-srg.jar%23690!/:?]
	at net.minecraft.util.GsonHelper.m_13836_(GsonHelper.java:471) ~[server-1.20.1-20230612.114412-srg.jar%23690!/:?]
	at net.minecraft.world.level.storage.loot.LootPool$Serializer.deserialize(LootPool.java:192) ~[server-1.20.1-20230612.114412-srg.jar%23690!/:?]
	at net.minecraft.world.level.storage.loot.LootPool$Serializer.deserialize(LootPool.java:189) ~[server-1.20.1-20230612.114412-srg.jar%23690!/:?]
	at com.google.gson.internal.bind.TreeTypeAdapter.read(TreeTypeAdapter.java:76) ~[gson-2.10.jar%2370!/:?]
	at com.google.gson.internal.bind.TypeAdapterRuntimeTypeWrapper.read(TypeAdapterRuntimeTypeWrapper.java:40) ~[gson-2.10.jar%2370!/:?]
	at com.google.gson.internal.bind.ArrayTypeAdapter.read(ArrayTypeAdapter.java:72) ~[gson-2.10.jar%2370!/:?]
	at com.google.gson.Gson.fromJson(Gson.java:1214) ~[gson-2.10.jar%2370!/:?]
	at com.google.gson.Gson.fromJson(Gson.java:1319) ~[gson-2.10.jar%2370!/:?]
	at com.google.gson.Gson.fromJson(Gson.java:1290) ~[gson-2.10.jar%2370!/:?]
	at com.google.gson.internal.bind.TreeTypeAdapter$GsonContextImpl.deserialize(TreeTypeAdapter.java:179) ~[gson-2.10.jar%2370!/:?]
	at net.minecraft.util.GsonHelper.m_13808_(GsonHelper.java:463) ~[server-1.20.1-20230612.114412-srg.jar%23690!/:?]
	at net.minecraft.util.GsonHelper.m_13845_(GsonHelper.java:481) ~[server-1.20.1-20230612.114412-srg.jar%23690!/:?]
	at net.minecraft.world.level.storage.loot.LootTable$Serializer.deserialize(LootTable.java:294) ~[server-1.20.1-20230612.114412-srg.jar%23690!/:?]
	at net.minecraft.world.level.storage.loot.LootTable$Serializer.deserialize(LootTable.java:291) ~[server-1.20.1-20230612.114412-srg.jar%23690!/:?]
	at com.google.gson.internal.bind.TreeTypeAdapter.read(TreeTypeAdapter.java:76) ~[gson-2.10.jar%2370!/:?]
	at com.google.gson.Gson.fromJson(Gson.java:1214) ~[gson-2.10.jar%2370!/:?]
	at com.google.gson.Gson.fromJson(Gson.java:1319) ~[gson-2.10.jar%2370!/:?]
	at com.google.gson.Gson.fromJson(Gson.java:1261) ~[gson-2.10.jar%2370!/:?]
	at net.minecraftforge.common.ForgeHooks.loadLootTable(ForgeHooks.java:872) ~[forge-1.20.1-47.4.22-universal.jar%23695!/:?]
	at net.minecraftforge.common.ForgeHooks.lambda$getLootTableDeserializer$3(ForgeHooks.java:849) ~[forge-1.20.1-47.4.22-universal.jar%23695!/:?]
	at net.minecraft.world.level.storage.loot.LootDataType.deserialize(LootDataType.java:45) ~[server-1.20.1-20230612.114412-srg.jar%23690!/:?]
	at net.minecraft.world.level.storage.loot.LootDataManager.lambda$scheduleElementParse$4(LootDataManager.java:56) ~[server-1.20.1-20230612.114412-srg.jar%23690!/:?]
	at java.util.HashMap.forEach(HashMap.java:1421) ~[?:?]
	at net.minecraft.world.level.storage.loot.LootDataManager.m_278660_(LootDataManager.java:55) ~[server-1.20.1-20230612.114412-srg.jar%23690!/:?]
	at java.util.concurrent.CompletableFuture$AsyncRun.run(CompletableFuture.java:1804) ~[?:?]
	at java.util.concurrent.CompletableFuture$AsyncRun.exec(CompletableFuture.java:1796) ~[?:?]
	at java.util.concurrent.ForkJoinTask.doExec(ForkJoinTask.java:373) ~[?:?]
	at java.util.concurrent.ForkJoinPool$WorkQueue.topLevelExec(ForkJoinPool.java:1182) ~[?:?]
	at java.util.concurrent.ForkJoinPool.scan(ForkJoinPool.java:1655) ~[?:?]
	at java.util.concurrent.ForkJoinPool.runWorker(ForkJoinPool.java:1622) ~[?:?]
	at java.util.concurrent.ForkJoinWorkerThread.run(ForkJoinWorkerThread.java:165) ~[?:?]
[01Aug2026 04:31:41.903] [Worker-Main-8/ERROR] [net.minecraftforge.common.ForgeHooks/]: Couldn't parse element loot_tables:netherexp:brazier_chest/hidden
com.google.gson.JsonSyntaxException: Unknown enchantment 'minecraft:mending'
	at net.minecraft.world.level.storage.loot.functions.EnchantRandomlyFunction$Serializer.m_80465_(EnchantRandomlyFunction.java:137) ~[server-1.20.1-20230612.114412-srg.jar%23690!/:?]
	at java.util.Optional.orElseThrow(Optional.java:403) ~[?:?]
	at net.minecraft.world.level.storage.loot.functions.EnchantRandomlyFunction$Serializer.m_6821_(EnchantRandomlyFunction.java:137) ~[server-1.20.1-20230612.114412-srg.jar%23690!/:?]
	at net.minecraft.world.level.storage.loot.functions.EnchantRandomlyFunction$Serializer.m_6821_(EnchantRandomlyFunction.java:111) ~[server-1.20.1-20230612.114412-srg.jar%23690!/:?]
	at net.minecraft.world.level.storage.loot.functions.LootItemConditionalFunction$Serializer.m_7561_(LootItemConditionalFunction.java:99) ~[server-1.20.1-20230612.114412-srg.jar%23690!/:?]
	at net.minecraft.world.level.storage.loot.functions.LootItemConditionalFunction$Serializer.m_7561_(LootItemConditionalFunction.java:88) ~[server-1.20.1-20230612.114412-srg.jar%23690!/:?]
	at net.minecraft.world.level.storage.loot.GsonAdapterFactory$JsonAdapter.deserialize(GsonAdapterFactory.java:102) ~[server-1.20.1-20230612.114412-srg.jar%23690!/:?]
	at com.google.gson.internal.bind.TreeTypeAdapter.read(TreeTypeAdapter.java:76) ~[gson-2.10.jar%2370!/:?]
	at com.google.gson.internal.bind.TypeAdapterRuntimeTypeWrapper.read(TypeAdapterRuntimeTypeWrapper.java:40) ~[gson-2.10.jar%2370!/:?]
	at com.google.gson.internal.bind.ArrayTypeAdapter.read(ArrayTypeAdapter.java:72) ~[gson-2.10.jar%2370!/:?]
	at com.google.gson.Gson.fromJson(Gson.java:1214) ~[gson-2.10.jar%2370!/:?]
	at com.google.gson.Gson.fromJson(Gson.java:1319) ~[gson-2.10.jar%2370!/:?]
	at com.google.gson.Gson.fromJson(Gson.java:1290) ~[gson-2.10.jar%2370!/:?]
	at com.google.gson.internal.bind.TreeTypeAdapter$GsonContextImpl.deserialize(TreeTypeAdapter.java:179) ~[gson-2.10.jar%2370!/:?]
	at net.minecraft.util.GsonHelper.m_13808_(GsonHelper.java:463) ~[server-1.20.1-20230612.114412-srg.jar%23690!/:?]
	at net.minecraft.util.GsonHelper.m_13845_(GsonHelper.java:481) ~[server-1.20.1-20230612.114412-srg.jar%23690!/:?]
	at net.minecraft.world.level.storage.loot.entries.LootPoolSingletonContainer$Serializer.m_5921_(LootPoolSingletonContainer.java:149) ~[server-1.20.1-20230612.114412-srg.jar%23690!/:?]
	at net.minecraft.world.level.storage.loot.entries.LootPoolSingletonContainer$Serializer.m_5921_(LootPoolSingletonContainer.java:129) ~[server-1.20.1-20230612.114412-srg.jar%23690!/:?]
	at net.minecraft.world.level.storage.loot.entries.LootPoolEntryContainer$Serializer.m_7561_(LootPoolEntryContainer.java:86) ~[server-1.20.1-20230612.114412-srg.jar%23690!/:?]
	at net.minecraft.world.level.storage.loot.entries.LootPoolEntryContainer$Serializer.m_7561_(LootPoolEntryContainer.java:74) ~[server-1.20.1-20230612.114412-srg.jar%23690!/:?]
	at net.minecraft.world.level.storage.loot.GsonAdapterFactory$JsonAdapter.deserialize(GsonAdapterFactory.java:102) ~[server-1.20.1-20230612.114412-srg.jar%23690!/:?]
	at com.google.gson.internal.bind.TreeTypeAdapter.read(TreeTypeAdapter.java:76) ~[gson-2.10.jar%2370!/:?]
	at com.google.gson.internal.bind.TypeAdapterRuntimeTypeWrapper.read(TypeAdapterRuntimeTypeWrapper.java:40) ~[gson-2.10.jar%2370!/:?]
	at com.google.gson.internal.bind.ArrayTypeAdapter.read(ArrayTypeAdapter.java:72) ~[gson-2.10.jar%2370!/:?]
	at com.google.gson.Gson.fromJson(Gson.java:1214) ~[gson-2.10.jar%2370!/:?]
	at com.google.gson.Gson.fromJson(Gson.java:1319) ~[gson-2.10.jar%2370!/:?]
	at com.google.gson.Gson.fromJson(Gson.java:1290) ~[gson-2.10.jar%2370!/:?]
	at com.google.gson.internal.bind.TreeTypeAdapter$GsonContextImpl.deserialize(TreeTypeAdapter.java:179) ~[gson-2.10.jar%2370!/:?]
	at net.minecraft.util.GsonHelper.m_13808_(GsonHelper.java:463) ~[server-1.20.1-20230612.114412-srg.jar%23690!/:?]
	at net.minecraft.util.GsonHelper.m_13836_(GsonHelper.java:471) ~[server-1.20.1-20230612.114412-srg.jar%23690!/:?]
	at net.minecraft.world.level.storage.loot.LootPool$Serializer.deserialize(LootPool.java:192) ~[server-1.20.1-20230612.114412-srg.jar%23690!/:?]
	at net.minecraft.world.level.storage.loot.LootPool$Serializer.deserialize(LootPool.java:189) ~[server-1.20.1-20230612.114412-srg.jar%23690!/:?]
	at com.google.gson.internal.bind.TreeTypeAdapter.read(TreeTypeAdapter.java:76) ~[gson-2.10.jar%2370!/:?]
	at com.google.gson.internal.bind.TypeAdapterRuntimeTypeWrapper.read(TypeAdapterRuntimeTypeWrapper.java:40) ~[gson-2.10.jar%2370!/:?]
	at com.google.gson.internal.bind.ArrayTypeAdapter.read(ArrayTypeAdapter.java:72) ~[gson-2.10.jar%2370!/:?]
	at com.google.gson.Gson.fromJson(Gson.java:1214) ~[gson-2.10.jar%2370!/:?]
	at com.google.gson.Gson.fromJson(Gson.java:1319) ~[gson-2.10.jar%2370!/:?]
	at com.google.gson.Gson.fromJson(Gson.java:1290) ~[gson-2.10.jar%2370!/:?]
	at com.google.gson.internal.bind.TreeTypeAdapter$GsonContextImpl.deserialize(TreeTypeAdapter.java:179) ~[gson-2.10.jar%2370!/:?]
	at net.minecraft.util.GsonHelper.m_13808_(GsonHelper.java:463) ~[server-1.20.1-20230612.114412-srg.jar%23690!/:?]
	at net.minecraft.util.GsonHelper.m_13845_(GsonHelper.java:481) ~[server-1.20.1-20230612.114412-srg.jar%23690!/:?]
	at net.minecraft.world.level.storage.loot.LootTable$Serializer.deserialize(LootTable.java:294) ~[server-1.20.1-20230612.114412-srg.jar%23690!/:?]
	at net.minecraft.world.level.storage.loot.LootTable$Serializer.deserialize(LootTable.java:291) ~[server-1.20.1-20230612.114412-srg.jar%23690!/:?]
	at com.google.gson.internal.bind.TreeTypeAdapter.read(TreeTypeAdapter.java:76) ~[gson-2.10.jar%2370!/:?]
	at com.google.gson.Gson.fromJson(Gson.java:1214) ~[gson-2.10.jar%2370!/:?]
	at com.google.gson.Gson.fromJson(Gson.java:1319) ~[gson-2.10.jar%2370!/:?]
	at com.google.gson.Gson.fromJson(Gson.java:1261) ~[gson-2.10.jar%2370!/:?]
	at net.minecraftforge.common.ForgeHooks.loadLootTable(ForgeHooks.java:872) ~[forge-1.20.1-47.4.22-universal.jar%23695!/:?]
	at net.minecraftforge.common.ForgeHooks.lambda$getLootTableDeserializer$3(ForgeHooks.java:849) ~[forge-1.20.1-47.4.22-universal.jar%23695!/:?]
	at net.minecraft.world.level.storage.loot.LootDataType.deserialize(LootDataType.java:45) ~[server-1.20.1-20230612.114412-srg.jar%23690!/:?]
	at net.minecraft.world.level.storage.loot.LootDataManager.lambda$scheduleElementParse$4(LootDataManager.java:56) ~[server-1.20.1-20230612.114412-srg.jar%23690!/:?]
	at java.util.HashMap.forEach(HashMap.java:1421) ~[?:?]
	at net.minecraft.world.level.storage.loot.LootDataManager.m_278660_(LootDataManager.java:55) ~[server-1.20.1-20230612.114412-srg.jar%23690!/:?]
	at java.util.concurrent.CompletableFuture$AsyncRun.run(CompletableFuture.java:1804) ~[?:?]
	at java.util.concurrent.CompletableFuture$AsyncRun.exec(CompletableFuture.java:1796) ~[?:?]
	at java.util.concurrent.ForkJoinTask.doExec(ForkJoinTask.java:373) ~[?:?]
	at java.util.concurrent.ForkJoinPool$WorkQueue.topLevelExec(ForkJoinPool.java:1182) ~[?:?]
	at java.util.concurrent.ForkJoinPool.scan(ForkJoinPool.java:1655) ~[?:?]
	at java.util.concurrent.ForkJoinPool.runWorker(ForkJoinPool.java:1622) ~[?:?]
	at java.util.concurrent.ForkJoinWorkerThread.run(ForkJoinWorkerThread.java:165) ~[?:?]
[01Aug2026 04:31:41.942] [Worker-Main-8/ERROR] [net.minecraft.world.level.storage.loot.functions.ExplorationMapFunction/]: Error while parsing loot table decoration entry. Found minecraft:banner_red. Defaulting to MANSION
[01Aug2026 04:31:41.947] [Worker-Main-8/ERROR] [net.minecraftforge.common.ForgeHooks/]: Couldn't parse element loot_tables:idas:chests/enchantingtower/enchantingtower_basic_ars
com.google.gson.JsonSyntaxException: Expected name to be an item, was unknown string 'ars_nouveau:magebloom_fiber'
	at net.minecraft.util.GsonHelper.m_13866_(GsonHelper.java:145) ~[server-1.20.1-20230612.114412-srg.jar%23690!/:?]
	at java.util.Optional.orElseThrow(Optional.java:403) ~[?:?]
	at net.minecraft.util.GsonHelper.m_13874_(GsonHelper.java:145) ~[server-1.20.1-20230612.114412-srg.jar%23690!/:?]
	at net.minecraft.util.GsonHelper.m_13909_(GsonHelper.java:153) ~[server-1.20.1-20230612.114412-srg.jar%23690!/:?]
	at net.minecraft.world.level.storage.loot.entries.LootItem$Serializer.m_7267_(LootItem.java:55) ~[server-1.20.1-20230612.114412-srg.jar%23690!/:?]
	at net.minecraft.world.level.storage.loot.entries.LootItem$Serializer.m_7267_(LootItem.java:40) ~[server-1.20.1-20230612.114412-srg.jar%23690!/:?]
	at net.minecraft.world.level.storage.loot.entries.LootPoolSingletonContainer$Serializer.m_5921_(LootPoolSingletonContainer.java:151) ~[server-1.20.1-20230612.114412-srg.jar%23690!/:?]
	at net.minecraft.world.level.storage.loot.entries.LootPoolSingletonContainer$Serializer.m_5921_(LootPoolSingletonContainer.java:129) ~[server-1.20.1-20230612.114412-srg.jar%23690!/:?]
	at net.minecraft.world.level.storage.loot.entries.LootPoolEntryContainer$Serializer.m_7561_(LootPoolEntryContainer.java:86) ~[server-1.20.1-20230612.114412-srg.jar%23690!/:?]
	at net.minecraft.world.level.storage.loot.entries.LootPoolEntryContainer$Serializer.m_7561_(LootPoolEntryContainer.java:74) ~[server-1.20.1-20230612.114412-srg.jar%23690!/:?]
	at net.minecraft.world.level.storage.loot.GsonAdapterFactory$JsonAdapter.deserialize(GsonAdapterFactory.java:102) ~[server-1.20.1-20230612.114412-srg.jar%23690!/:?]
	at com.google.gson.internal.bind.TreeTypeAdapter.read(TreeTypeAdapter.java:76) ~[gson-2.10.jar%2370!/:?]
	at com.google.gson.internal.bind.TypeAdapterRuntimeTypeWrapper.read(TypeAdapterRuntimeTypeWrapper.java:40) ~[gson-2.10.jar%2370!/:?]
	at com.google.gson.internal.bind.ArrayTypeAdapter.read(ArrayTypeAdapter.java:72) ~[gson-2.10.jar%2370!/:?]
	at com.google.gson.Gson.fromJson(Gson.java:1214) ~[gson-2.10.jar%2370!/:?]
	at com.google.gson.Gson.fromJson(Gson.java:1319) ~[gson-2.10.jar%2370!/:?]
	at com.google.gson.Gson.fromJson(Gson.java:1290) ~[gson-2.10.jar%2370!/:?]
	at com.google.gson.internal.bind.TreeTypeAdapter$GsonContextImpl.deserialize(TreeTypeAdapter.java:179) ~[gson-2.10.jar%2370!/:?]
	at net.minecraft.util.GsonHelper.m_13808_(GsonHelper.java:463) ~[server-1.20.1-20230612.114412-srg.jar%23690!/:?]
	at net.minecraft.util.GsonHelper.m_13836_(GsonHelper.java:471) ~[server-1.20.1-20230612.114412-srg.jar%23690!/:?]
	at net.minecraft.world.level.storage.loot.LootPool$Serializer.deserialize(LootPool.java:192) ~[server-1.20.1-20230612.114412-srg.jar%23690!/:?]
	at net.minecraft.world.level.storage.loot.LootPool$Serializer.deserialize(LootPool.java:189) ~[server-1.20.1-20230612.114412-srg.jar%23690!/:?]
	at com.google.gson.internal.bind.TreeTypeAdapter.read(TreeTypeAdapter.java:76) ~[gson-2.10.jar%2370!/:?]
	at com.google.gson.internal.bind.TypeAdapterRuntimeTypeWrapper.read(TypeAdapterRuntimeTypeWrapper.java:40) ~[gson-2.10.jar%2370!/:?]
	at com.google.gson.internal.bind.ArrayTypeAdapter.read(ArrayTypeAdapter.java:72) ~[gson-2.10.jar%2370!/:?]
	at com.google.gson.Gson.fromJson(Gson.java:1214) ~[gson-2.10.jar%2370!/:?]
	at com.google.gson.Gson.fromJson(Gson.java:1319) ~[gson-2.10.jar%2370!/:?]
	at com.google.gson.Gson.fromJson(Gson.java:1290) ~[gson-2.10.jar%2370!/:?]
	at com.google.gson.internal.bind.TreeTypeAdapter$GsonContextImpl.deserialize(TreeTypeAdapter.java:179) ~[gson-2.10.jar%2370!/:?]
	at net.minecraft.util.GsonHelper.m_13808_(GsonHelper.java:463) ~[server-1.20.1-20230612.114412-srg.jar%23690!/:?]
	at net.minecraft.util.GsonHelper.m_13845_(GsonHelper.java:481) ~[server-1.20.1-20230612.114412-srg.jar%23690!/:?]
	at net.minecraft.world.level.storage.loot.LootTable$Serializer.deserialize(LootTable.java:294) ~[server-1.20.1-20230612.114412-srg.jar%23690!/:?]
	at net.minecraft.world.level.storage.loot.LootTable$Serializer.deserialize(LootTable.java:291) ~[server-1.20.1-20230612.114412-srg.jar%23690!/:?]
	at com.google.gson.internal.bind.TreeTypeAdapter.read(TreeTypeAdapter.java:76) ~[gson-2.10.jar%2370!/:?]
	at com.google.gson.Gson.fromJson(Gson.java:1214) ~[gson-2.10.jar%2370!/:?]
	at com.google.gson.Gson.fromJson(Gson.java:1319) ~[gson-2.10.jar%2370!/:?]
	at com.google.gson.Gson.fromJson(Gson.java:1261) ~[gson-2.10.jar%2370!/:?]
	at net.minecraftforge.common.ForgeHooks.loadLootTable(ForgeHooks.java:872) ~[forge-1.20.1-47.4.22-universal.jar%23695!/:?]
	at net.minecraftforge.common.ForgeHooks.lambda$getLootTableDeserializer$3(ForgeHooks.java:849) ~[forge-1.20.1-47.4.22-universal.jar%23695!/:?]
	at net.minecraft.world.level.storage.loot.LootDataType.deserialize(LootDataType.java:45) ~[server-1.20.1-20230612.114412-srg.jar%23690!/:?]
	at net.minecraft.world.level.storage.loot.LootDataManager.lambda$scheduleElementParse$4(LootDataManager.java:56) ~[server-1.20.1-20230612.114412-srg.jar%23690!/:?]
	at java.util.HashMap.forEach(HashMap.java:1421) ~[?:?]
	at net.minecraft.world.level.storage.loot.LootDataManager.m_278660_(LootDataManager.java:55) ~[server-1.20.1-20230612.114412-srg.jar%23690!/:?]
	at java.util.concurrent.CompletableFuture$AsyncRun.run(CompletableFuture.java:1804) ~[?:?]
	at java.util.concurrent.CompletableFuture$AsyncRun.exec(CompletableFuture.java:1796) ~[?:?]
	at java.util.concurrent.ForkJoinTask.doExec(ForkJoinTask.java:373) ~[?:?]
	at java.util.concurrent.ForkJoinPool$WorkQueue.topLevelExec(ForkJoinPool.java:1182) ~[?:?]
	at java.util.concurrent.ForkJoinPool.scan(ForkJoinPool.java:1655) ~[?:?]
	at java.util.concurrent.ForkJoinPool.runWorker(ForkJoinPool.java:1622) ~[?:?]
	at java.util.concurrent.ForkJoinWorkerThread.run(ForkJoinWorkerThread.java:165) ~[?:?]
[01Aug2026 04:31:41.963] [Worker-Main-8/ERROR] [net.minecraftforge.common.ForgeHooks/]: Couldn't parse element loot_tables:betterarcheology:archeology/sword_loot
com.google.gson.JsonSyntaxException: Unknown enchantment 'minecraft:mending'
	at net.minecraft.world.level.storage.loot.functions.SetEnchantmentsFunction$Serializer.m_165401_(SetEnchantmentsFunction.java:133) ~[server-1.20.1-20230612.114412-srg.jar%23690!/:?]
	at java.util.Optional.orElseThrow(Optional.java:403) ~[?:?]
	at net.minecraft.world.level.storage.loot.functions.SetEnchantmentsFunction$Serializer.m_6821_(SetEnchantmentsFunction.java:133) ~[server-1.20.1-20230612.114412-srg.jar%23690!/:?]
	at net.minecraft.world.level.storage.loot.functions.SetEnchantmentsFunction$Serializer.m_6821_(SetEnchantmentsFunction.java:107) ~[server-1.20.1-20230612.114412-srg.jar%23690!/:?]
	at net.minecraft.world.level.storage.loot.functions.LootItemConditionalFunction$Serializer.m_7561_(LootItemConditionalFunction.java:99) ~[server-1.20.1-20230612.114412-srg.jar%23690!/:?]
	at net.minecraft.world.level.storage.loot.functions.LootItemConditionalFunction$Serializer.m_7561_(LootItemConditionalFunction.java:88) ~[server-1.20.1-20230612.114412-srg.jar%23690!/:?]
	at net.minecraft.world.level.storage.loot.GsonAdapterFactory$JsonAdapter.deserialize(GsonAdapterFactory.java:102) ~[server-1.20.1-20230612.114412-srg.jar%23690!/:?]
	at com.google.gson.internal.bind.TreeTypeAdapter.read(TreeTypeAdapter.java:76) ~[gson-2.10.jar%2370!/:?]
	at com.google.gson.internal.bind.TypeAdapterRuntimeTypeWrapper.read(TypeAdapterRuntimeTypeWrapper.java:40) ~[gson-2.10.jar%2370!/:?]
	at com.google.gson.internal.bind.ArrayTypeAdapter.read(ArrayTypeAdapter.java:72) ~[gson-2.10.jar%2370!/:?]
	at com.google.gson.Gson.fromJson(Gson.java:1214) ~[gson-2.10.jar%2370!/:?]
	at com.google.gson.Gson.fromJson(Gson.java:1319) ~[gson-2.10.jar%2370!/:?]
	at com.google.gson.Gson.fromJson(Gson.java:1290) ~[gson-2.10.jar%2370!/:?]
	at com.google.gson.internal.bind.TreeTypeAdapter$GsonContextImpl.deserialize(TreeTypeAdapter.java:179) ~[gson-2.10.jar%2370!/:?]
	at net.minecraft.util.GsonHelper.m_13808_(GsonHelper.java:463) ~[server-1.20.1-20230612.114412-srg.jar%23690!/:?]
	at net.minecraft.util.GsonHelper.m_13845_(GsonHelper.java:481) ~[server-1.20.1-20230612.114412-srg.jar%23690!/:?]
	at net.minecraft.world.level.storage.loot.entries.LootPoolSingletonContainer$Serializer.m_5921_(LootPoolSingletonContainer.java:149) ~[server-1.20.1-20230612.114412-srg.jar%23690!/:?]
	at net.minecraft.world.level.storage.loot.entries.LootPoolSingletonContainer$Serializer.m_5921_(LootPoolSingletonContainer.java:129) ~[server-1.20.1-20230612.114412-srg.jar%23690!/:?]
	at net.minecraft.world.level.storage.loot.entries.LootPoolEntryContainer$Serializer.m_7561_(LootPoolEntryContainer.java:86) ~[server-1.20.1-20230612.114412-srg.jar%23690!/:?]
	at net.minecraft.world.level.storage.loot.entries.LootPoolEntryContainer$Serializer.m_7561_(LootPoolEntryContainer.java:74) ~[server-1.20.1-20230612.114412-srg.jar%23690!/:?]
	at net.minecraft.world.level.storage.loot.GsonAdapterFactory$JsonAdapter.deserialize(GsonAdapterFactory.java:102) ~[server-1.20.1-20230612.114412-srg.jar%23690!/:?]
	at com.google.gson.internal.bind.TreeTypeAdapter.read(TreeTypeAdapter.java:76) ~[gson-2.10.jar%2370!/:?]
	at com.google.gson.internal.bind.TypeAdapterRuntimeTypeWrapper.read(TypeAdapterRuntimeTypeWrapper.java:40) ~[gson-2.10.jar%2370!/:?]
	at com.google.gson.internal.bind.ArrayTypeAdapter.read(ArrayTypeAdapter.java:72) ~[gson-2.10.jar%2370!/:?]
	at com.google.gson.Gson.fromJson(Gson.java:1214) ~[gson-2.10.jar%2370!/:?]
	at com.google.gson.Gson.fromJson(Gson.java:1319) ~[gson-2.10.jar%2370!/:?]
	at com.google.gson.Gson.fromJson(Gson.java:1290) ~[gson-2.10.jar%2370!/:?]
	at com.google.gson.internal.bind.TreeTypeAdapter$GsonContextImpl.deserialize(TreeTypeAdapter.java:179) ~[gson-2.10.jar%2370!/:?]
	at net.minecraft.util.GsonHelper.m_13808_(GsonHelper.java:463) ~[server-1.20.1-20230612.114412-srg.jar%23690!/:?]
	at net.minecraft.util.GsonHelper.m_13836_(GsonHelper.java:471) ~[server-1.20.1-20230612.114412-srg.jar%23690!/:?]
	at net.minecraft.world.level.storage.loot.LootPool$Serializer.deserialize(LootPool.java:192) ~[server-1.20.1-20230612.114412-srg.jar%23690!/:?]
	at net.minecraft.world.level.storage.loot.LootPool$Serializer.deserialize(LootPool.java:189) ~[server-1.20.1-20230612.114412-srg.jar%23690!/:?]
	at com.google.gson.internal.bind.TreeTypeAdapter.read(TreeTypeAdapter.java:76) ~[gson-2.10.jar%2370!/:?]
	at com.google.gson.internal.bind.TypeAdapterRuntimeTypeWrapper.read(TypeAdapterRuntimeTypeWrapper.java:40) ~[gson-2.10.jar%2370!/:?]
	at com.google.gson.internal.bind.ArrayTypeAdapter.read(ArrayTypeAdapter.java:72) ~[gson-2.10.jar%2370!/:?]
	at com.google.gson.Gson.fromJson(Gson.java:1214) ~[gson-2.10.jar%2370!/:?]
	at com.google.gson.Gson.fromJson(Gson.java:1319) ~[gson-2.10.jar%2370!/:?]
	at com.google.gson.Gson.fromJson(Gson.java:1290) ~[gson-2.10.jar%2370!/:?]
	at com.google.gson.internal.bind.TreeTypeAdapter$GsonContextImpl.deserialize(TreeTypeAdapter.java:179) ~[gson-2.10.jar%2370!/:?]
	at net.minecraft.util.GsonHelper.m_13808_(GsonHelper.java:463) ~[server-1.20.1-20230612.114412-srg.jar%23690!/:?]
	at net.minecraft.util.GsonHelper.m_13845_(GsonHelper.java:481) ~[server-1.20.1-20230612.114412-srg.jar%23690!/:?]
	at net.minecraft.world.level.storage.loot.LootTable$Serializer.deserialize(LootTable.java:294) ~[server-1.20.1-20230612.114412-srg.jar%23690!/:?]
	at net.minecraft.world.level.storage.loot.LootTable$Serializer.deserialize(LootTable.java:291) ~[server-1.20.1-20230612.114412-srg.jar%23690!/:?]
	at com.google.gson.internal.bind.TreeTypeAdapter.read(TreeTypeAdapter.java:76) ~[gson-2.10.jar%2370!/:?]
	at com.google.gson.Gson.fromJson(Gson.java:1214) ~[gson-2.10.jar%2370!/:?]
	at com.google.gson.Gson.fromJson(Gson.java:1319) ~[gson-2.10.jar%2370!/:?]
	at com.google.gson.Gson.fromJson(Gson.java:1261) ~[gson-2.10.jar%2370!/:?]
	at net.minecraftforge.common.ForgeHooks.loadLootTable(ForgeHooks.java:872) ~[forge-1.20.1-47.4.22-universal.jar%23695!/:?]
	at net.minecraftforge.common.ForgeHooks.lambda$getLootTableDeserializer$3(ForgeHooks.java:849) ~[forge-1.20.1-47.4.22-universal.jar%23695!/:?]
	at net.minecraft.world.level.storage.loot.LootDataType.deserialize(LootDataType.java:45) ~[server-1.20.1-20230612.114412-srg.jar%23690!/:?]
	at net.minecraft.world.level.storage.loot.LootDataManager.lambda$scheduleElementParse$4(LootDataManager.java:56) ~[server-1.20.1-20230612.114412-srg.jar%23690!/:?]
	at java.util.HashMap.forEach(HashMap.java:1421) ~[?:?]
	at net.minecraft.world.level.storage.loot.LootDataManager.m_278660_(LootDataManager.java:55) ~[server-1.20.1-20230612.114412-srg.jar%23690!/:?]
	at java.util.concurrent.CompletableFuture$AsyncRun.run(CompletableFuture.java:1804) ~[?:?]
	at java.util.concurrent.CompletableFuture$AsyncRun.exec(CompletableFuture.java:1796) ~[?:?]
	at java.util.concurrent.ForkJoinTask.doExec(ForkJoinTask.java:373) ~[?:?]
	at java.util.concurrent.ForkJoinPool$WorkQueue.topLevelExec(ForkJoinPool.java:1182) ~[?:?]
	at java.util.concurrent.ForkJoinPool.scan(ForkJoinPool.java:1655) ~[?:?]
	at java.util.concurrent.ForkJoinPool.runWorker(ForkJoinPool.java:1622) ~[?:?]
	at java.util.concurrent.ForkJoinWorkerThread.run(ForkJoinWorkerThread.java:165) ~[?:?]
[01Aug2026 04:31:41.977] [Worker-Main-8/ERROR] [net.minecraftforge.common.ForgeHooks/]: Couldn't parse element loot_tables:netherexp:brazier_chest/exposed
com.google.gson.JsonSyntaxException: Unknown enchantment 'minecraft:mending'
	at net.minecraft.world.level.storage.loot.functions.EnchantRandomlyFunction$Serializer.m_80465_(EnchantRandomlyFunction.java:137) ~[server-1.20.1-20230612.114412-srg.jar%23690!/:?]
	at java.util.Optional.orElseThrow(Optional.java:403) ~[?:?]
	at net.minecraft.world.level.storage.loot.functions.EnchantRandomlyFunction$Serializer.m_6821_(EnchantRandomlyFunction.java:137) ~[server-1.20.1-20230612.114412-srg.jar%23690!/:?]
	at net.minecraft.world.level.storage.loot.functions.EnchantRandomlyFunction$Serializer.m_6821_(EnchantRandomlyFunction.java:111) ~[server-1.20.1-20230612.114412-srg.jar%23690!/:?]
	at net.minecraft.world.level.storage.loot.functions.LootItemConditionalFunction$Serializer.m_7561_(LootItemConditionalFunction.java:99) ~[server-1.20.1-20230612.114412-srg.jar%23690!/:?]
	at net.minecraft.world.level.storage.loot.functions.LootItemConditionalFunction$Serializer.m_7561_(LootItemConditionalFunction.java:88) ~[server-1.20.1-20230612.114412-srg.jar%23690!/:?]
	at net.minecraft.world.level.storage.loot.GsonAdapterFactory$JsonAdapter.deserialize(GsonAdapterFactory.java:102) ~[server-1.20.1-20230612.114412-srg.jar%23690!/:?]
	at com.google.gson.internal.bind.TreeTypeAdapter.read(TreeTypeAdapter.java:76) ~[gson-2.10.jar%2370!/:?]
	at com.google.gson.internal.bind.TypeAdapterRuntimeTypeWrapper.read(TypeAdapterRuntimeTypeWrapper.java:40) ~[gson-2.10.jar%2370!/:?]
	at com.google.gson.internal.bind.ArrayTypeAdapter.read(ArrayTypeAdapter.java:72) ~[gson-2.10.jar%2370!/:?]
	at com.google.gson.Gson.fromJson(Gson.java:1214) ~[gson-2.10.jar%2370!/:?]
	at com.google.gson.Gson.fromJson(Gson.java:1319) ~[gson-2.10.jar%2370!/:?]
	at com.google.gson.Gson.fromJson(Gson.java:1290) ~[gson-2.10.jar%2370!/:?]
	at com.google.gson.internal.bind.TreeTypeAdapter$GsonContextImpl.deserialize(TreeTypeAdapter.java:179) ~[gson-2.10.jar%2370!/:?]
	at net.minecraft.util.GsonHelper.m_13808_(GsonHelper.java:463) ~[server-1.20.1-20230612.114412-srg.jar%23690!/:?]
	at net.minecraft.util.GsonHelper.m_13845_(GsonHelper.java:481) ~[server-1.20.1-20230612.114412-srg.jar%23690!/:?]
	at net.minecraft.world.level.storage.loot.entries.LootPoolSingletonContainer$Serializer.m_5921_(LootPoolSingletonContainer.java:149) ~[server-1.20.1-20230612.114412-srg.jar%23690!/:?]
	at net.minecraft.world.level.storage.loot.entries.LootPoolSingletonContainer$Serializer.m_5921_(LootPoolSingletonContainer.java:129) ~[server-1.20.1-20230612.114412-srg.jar%23690!/:?]
	at net.minecraft.world.level.storage.loot.entries.LootPoolEntryContainer$Serializer.m_7561_(LootPoolEntryContainer.java:86) ~[server-1.20.1-20230612.114412-srg.jar%23690!/:?]
	at net.minecraft.world.level.storage.loot.entries.LootPoolEntryContainer$Serializer.m_7561_(LootPoolEntryContainer.java:74) ~[server-1.20.1-20230612.114412-srg.jar%23690!/:?]
	at net.minecraft.world.level.storage.loot.GsonAdapterFactory$JsonAdapter.deserialize(GsonAdapterFactory.java:102) ~[server-1.20.1-20230612.114412-srg.jar%23690!/:?]
	at com.google.gson.internal.bind.TreeTypeAdapter.read(TreeTypeAdapter.java:76) ~[gson-2.10.jar%2370!/:?]
	at com.google.gson.internal.bind.TypeAdapterRuntimeTypeWrapper.read(TypeAdapterRuntimeTypeWrapper.java:40) ~[gson-2.10.jar%2370!/:?]
	at com.google.gson.internal.bind.ArrayTypeAdapter.read(ArrayTypeAdapter.java:72) ~[gson-2.10.jar%2370!/:?]
	at com.google.gson.Gson.fromJson(Gson.java:1214) ~[gson-2.10.jar%2370!/:?]
	at com.google.gson.Gson.fromJson(Gson.java:1319) ~[gson-2.10.jar%2370!/:?]
	at com.google.gson.Gson.fromJson(Gson.java:1290) ~[gson-2.10.jar%2370!/:?]
	at com.google.gson.internal.bind.TreeTypeAdapter$GsonContextImpl.deserialize(TreeTypeAdapter.java:179) ~[gson-2.10.jar%2370!/:?]
	at net.minecraft.util.GsonHelper.m_13808_(GsonHelper.java:463) ~[server-1.20.1-20230612.114412-srg.jar%23690!/:?]
	at net.minecraft.util.GsonHelper.m_13836_(GsonHelper.java:471) ~[server-1.20.1-20230612.114412-srg.jar%23690!/:?]
	at net.minecraft.world.level.storage.loot.LootPool$Serializer.deserialize(LootPool.java:192) ~[server-1.20.1-20230612.114412-srg.jar%23690!/:?]
	at net.minecraft.world.level.storage.loot.LootPool$Serializer.deserialize(LootPool.java:189) ~[server-1.20.1-20230612.114412-srg.jar%23690!/:?]
	at com.google.gson.internal.bind.TreeTypeAdapter.read(TreeTypeAdapter.java:76) ~[gson-2.10.jar%2370!/:?]
	at com.google.gson.internal.bind.TypeAdapterRuntimeTypeWrapper.read(TypeAdapterRuntimeTypeWrapper.java:40) ~[gson-2.10.jar%2370!/:?]
	at com.google.gson.internal.bind.ArrayTypeAdapter.read(ArrayTypeAdapter.java:72) ~[gson-2.10.jar%2370!/:?]
	at com.google.gson.Gson.fromJson(Gson.java:1214) ~[gson-2.10.jar%2370!/:?]
	at com.google.gson.Gson.fromJson(Gson.java:1319) ~[gson-2.10.jar%2370!/:?]
	at com.google.gson.Gson.fromJson(Gson.java:1290) ~[gson-2.10.jar%2370!/:?]
	at com.google.gson.internal.bind.TreeTypeAdapter$GsonContextImpl.deserialize(TreeTypeAdapter.java:179) ~[gson-2.10.jar%2370!/:?]
	at net.minecraft.util.GsonHelper.m_13808_(GsonHelper.java:463) ~[server-1.20.1-20230612.114412-srg.jar%23690!/:?]
	at net.minecraft.util.GsonHelper.m_13845_(GsonHelper.java:481) ~[server-1.20.1-20230612.114412-srg.jar%23690!/:?]
	at net.minecraft.world.level.storage.loot.LootTable$Serializer.deserialize(LootTable.java:294) ~[server-1.20.1-20230612.114412-srg.jar%23690!/:?]
	at net.minecraft.world.level.storage.loot.LootTable$Serializer.deserialize(LootTable.java:291) ~[server-1.20.1-20230612.114412-srg.jar%23690!/:?]
	at com.google.gson.internal.bind.TreeTypeAdapter.read(TreeTypeAdapter.java:76) ~[gson-2.10.jar%2370!/:?]
	at com.google.gson.Gson.fromJson(Gson.java:1214) ~[gson-2.10.jar%2370!/:?]
	at com.google.gson.Gson.fromJson(Gson.java:1319) ~[gson-2.10.jar%2370!/:?]
	at com.google.gson.Gson.fromJson(Gson.java:1261) ~[gson-2.10.jar%2370!/:?]
	at net.minecraftforge.common.ForgeHooks.loadLootTable(ForgeHooks.java:872) ~[forge-1.20.1-47.4.22-universal.jar%23695!/:?]
	at net.minecraftforge.common.ForgeHooks.lambda$getLootTableDeserializer$3(ForgeHooks.java:849) ~[forge-1.20.1-47.4.22-universal.jar%23695!/:?]
	at net.minecraft.world.level.storage.loot.LootDataType.deserialize(LootDataType.java:45) ~[server-1.20.1-20230612.114412-srg.jar%23690!/:?]
	at net.minecraft.world.level.storage.loot.LootDataManager.lambda$scheduleElementParse$4(LootDataManager.java:56) ~[server-1.20.1-20230612.114412-srg.jar%23690!/:?]
	at java.util.HashMap.forEach(HashMap.java:1421) ~[?:?]
	at net.minecraft.world.level.storage.loot.LootDataManager.m_278660_(LootDataManager.java:55) ~[server-1.20.1-20230612.114412-srg.jar%23690!/:?]
	at java.util.concurrent.CompletableFuture$AsyncRun.run(CompletableFuture.java:1804) ~[?:?]
	at java.util.concurrent.CompletableFuture$AsyncRun.exec(CompletableFuture.java:1796) ~[?:?]
	at java.util.concurrent.ForkJoinTask.doExec(ForkJoinTask.java:373) ~[?:?]
	at java.util.concurrent.ForkJoinPool$WorkQueue.topLevelExec(ForkJoinPool.java:1182) ~[?:?]
	at java.util.concurrent.ForkJoinPool.scan(ForkJoinPool.java:1655) ~[?:?]
	at java.util.concurrent.ForkJoinPool.runWorker(ForkJoinPool.java:1622) ~[?:?]
	at java.util.concurrent.ForkJoinWorkerThread.run(ForkJoinWorkerThread.java:165) ~[?:?]
[01Aug2026 04:31:42.002] [Worker-Main-8/ERROR] [net.minecraftforge.common.ForgeHooks/]: Couldn't parse element loot_tables:medieval_nether:chests_pyramid
com.google.gson.JsonSyntaxException: Expected name to be an item, was unknown string 'create_eternal_journey:relics_experience_nugget'
	at net.minecraft.util.GsonHelper.m_13866_(GsonHelper.java:145) ~[server-1.20.1-20230612.114412-srg.jar%23690!/:?]
	at java.util.Optional.orElseThrow(Optional.java:403) ~[?:?]
	at net.minecraft.util.GsonHelper.m_13874_(GsonHelper.java:145) ~[server-1.20.1-20230612.114412-srg.jar%23690!/:?]
	at net.minecraft.util.GsonHelper.m_13909_(GsonHelper.java:153) ~[server-1.20.1-20230612.114412-srg.jar%23690!/:?]
	at net.minecraft.world.level.storage.loot.entries.LootItem$Serializer.m_7267_(LootItem.java:55) ~[server-1.20.1-20230612.114412-srg.jar%23690!/:?]
	at net.minecraft.world.level.storage.loot.entries.LootItem$Serializer.m_7267_(LootItem.java:40) ~[server-1.20.1-20230612.114412-srg.jar%23690!/:?]
	at net.minecraft.world.level.storage.loot.entries.LootPoolSingletonContainer$Serializer.m_5921_(LootPoolSingletonContainer.java:151) ~[server-1.20.1-20230612.114412-srg.jar%23690!/:?]
	at net.minecraft.world.level.storage.loot.entries.LootPoolSingletonContainer$Serializer.m_5921_(LootPoolSingletonContainer.java:129) ~[server-1.20.1-20230612.114412-srg.jar%23690!/:?]
	at net.minecraft.world.level.storage.loot.entries.LootPoolEntryContainer$Serializer.m_7561_(LootPoolEntryContainer.java:86) ~[server-1.20.1-20230612.114412-srg.jar%23690!/:?]
	at net.minecraft.world.level.storage.loot.entries.LootPoolEntryContainer$Serializer.m_7561_(LootPoolEntryContainer.java:74) ~[server-1.20.1-20230612.114412-srg.jar%23690!/:?]
	at net.minecraft.world.level.storage.loot.GsonAdapterFactory$JsonAdapter.deserialize(GsonAdapterFactory.java:102) ~[server-1.20.1-20230612.114412-srg.jar%23690!/:?]
	at com.google.gson.internal.bind.TreeTypeAdapter.read(TreeTypeAdapter.java:76) ~[gson-2.10.jar%2370!/:?]
	at com.google.gson.internal.bind.TypeAdapterRuntimeTypeWrapper.read(TypeAdapterRuntimeTypeWrapper.java:40) ~[gson-2.10.jar%2370!/:?]
	at com.google.gson.internal.bind.ArrayTypeAdapter.read(ArrayTypeAdapter.java:72) ~[gson-2.10.jar%2370!/:?]
	at com.google.gson.Gson.fromJson(Gson.java:1214) ~[gson-2.10.jar%2370!/:?]
	at com.google.gson.Gson.fromJson(Gson.java:1319) ~[gson-2.10.jar%2370!/:?]
	at com.google.gson.Gson.fromJson(Gson.java:1290) ~[gson-2.10.jar%2370!/:?]
	at com.google.gson.internal.bind.TreeTypeAdapter$GsonContextImpl.deserialize(TreeTypeAdapter.java:179) ~[gson-2.10.jar%2370!/:?]
	at net.minecraft.util.GsonHelper.m_13808_(GsonHelper.java:463) ~[server-1.20.1-20230612.114412-srg.jar%23690!/:?]
	at net.minecraft.util.GsonHelper.m_13836_(GsonHelper.java:471) ~[server-1.20.1-20230612.114412-srg.jar%23690!/:?]
	at net.minecraft.world.level.storage.loot.LootPool$Serializer.deserialize(LootPool.java:192) ~[server-1.20.1-20230612.114412-srg.jar%23690!/:?]
	at net.minecraft.world.level.storage.loot.LootPool$Serializer.deserialize(LootPool.java:189) ~[server-1.20.1-20230612.114412-srg.jar%23690!/:?]
	at com.google.gson.internal.bind.TreeTypeAdapter.read(TreeTypeAdapter.java:76) ~[gson-2.10.jar%2370!/:?]
	at com.google.gson.internal.bind.TypeAdapterRuntimeTypeWrapper.read(TypeAdapterRuntimeTypeWrapper.java:40) ~[gson-2.10.jar%2370!/:?]
	at com.google.gson.internal.bind.ArrayTypeAdapter.read(ArrayTypeAdapter.java:72) ~[gson-2.10.jar%2370!/:?]
	at com.google.gson.Gson.fromJson(Gson.java:1214) ~[gson-2.10.jar%2370!/:?]
	at com.google.gson.Gson.fromJson(Gson.java:1319) ~[gson-2.10.jar%2370!/:?]
	at com.google.gson.Gson.fromJson(Gson.java:1290) ~[gson-2.10.jar%2370!/:?]
	at com.google.gson.internal.bind.TreeTypeAdapter$GsonContextImpl.deserialize(TreeTypeAdapter.java:179) ~[gson-2.10.jar%2370!/:?]
	at net.minecraft.util.GsonHelper.m_13808_(GsonHelper.java:463) ~[server-1.20.1-20230612.114412-srg.jar%23690!/:?]
	at net.minecraft.util.GsonHelper.m_13845_(GsonHelper.java:481) ~[server-1.20.1-20230612.114412-srg.jar%23690!/:?]
	at net.minecraft.world.level.storage.loot.LootTable$Serializer.deserialize(LootTable.java:294) ~[server-1.20.1-20230612.114412-srg.jar%23690!/:?]
	at net.minecraft.world.level.storage.loot.LootTable$Serializer.deserialize(LootTable.java:291) ~[server-1.20.1-20230612.114412-srg.jar%23690!/:?]
	at com.google.gson.internal.bind.TreeTypeAdapter.read(TreeTypeAdapter.java:76) ~[gson-2.10.jar%2370!/:?]
	at com.google.gson.Gson.fromJson(Gson.java:1214) ~[gson-2.10.jar%2370!/:?]
	at com.google.gson.Gson.fromJson(Gson.java:1319) ~[gson-2.10.jar%2370!/:?]
	at com.google.gson.Gson.fromJson(Gson.java:1261) ~[gson-2.10.jar%2370!/:?]
	at net.minecraftforge.common.ForgeHooks.loadLootTable(ForgeHooks.java:872) ~[forge-1.20.1-47.4.22-universal.jar%23695!/:?]
	at net.minecraftforge.common.ForgeHooks.lambda$getLootTableDeserializer$3(ForgeHooks.java:849) ~[forge-1.20.1-47.4.22-universal.jar%23695!/:?]
	at net.minecraft.world.level.storage.loot.LootDataType.deserialize(LootDataType.java:45) ~[server-1.20.1-20230612.114412-srg.jar%23690!/:?]
	at net.minecraft.world.level.storage.loot.LootDataManager.lambda$scheduleElementParse$4(LootDataManager.java:56) ~[server-1.20.1-20230612.114412-srg.jar%23690!/:?]
	at java.util.HashMap.forEach(HashMap.java:1421) ~[?:?]
	at net.minecraft.world.level.storage.loot.LootDataManager.m_278660_(LootDataManager.java:55) ~[server-1.20.1-20230612.114412-srg.jar%23690!/:?]
	at java.util.concurrent.CompletableFuture$AsyncRun.run(CompletableFuture.java:1804) ~[?:?]
	at java.util.concurrent.CompletableFuture$AsyncRun.exec(CompletableFuture.java:1796) ~[?:?]
	at java.util.concurrent.ForkJoinTask.doExec(ForkJoinTask.java:373) ~[?:?]
	at java.util.concurrent.ForkJoinPool$WorkQueue.topLevelExec(ForkJoinPool.java:1182) ~[?:?]
	at java.util.concurrent.ForkJoinPool.scan(ForkJoinPool.java:1655) ~[?:?]
	at java.util.concurrent.ForkJoinPool.runWorker(ForkJoinPool.java:1622) ~[?:?]
	at java.util.concurrent.ForkJoinWorkerThread.run(ForkJoinWorkerThread.java:165) ~[?:?]
[01Aug2026 04:31:42.005] [Worker-Main-8/ERROR] [net.minecraftforge.common.ForgeHooks/]: Couldn't parse element loot_tables:unusualend:blocks/gloopy_urn
com.google.gson.JsonSyntaxException: Unknown enchantment 'minecraft:mending'
	at net.minecraft.world.level.storage.loot.functions.EnchantRandomlyFunction$Serializer.m_80465_(EnchantRandomlyFunction.java:137) ~[server-1.20.1-20230612.114412-srg.jar%23690!/:?]
	at java.util.Optional.orElseThrow(Optional.java:403) ~[?:?]
	at net.minecraft.world.level.storage.loot.functions.EnchantRandomlyFunction$Serializer.m_6821_(EnchantRandomlyFunction.java:137) ~[server-1.20.1-20230612.114412-srg.jar%23690!/:?]
	at net.minecraft.world.level.storage.loot.functions.EnchantRandomlyFunction$Serializer.m_6821_(EnchantRandomlyFunction.java:111) ~[server-1.20.1-20230612.114412-srg.jar%23690!/:?]
	at net.minecraft.world.level.storage.loot.functions.LootItemConditionalFunction$Serializer.m_7561_(LootItemConditionalFunction.java:99) ~[server-1.20.1-20230612.114412-srg.jar%23690!/:?]
	at net.minecraft.world.level.storage.loot.functions.LootItemConditionalFunction$Serializer.m_7561_(LootItemConditionalFunction.java:88) ~[server-1.20.1-20230612.114412-srg.jar%23690!/:?]
	at net.minecraft.world.level.storage.loot.GsonAdapterFactory$JsonAdapter.deserialize(GsonAdapterFactory.java:102) ~[server-1.20.1-20230612.114412-srg.jar%23690!/:?]
	at com.google.gson.internal.bind.TreeTypeAdapter.read(TreeTypeAdapter.java:76) ~[gson-2.10.jar%2370!/:?]
	at com.google.gson.internal.bind.TypeAdapterRuntimeTypeWrapper.read(TypeAdapterRuntimeTypeWrapper.java:40) ~[gson-2.10.jar%2370!/:?]
	at com.google.gson.internal.bind.ArrayTypeAdapter.read(ArrayTypeAdapter.java:72) ~[gson-2.10.jar%2370!/:?]
	at com.google.gson.Gson.fromJson(Gson.java:1214) ~[gson-2.10.jar%2370!/:?]
	at com.google.gson.Gson.fromJson(Gson.java:1319) ~[gson-2.10.jar%2370!/:?]
	at com.google.gson.Gson.fromJson(Gson.java:1290) ~[gson-2.10.jar%2370!/:?]
	at com.google.gson.internal.bind.TreeTypeAdapter$GsonContextImpl.deserialize(TreeTypeAdapter.java:179) ~[gson-2.10.jar%2370!/:?]
	at net.minecraft.util.GsonHelper.m_13808_(GsonHelper.java:463) ~[server-1.20.1-20230612.114412-srg.jar%23690!/:?]
	at net.minecraft.util.GsonHelper.m_13845_(GsonHelper.java:481) ~[server-1.20.1-20230612.114412-srg.jar%23690!/:?]
	at net.minecraft.world.level.storage.loot.entries.LootPoolSingletonContainer$Serializer.m_5921_(LootPoolSingletonContainer.java:149) ~[server-1.20.1-20230612.114412-srg.jar%23690!/:?]
	at net.minecraft.world.level.storage.loot.entries.LootPoolSingletonContainer$Serializer.m_5921_(LootPoolSingletonContainer.java:129) ~[server-1.20.1-20230612.114412-srg.jar%23690!/:?]
	at net.minecraft.world.level.storage.loot.entries.LootPoolEntryContainer$Serializer.m_7561_(LootPoolEntryContainer.java:86) ~[server-1.20.1-20230612.114412-srg.jar%23690!/:?]
	at net.minecraft.world.level.storage.loot.entries.LootPoolEntryContainer$Serializer.m_7561_(LootPoolEntryContainer.java:74) ~[server-1.20.1-20230612.114412-srg.jar%23690!/:?]
	at net.minecraft.world.level.storage.loot.GsonAdapterFactory$JsonAdapter.deserialize(GsonAdapterFactory.java:102) ~[server-1.20.1-20230612.114412-srg.jar%23690!/:?]
	at com.google.gson.internal.bind.TreeTypeAdapter.read(TreeTypeAdapter.java:76) ~[gson-2.10.jar%2370!/:?]
	at com.google.gson.internal.bind.TypeAdapterRuntimeTypeWrapper.read(TypeAdapterRuntimeTypeWrapper.java:40) ~[gson-2.10.jar%2370!/:?]
	at com.google.gson.internal.bind.ArrayTypeAdapter.read(ArrayTypeAdapter.java:72) ~[gson-2.10.jar%2370!/:?]
	at com.google.gson.Gson.fromJson(Gson.java:1214) ~[gson-2.10.jar%2370!/:?]
	at com.google.gson.Gson.fromJson(Gson.java:1319) ~[gson-2.10.jar%2370!/:?]
	at com.google.gson.Gson.fromJson(Gson.java:1290) ~[gson-2.10.jar%2370!/:?]
	at com.google.gson.internal.bind.TreeTypeAdapter$GsonContextImpl.deserialize(TreeTypeAdapter.java:179) ~[gson-2.10.jar%2370!/:?]
	at net.minecraft.util.GsonHelper.m_13808_(GsonHelper.java:463) ~[server-1.20.1-20230612.114412-srg.jar%23690!/:?]
	at net.minecraft.util.GsonHelper.m_13836_(GsonHelper.java:471) ~[server-1.20.1-20230612.114412-srg.jar%23690!/:?]
	at net.minecraft.world.level.storage.loot.LootPool$Serializer.deserialize(LootPool.java:192) ~[server-1.20.1-20230612.114412-srg.jar%23690!/:?]
	at net.minecraft.world.level.storage.loot.LootPool$Serializer.deserialize(LootPool.java:189) ~[server-1.20.1-20230612.114412-srg.jar%23690!/:?]
	at com.google.gson.internal.bind.TreeTypeAdapter.read(TreeTypeAdapter.java:76) ~[gson-2.10.jar%2370!/:?]
	at com.google.gson.internal.bind.TypeAdapterRuntimeTypeWrapper.read(TypeAdapterRuntimeTypeWrapper.java:40) ~[gson-2.10.jar%2370!/:?]
	at com.google.gson.internal.bind.ArrayTypeAdapter.read(ArrayTypeAdapter.java:72) ~[gson-2.10.jar%2370!/:?]
	at com.google.gson.Gson.fromJson(Gson.java:1214) ~[gson-2.10.jar%2370!/:?]
	at com.google.gson.Gson.fromJson(Gson.java:1319) ~[gson-2.10.jar%2370!/:?]
	at com.google.gson.Gson.fromJson(Gson.java:1290) ~[gson-2.10.jar%2370!/:?]
	at com.google.gson.internal.bind.TreeTypeAdapter$GsonContextImpl.deserialize(TreeTypeAdapter.java:179) ~[gson-2.10.jar%2370!/:?]
	at net.minecraft.util.GsonHelper.m_13808_(GsonHelper.java:463) ~[server-1.20.1-20230612.114412-srg.jar%23690!/:?]
	at net.minecraft.util.GsonHelper.m_13845_(GsonHelper.java:481) ~[server-1.20.1-20230612.114412-srg.jar%23690!/:?]
	at net.minecraft.world.level.storage.loot.LootTable$Serializer.deserialize(LootTable.java:294) ~[server-1.20.1-20230612.114412-srg.jar%23690!/:?]
	at net.minecraft.world.level.storage.loot.LootTable$Serializer.deserialize(LootTable.java:291) ~[server-1.20.1-20230612.114412-srg.jar%23690!/:?]
	at com.google.gson.internal.bind.TreeTypeAdapter.read(TreeTypeAdapter.java:76) ~[gson-2.10.jar%2370!/:?]
	at com.google.gson.Gson.fromJson(Gson.java:1214) ~[gson-2.10.jar%2370!/:?]
	at com.google.gson.Gson.fromJson(Gson.java:1319) ~[gson-2.10.jar%2370!/:?]
	at com.google.gson.Gson.fromJson(Gson.java:1261) ~[gson-2.10.jar%2370!/:?]
	at net.minecraftforge.common.ForgeHooks.loadLootTable(ForgeHooks.java:872) ~[forge-1.20.1-47.4.22-universal.jar%23695!/:?]
	at net.minecraftforge.common.ForgeHooks.lambda$getLootTableDeserializer$3(ForgeHooks.java:849) ~[forge-1.20.1-47.4.22-universal.jar%23695!/:?]
	at net.minecraft.world.level.storage.loot.LootDataType.deserialize(LootDataType.java:45) ~[server-1.20.1-20230612.114412-srg.jar%23690!/:?]
	at net.minecraft.world.level.storage.loot.LootDataManager.lambda$scheduleElementParse$4(LootDataManager.java:56) ~[server-1.20.1-20230612.114412-srg.jar%23690!/:?]
	at java.util.HashMap.forEach(HashMap.java:1421) ~[?:?]
	at net.minecraft.world.level.storage.loot.LootDataManager.m_278660_(LootDataManager.java:55) ~[server-1.20.1-20230612.114412-srg.jar%23690!/:?]
	at java.util.concurrent.CompletableFuture$AsyncRun.run(CompletableFuture.java:1804) ~[?:?]
	at java.util.concurrent.CompletableFuture$AsyncRun.exec(CompletableFuture.java:1796) ~[?:?]
	at java.util.concurrent.ForkJoinTask.doExec(ForkJoinTask.java:373) ~[?:?]
	at java.util.concurrent.ForkJoinPool$WorkQueue.topLevelExec(ForkJoinPool.java:1182) ~[?:?]
	at java.util.concurrent.ForkJoinPool.scan(ForkJoinPool.java:1655) ~[?:?]
	at java.util.concurrent.ForkJoinPool.runWorker(ForkJoinPool.java:1622) ~[?:?]
	at java.util.concurrent.ForkJoinWorkerThread.run(ForkJoinWorkerThread.java:165) ~[?:?]
[01Aug2026 04:31:42.036] [Worker-Main-8/ERROR] [net.minecraftforge.common.ForgeHooks/]: Couldn't parse element loot_tables:medieval_nether:chests_castle_three
com.google.gson.JsonSyntaxException: Expected name to be an item, was unknown string 'create_eternal_journey:relics_experience_nugget'
	at net.minecraft.util.GsonHelper.m_13866_(GsonHelper.java:145) ~[server-1.20.1-20230612.114412-srg.jar%23690!/:?]
	at java.util.Optional.orElseThrow(Optional.java:403) ~[?:?]
	at net.minecraft.util.GsonHelper.m_13874_(GsonHelper.java:145) ~[server-1.20.1-20230612.114412-srg.jar%23690!/:?]
	at net.minecraft.util.GsonHelper.m_13909_(GsonHelper.java:153) ~[server-1.20.1-20230612.114412-srg.jar%23690!/:?]
	at net.minecraft.world.level.storage.loot.entries.LootItem$Serializer.m_7267_(LootItem.java:55) ~[server-1.20.1-20230612.114412-srg.jar%23690!/:?]
	at net.minecraft.world.level.storage.loot.entries.LootItem$Serializer.m_7267_(LootItem.java:40) ~[server-1.20.1-20230612.114412-srg.jar%23690!/:?]
	at net.minecraft.world.level.storage.loot.entries.LootPoolSingletonContainer$Serializer.m_5921_(LootPoolSingletonContainer.java:151) ~[server-1.20.1-20230612.114412-srg.jar%23690!/:?]
	at net.minecraft.world.level.storage.loot.entries.LootPoolSingletonContainer$Serializer.m_5921_(LootPoolSingletonContainer.java:129) ~[server-1.20.1-20230612.114412-srg.jar%23690!/:?]
	at net.minecraft.world.level.storage.loot.entries.LootPoolEntryContainer$Serializer.m_7561_(LootPoolEntryContainer.java:86) ~[server-1.20.1-20230612.114412-srg.jar%23690!/:?]
	at net.minecraft.world.level.storage.loot.entries.LootPoolEntryContainer$Serializer.m_7561_(LootPoolEntryContainer.java:74) ~[server-1.20.1-20230612.114412-srg.jar%23690!/:?]
	at net.minecraft.world.level.storage.loot.GsonAdapterFactory$JsonAdapter.deserialize(GsonAdapterFactory.java:102) ~[server-1.20.1-20230612.114412-srg.jar%23690!/:?]
	at com.google.gson.internal.bind.TreeTypeAdapter.read(TreeTypeAdapter.java:76) ~[gson-2.10.jar%2370!/:?]
	at com.google.gson.internal.bind.TypeAdapterRuntimeTypeWrapper.read(TypeAdapterRuntimeTypeWrapper.java:40) ~[gson-2.10.jar%2370!/:?]
	at com.google.gson.internal.bind.ArrayTypeAdapter.read(ArrayTypeAdapter.java:72) ~[gson-2.10.jar%2370!/:?]
	at com.google.gson.Gson.fromJson(Gson.java:1214) ~[gson-2.10.jar%2370!/:?]
	at com.google.gson.Gson.fromJson(Gson.java:1319) ~[gson-2.10.jar%2370!/:?]
	at com.google.gson.Gson.fromJson(Gson.java:1290) ~[gson-2.10.jar%2370!/:?]
	at com.google.gson.internal.bind.TreeTypeAdapter$GsonContextImpl.deserialize(TreeTypeAdapter.java:179) ~[gson-2.10.jar%2370!/:?]
	at net.minecraft.util.GsonHelper.m_13808_(GsonHelper.java:463) ~[server-1.20.1-20230612.114412-srg.jar%23690!/:?]
	at net.minecraft.util.GsonHelper.m_13836_(GsonHelper.java:471) ~[server-1.20.1-20230612.114412-srg.jar%23690!/:?]
	at net.minecraft.world.level.storage.loot.LootPool$Serializer.deserialize(LootPool.java:192) ~[server-1.20.1-20230612.114412-srg.jar%23690!/:?]
	at net.minecraft.world.level.storage.loot.LootPool$Serializer.deserialize(LootPool.java:189) ~[server-1.20.1-20230612.114412-srg.jar%23690!/:?]
	at com.google.gson.internal.bind.TreeTypeAdapter.read(TreeTypeAdapter.java:76) ~[gson-2.10.jar%2370!/:?]
	at com.google.gson.internal.bind.TypeAdapterRuntimeTypeWrapper.read(TypeAdapterRuntimeTypeWrapper.java:40) ~[gson-2.10.jar%2370!/:?]
	at com.google.gson.internal.bind.ArrayTypeAdapter.read(ArrayTypeAdapter.java:72) ~[gson-2.10.jar%2370!/:?]
	at com.google.gson.Gson.fromJson(Gson.java:1214) ~[gson-2.10.jar%2370!/:?]
	at com.google.gson.Gson.fromJson(Gson.java:1319) ~[gson-2.10.jar%2370!/:?]
	at com.google.gson.Gson.fromJson(Gson.java:1290) ~[gson-2.10.jar%2370!/:?]
	at com.google.gson.internal.bind.TreeTypeAdapter$GsonContextImpl.deserialize(TreeTypeAdapter.java:179) ~[gson-2.10.jar%2370!/:?]
	at net.minecraft.util.GsonHelper.m_13808_(GsonHelper.java:463) ~[server-1.20.1-20230612.114412-srg.jar%23690!/:?]
	at net.minecraft.util.GsonHelper.m_13845_(GsonHelper.java:481) ~[server-1.20.1-20230612.114412-srg.jar%23690!/:?]
	at net.minecraft.world.level.storage.loot.LootTable$Serializer.deserialize(LootTable.java:294) ~[server-1.20.1-20230612.114412-srg.jar%23690!/:?]
	at net.minecraft.world.level.storage.loot.LootTable$Serializer.deserialize(LootTable.java:291) ~[server-1.20.1-20230612.114412-srg.jar%23690!/:?]
	at com.google.gson.internal.bind.TreeTypeAdapter.read(TreeTypeAdapter.java:76) ~[gson-2.10.jar%2370!/:?]
	at com.google.gson.Gson.fromJson(Gson.java:1214) ~[gson-2.10.jar%2370!/:?]
	at com.google.gson.Gson.fromJson(Gson.java:1319) ~[gson-2.10.jar%2370!/:?]
	at com.google.gson.Gson.fromJson(Gson.java:1261) ~[gson-2.10.jar%2370!/:?]
	at net.minecraftforge.common.ForgeHooks.loadLootTable(ForgeHooks.java:872) ~[forge-1.20.1-47.4.22-universal.jar%23695!/:?]
	at net.minecraftforge.common.ForgeHooks.lambda$getLootTableDeserializer$3(ForgeHooks.java:849) ~[forge-1.20.1-47.4.22-universal.jar%23695!/:?]
	at net.minecraft.world.level.storage.loot.LootDataType.deserialize(LootDataType.java:45) ~[server-1.20.1-20230612.114412-srg.jar%23690!/:?]
	at net.minecraft.world.level.storage.loot.LootDataManager.lambda$scheduleElementParse$4(LootDataManager.java:56) ~[server-1.20.1-20230612.114412-srg.jar%23690!/:?]
	at java.util.HashMap.forEach(HashMap.java:1421) ~[?:?]
	at net.minecraft.world.level.storage.loot.LootDataManager.m_278660_(LootDataManager.java:55) ~[server-1.20.1-20230612.114412-srg.jar%23690!/:?]
	at java.util.concurrent.CompletableFuture$AsyncRun.run(CompletableFuture.java:1804) ~[?:?]
	at java.util.concurrent.CompletableFuture$AsyncRun.exec(CompletableFuture.java:1796) ~[?:?]
	at java.util.concurrent.ForkJoinTask.doExec(ForkJoinTask.java:373) ~[?:?]
	at java.util.concurrent.ForkJoinPool$WorkQueue.topLevelExec(ForkJoinPool.java:1182) ~[?:?]
	at java.util.concurrent.ForkJoinPool.scan(ForkJoinPool.java:1655) ~[?:?]
	at java.util.concurrent.ForkJoinPool.runWorker(ForkJoinPool.java:1622) ~[?:?]
	at java.util.concurrent.ForkJoinWorkerThread.run(ForkJoinWorkerThread.java:165) ~[?:?]
[01Aug2026 04:31:42.062] [Worker-Main-8/ERROR] [net.minecraftforge.common.ForgeHooks/]: Couldn't parse element loot_tables:idas:chests/dread_citadel/dread_citadel_throne
com.google.gson.JsonSyntaxException: Expected name to be an item, was unknown string 'iceandfire:dread_shard'
	at net.minecraft.util.GsonHelper.m_13866_(GsonHelper.java:145) ~[server-1.20.1-20230612.114412-srg.jar%23690!/:?]
	at java.util.Optional.orElseThrow(Optional.java:403) ~[?:?]
	at net.minecraft.util.GsonHelper.m_13874_(GsonHelper.java:145) ~[server-1.20.1-20230612.114412-srg.jar%23690!/:?]
	at net.minecraft.util.GsonHelper.m_13909_(GsonHelper.java:153) ~[server-1.20.1-20230612.114412-srg.jar%23690!/:?]
	at net.minecraft.world.level.storage.loot.entries.LootItem$Serializer.m_7267_(LootItem.java:55) ~[server-1.20.1-20230612.114412-srg.jar%23690!/:?]
	at net.minecraft.world.level.storage.loot.entries.LootItem$Serializer.m_7267_(LootItem.java:40) ~[server-1.20.1-20230612.114412-srg.jar%23690!/:?]
	at net.minecraft.world.level.storage.loot.entries.LootPoolSingletonContainer$Serializer.m_5921_(LootPoolSingletonContainer.java:151) ~[server-1.20.1-20230612.114412-srg.jar%23690!/:?]
	at net.minecraft.world.level.storage.loot.entries.LootPoolSingletonContainer$Serializer.m_5921_(LootPoolSingletonContainer.java:129) ~[server-1.20.1-20230612.114412-srg.jar%23690!/:?]
	at net.minecraft.world.level.storage.loot.entries.LootPoolEntryContainer$Serializer.m_7561_(LootPoolEntryContainer.java:86) ~[server-1.20.1-20230612.114412-srg.jar%23690!/:?]
	at net.minecraft.world.level.storage.loot.entries.LootPoolEntryContainer$Serializer.m_7561_(LootPoolEntryContainer.java:74) ~[server-1.20.1-20230612.114412-srg.jar%23690!/:?]
	at net.minecraft.world.level.storage.loot.GsonAdapterFactory$JsonAdapter.deserialize(GsonAdapterFactory.java:102) ~[server-1.20.1-20230612.114412-srg.jar%23690!/:?]
	at com.google.gson.internal.bind.TreeTypeAdapter.read(TreeTypeAdapter.java:76) ~[gson-2.10.jar%2370!/:?]
	at com.google.gson.internal.bind.TypeAdapterRuntimeTypeWrapper.read(TypeAdapterRuntimeTypeWrapper.java:40) ~[gson-2.10.jar%2370!/:?]
	at com.google.gson.internal.bind.ArrayTypeAdapter.read(ArrayTypeAdapter.java:72) ~[gson-2.10.jar%2370!/:?]
	at com.google.gson.Gson.fromJson(Gson.java:1214) ~[gson-2.10.jar%2370!/:?]
	at com.google.gson.Gson.fromJson(Gson.java:1319) ~[gson-2.10.jar%2370!/:?]
	at com.google.gson.Gson.fromJson(Gson.java:1290) ~[gson-2.10.jar%2370!/:?]
	at com.google.gson.internal.bind.TreeTypeAdapter$GsonContextImpl.deserialize(TreeTypeAdapter.java:179) ~[gson-2.10.jar%2370!/:?]
	at net.minecraft.util.GsonHelper.m_13808_(GsonHelper.java:463) ~[server-1.20.1-20230612.114412-srg.jar%23690!/:?]
	at net.minecraft.util.GsonHelper.m_13836_(GsonHelper.java:471) ~[server-1.20.1-20230612.114412-srg.jar%23690!/:?]
	at net.minecraft.world.level.storage.loot.LootPool$Serializer.deserialize(LootPool.java:192) ~[server-1.20.1-20230612.114412-srg.jar%23690!/:?]
	at net.minecraft.world.level.storage.loot.LootPool$Serializer.deserialize(LootPool.java:189) ~[server-1.20.1-20230612.114412-srg.jar%23690!/:?]
	at com.google.gson.internal.bind.TreeTypeAdapter.read(TreeTypeAdapter.java:76) ~[gson-2.10.jar%2370!/:?]
	at com.google.gson.internal.bind.TypeAdapterRuntimeTypeWrapper.read(TypeAdapterRuntimeTypeWrapper.java:40) ~[gson-2.10.jar%2370!/:?]
	at com.google.gson.internal.bind.ArrayTypeAdapter.read(ArrayTypeAdapter.java:72) ~[gson-2.10.jar%2370!/:?]
	at com.google.gson.Gson.fromJson(Gson.java:1214) ~[gson-2.10.jar%2370!/:?]
	at com.google.gson.Gson.fromJson(Gson.java:1319) ~[gson-2.10.jar%2370!/:?]
	at com.google.gson.Gson.fromJson(Gson.java:1290) ~[gson-2.10.jar%2370!/:?]
	at com.google.gson.internal.bind.TreeTypeAdapter$GsonContextImpl.deserialize(TreeTypeAdapter.java:179) ~[gson-2.10.jar%2370!/:?]
	at net.minecraft.util.GsonHelper.m_13808_(GsonHelper.java:463) ~[server-1.20.1-20230612.114412-srg.jar%23690!/:?]
	at net.minecraft.util.GsonHelper.m_13845_(GsonHelper.java:481) ~[server-1.20.1-20230612.114412-srg.jar%23690!/:?]
	at net.minecraft.world.level.storage.loot.LootTable$Serializer.deserialize(LootTable.java:294) ~[server-1.20.1-20230612.114412-srg.jar%23690!/:?]
	at net.minecraft.world.level.storage.loot.LootTable$Serializer.deserialize(LootTable.java:291) ~[server-1.20.1-20230612.114412-srg.jar%23690!/:?]
	at com.google.gson.internal.bind.TreeTypeAdapter.read(TreeTypeAdapter.java:76) ~[gson-2.10.jar%2370!/:?]
	at com.google.gson.Gson.fromJson(Gson.java:1214) ~[gson-2.10.jar%2370!/:?]
	at com.google.gson.Gson.fromJson(Gson.java:1319) ~[gson-2.10.jar%2370!/:?]
	at com.google.gson.Gson.fromJson(Gson.java:1261) ~[gson-2.10.jar%2370!/:?]
	at net.minecraftforge.common.ForgeHooks.loadLootTable(ForgeHooks.java:872) ~[forge-1.20.1-47.4.22-universal.jar%23695!/:?]
	at net.minecraftforge.common.ForgeHooks.lambda$getLootTableDeserializer$3(ForgeHooks.java:849) ~[forge-1.20.1-47.4.22-universal.jar%23695!/:?]
	at net.minecraft.world.level.storage.loot.LootDataType.deserialize(LootDataType.java:45) ~[server-1.20.1-20230612.114412-srg.jar%23690!/:?]
	at net.minecraft.world.level.storage.loot.LootDataManager.lambda$scheduleElementParse$4(LootDataManager.java:56) ~[server-1.20.1-20230612.114412-srg.jar%23690!/:?]
	at java.util.HashMap.forEach(HashMap.java:1421) ~[?:?]
	at net.minecraft.world.level.storage.loot.LootDataManager.m_278660_(LootDataManager.java:55) ~[server-1.20.1-20230612.114412-srg.jar%23690!/:?]
	at java.util.concurrent.CompletableFuture$AsyncRun.run(CompletableFuture.java:1804) ~[?:?]
	at java.util.concurrent.CompletableFuture$AsyncRun.exec(CompletableFuture.java:1796) ~[?:?]
	at java.util.concurrent.ForkJoinTask.doExec(ForkJoinTask.java:373) ~[?:?]
	at java.util.concurrent.ForkJoinPool$WorkQueue.topLevelExec(ForkJoinPool.java:1182) ~[?:?]
	at java.util.concurrent.ForkJoinPool.scan(ForkJoinPool.java:1655) ~[?:?]
	at java.util.concurrent.ForkJoinPool.runWorker(ForkJoinPool.java:1622) ~[?:?]
	at java.util.concurrent.ForkJoinWorkerThread.run(ForkJoinWorkerThread.java:165) ~[?:?]
[01Aug2026 04:31:42.079] [Worker-Main-8/ERROR] [net.minecraftforge.common.ForgeHooks/]: Couldn't parse element loot_tables:medieval_nether:chests_house_two
com.google.gson.JsonSyntaxException: Expected name to be an item, was unknown string 'create_eternal_journey:relics_experience_nugget'
	at net.minecraft.util.GsonHelper.m_13866_(GsonHelper.java:145) ~[server-1.20.1-20230612.114412-srg.jar%23690!/:?]
	at java.util.Optional.orElseThrow(Optional.java:403) ~[?:?]
	at net.minecraft.util.GsonHelper.m_13874_(GsonHelper.java:145) ~[server-1.20.1-20230612.114412-srg.jar%23690!/:?]
	at net.minecraft.util.GsonHelper.m_13909_(GsonHelper.java:153) ~[server-1.20.1-20230612.114412-srg.jar%23690!/:?]
	at net.minecraft.world.level.storage.loot.entries.LootItem$Serializer.m_7267_(LootItem.java:55) ~[server-1.20.1-20230612.114412-srg.jar%23690!/:?]
	at net.minecraft.world.level.storage.loot.entries.LootItem$Serializer.m_7267_(LootItem.java:40) ~[server-1.20.1-20230612.114412-srg.jar%23690!/:?]
	at net.minecraft.world.level.storage.loot.entries.LootPoolSingletonContainer$Serializer.m_5921_(LootPoolSingletonContainer.java:151) ~[server-1.20.1-20230612.114412-srg.jar%23690!/:?]
	at net.minecraft.world.level.storage.loot.entries.LootPoolSingletonContainer$Serializer.m_5921_(LootPoolSingletonContainer.java:129) ~[server-1.20.1-20230612.114412-srg.jar%23690!/:?]
	at net.minecraft.world.level.storage.loot.entries.LootPoolEntryContainer$Serializer.m_7561_(LootPoolEntryContainer.java:86) ~[server-1.20.1-20230612.114412-srg.jar%23690!/:?]
	at net.minecraft.world.level.storage.loot.entries.LootPoolEntryContainer$Serializer.m_7561_(LootPoolEntryContainer.java:74) ~[server-1.20.1-20230612.114412-srg.jar%23690!/:?]
	at net.minecraft.world.level.storage.loot.GsonAdapterFactory$JsonAdapter.deserialize(GsonAdapterFactory.java:102) ~[server-1.20.1-20230612.114412-srg.jar%23690!/:?]
	at com.google.gson.internal.bind.TreeTypeAdapter.read(TreeTypeAdapter.java:76) ~[gson-2.10.jar%2370!/:?]
	at com.google.gson.internal.bind.TypeAdapterRuntimeTypeWrapper.read(TypeAdapterRuntimeTypeWrapper.java:40) ~[gson-2.10.jar%2370!/:?]
	at com.google.gson.internal.bind.ArrayTypeAdapter.read(ArrayTypeAdapter.java:72) ~[gson-2.10.jar%2370!/:?]
	at com.google.gson.Gson.fromJson(Gson.java:1214) ~[gson-2.10.jar%2370!/:?]
	at com.google.gson.Gson.fromJson(Gson.java:1319) ~[gson-2.10.jar%2370!/:?]
	at com.google.gson.Gson.fromJson(Gson.java:1290) ~[gson-2.10.jar%2370!/:?]
	at com.google.gson.internal.bind.TreeTypeAdapter$GsonContextImpl.deserialize(TreeTypeAdapter.java:179) ~[gson-2.10.jar%2370!/:?]
	at net.minecraft.util.GsonHelper.m_13808_(GsonHelper.java:463) ~[server-1.20.1-20230612.114412-srg.jar%23690!/:?]
	at net.minecraft.util.GsonHelper.m_13836_(GsonHelper.java:471) ~[server-1.20.1-20230612.114412-srg.jar%23690!/:?]
	at net.minecraft.world.level.storage.loot.LootPool$Serializer.deserialize(LootPool.java:192) ~[server-1.20.1-20230612.114412-srg.jar%23690!/:?]
	at net.minecraft.world.level.storage.loot.LootPool$Serializer.deserialize(LootPool.java:189) ~[server-1.20.1-20230612.114412-srg.jar%23690!/:?]
	at com.google.gson.internal.bind.TreeTypeAdapter.read(TreeTypeAdapter.java:76) ~[gson-2.10.jar%2370!/:?]
	at com.google.gson.internal.bind.TypeAdapterRuntimeTypeWrapper.read(TypeAdapterRuntimeTypeWrapper.java:40) ~[gson-2.10.jar%2370!/:?]
	at com.google.gson.internal.bind.ArrayTypeAdapter.read(ArrayTypeAdapter.java:72) ~[gson-2.10.jar%2370!/:?]
	at com.google.gson.Gson.fromJson(Gson.java:1214) ~[gson-2.10.jar%2370!/:?]
	at com.google.gson.Gson.fromJson(Gson.java:1319) ~[gson-2.10.jar%2370!/:?]
	at com.google.gson.Gson.fromJson(Gson.java:1290) ~[gson-2.10.jar%2370!/:?]
	at com.google.gson.internal.bind.TreeTypeAdapter$GsonContextImpl.deserialize(TreeTypeAdapter.java:179) ~[gson-2.10.jar%2370!/:?]
	at net.minecraft.util.GsonHelper.m_13808_(GsonHelper.java:463) ~[server-1.20.1-20230612.114412-srg.jar%23690!/:?]
	at net.minecraft.util.GsonHelper.m_13845_(GsonHelper.java:481) ~[server-1.20.1-20230612.114412-srg.jar%23690!/:?]
	at net.minecraft.world.level.storage.loot.LootTable$Serializer.deserialize(LootTable.java:294) ~[server-1.20.1-20230612.114412-srg.jar%23690!/:?]
	at net.minecraft.world.level.storage.loot.LootTable$Serializer.deserialize(LootTable.java:291) ~[server-1.20.1-20230612.114412-srg.jar%23690!/:?]
	at com.google.gson.internal.bind.TreeTypeAdapter.read(TreeTypeAdapter.java:76) ~[gson-2.10.jar%2370!/:?]
	at com.google.gson.Gson.fromJson(Gson.java:1214) ~[gson-2.10.jar%2370!/:?]
	at com.google.gson.Gson.fromJson(Gson.java:1319) ~[gson-2.10.jar%2370!/:?]
	at com.google.gson.Gson.fromJson(Gson.java:1261) ~[gson-2.10.jar%2370!/:?]
	at net.minecraftforge.common.ForgeHooks.loadLootTable(ForgeHooks.java:872) ~[forge-1.20.1-47.4.22-universal.jar%23695!/:?]
	at net.minecraftforge.common.ForgeHooks.lambda$getLootTableDeserializer$3(ForgeHooks.java:849) ~[forge-1.20.1-47.4.22-universal.jar%23695!/:?]
	at net.minecraft.world.level.storage.loot.LootDataType.deserialize(LootDataType.java:45) ~[server-1.20.1-20230612.114412-srg.jar%23690!/:?]
	at net.minecraft.world.level.storage.loot.LootDataManager.lambda$scheduleElementParse$4(LootDataManager.java:56) ~[server-1.20.1-20230612.114412-srg.jar%23690!/:?]
	at java.util.HashMap.forEach(HashMap.java:1421) ~[?:?]
	at net.minecraft.world.level.storage.loot.LootDataManager.m_278660_(LootDataManager.java:55) ~[server-1.20.1-20230612.114412-srg.jar%23690!/:?]
	at java.util.concurrent.CompletableFuture$AsyncRun.run(CompletableFuture.java:1804) ~[?:?]
	at java.util.concurrent.CompletableFuture$AsyncRun.exec(CompletableFuture.java:1796) ~[?:?]
	at java.util.concurrent.ForkJoinTask.doExec(ForkJoinTask.java:373) ~[?:?]
	at java.util.concurrent.ForkJoinPool$WorkQueue.topLevelExec(ForkJoinPool.java:1182) ~[?:?]
	at java.util.concurrent.ForkJoinPool.scan(ForkJoinPool.java:1655) ~[?:?]
	at java.util.concurrent.ForkJoinPool.runWorker(ForkJoinPool.java:1622) ~[?:?]
	at java.util.concurrent.ForkJoinWorkerThread.run(ForkJoinWorkerThread.java:165) ~[?:?]
[01Aug2026 04:31:42.093] [Worker-Main-8/ERROR] [net.minecraftforge.common.ForgeHooks/]: Couldn't parse element loot_tables:create_easy_structures:chests/epic_chest
com.google.gson.JsonSyntaxException: Unknown enchantment 'minecraft:mending'
	at net.minecraft.world.level.storage.loot.functions.EnchantRandomlyFunction$Serializer.m_80465_(EnchantRandomlyFunction.java:137) ~[server-1.20.1-20230612.114412-srg.jar%23690!/:?]
	at java.util.Optional.orElseThrow(Optional.java:403) ~[?:?]
	at net.minecraft.world.level.storage.loot.functions.EnchantRandomlyFunction$Serializer.m_6821_(EnchantRandomlyFunction.java:137) ~[server-1.20.1-20230612.114412-srg.jar%23690!/:?]
	at net.minecraft.world.level.storage.loot.functions.EnchantRandomlyFunction$Serializer.m_6821_(EnchantRandomlyFunction.java:111) ~[server-1.20.1-20230612.114412-srg.jar%23690!/:?]
	at net.minecraft.world.level.storage.loot.functions.LootItemConditionalFunction$Serializer.m_7561_(LootItemConditionalFunction.java:99) ~[server-1.20.1-20230612.114412-srg.jar%23690!/:?]
	at net.minecraft.world.level.storage.loot.functions.LootItemConditionalFunction$Serializer.m_7561_(LootItemConditionalFunction.java:88) ~[server-1.20.1-20230612.114412-srg.jar%23690!/:?]
	at net.minecraft.world.level.storage.loot.GsonAdapterFactory$JsonAdapter.deserialize(GsonAdapterFactory.java:102) ~[server-1.20.1-20230612.114412-srg.jar%23690!/:?]
	at com.google.gson.internal.bind.TreeTypeAdapter.read(TreeTypeAdapter.java:76) ~[gson-2.10.jar%2370!/:?]
	at com.google.gson.internal.bind.TypeAdapterRuntimeTypeWrapper.read(TypeAdapterRuntimeTypeWrapper.java:40) ~[gson-2.10.jar%2370!/:?]
	at com.google.gson.internal.bind.ArrayTypeAdapter.read(ArrayTypeAdapter.java:72) ~[gson-2.10.jar%2370!/:?]
	at com.google.gson.Gson.fromJson(Gson.java:1214) ~[gson-2.10.jar%2370!/:?]
	at com.google.gson.Gson.fromJson(Gson.java:1319) ~[gson-2.10.jar%2370!/:?]
	at com.google.gson.Gson.fromJson(Gson.java:1290) ~[gson-2.10.jar%2370!/:?]
	at com.google.gson.internal.bind.TreeTypeAdapter$GsonContextImpl.deserialize(TreeTypeAdapter.java:179) ~[gson-2.10.jar%2370!/:?]
	at net.minecraft.util.GsonHelper.m_13808_(GsonHelper.java:463) ~[server-1.20.1-20230612.114412-srg.jar%23690!/:?]
	at net.minecraft.util.GsonHelper.m_13845_(GsonHelper.java:481) ~[server-1.20.1-20230612.114412-srg.jar%23690!/:?]
	at net.minecraft.world.level.storage.loot.entries.LootPoolSingletonContainer$Serializer.m_5921_(LootPoolSingletonContainer.java:149) ~[server-1.20.1-20230612.114412-srg.jar%23690!/:?]
	at net.minecraft.world.level.storage.loot.entries.LootPoolSingletonContainer$Serializer.m_5921_(LootPoolSingletonContainer.java:129) ~[server-1.20.1-20230612.114412-srg.jar%23690!/:?]
	at net.minecraft.world.level.storage.loot.entries.LootPoolEntryContainer$Serializer.m_7561_(LootPoolEntryContainer.java:86) ~[server-1.20.1-20230612.114412-srg.jar%23690!/:?]
	at net.minecraft.world.level.storage.loot.entries.LootPoolEntryContainer$Serializer.m_7561_(LootPoolEntryContainer.java:74) ~[server-1.20.1-20230612.114412-srg.jar%23690!/:?]
	at net.minecraft.world.level.storage.loot.GsonAdapterFactory$JsonAdapter.deserialize(GsonAdapterFactory.java:102) ~[server-1.20.1-20230612.114412-srg.jar%23690!/:?]
	at com.google.gson.internal.bind.TreeTypeAdapter.read(TreeTypeAdapter.java:76) ~[gson-2.10.jar%2370!/:?]
	at com.google.gson.internal.bind.TypeAdapterRuntimeTypeWrapper.read(TypeAdapterRuntimeTypeWrapper.java:40) ~[gson-2.10.jar%2370!/:?]
	at com.google.gson.internal.bind.ArrayTypeAdapter.read(ArrayTypeAdapter.java:72) ~[gson-2.10.jar%2370!/:?]
	at com.google.gson.Gson.fromJson(Gson.java:1214) ~[gson-2.10.jar%2370!/:?]
	at com.google.gson.Gson.fromJson(Gson.java:1319) ~[gson-2.10.jar%2370!/:?]
	at com.google.gson.Gson.fromJson(Gson.java:1290) ~[gson-2.10.jar%2370!/:?]
	at com.google.gson.internal.bind.TreeTypeAdapter$GsonContextImpl.deserialize(TreeTypeAdapter.java:179) ~[gson-2.10.jar%2370!/:?]
	at net.minecraft.util.GsonHelper.m_13808_(GsonHelper.java:463) ~[server-1.20.1-20230612.114412-srg.jar%23690!/:?]
	at net.minecraft.util.GsonHelper.m_13836_(GsonHelper.java:471) ~[server-1.20.1-20230612.114412-srg.jar%23690!/:?]
	at net.minecraft.world.level.storage.loot.LootPool$Serializer.deserialize(LootPool.java:192) ~[server-1.20.1-20230612.114412-srg.jar%23690!/:?]
	at net.minecraft.world.level.storage.loot.LootPool$Serializer.deserialize(LootPool.java:189) ~[server-1.20.1-20230612.114412-srg.jar%23690!/:?]
	at com.google.gson.internal.bind.TreeTypeAdapter.read(TreeTypeAdapter.java:76) ~[gson-2.10.jar%2370!/:?]
	at com.google.gson.internal.bind.TypeAdapterRuntimeTypeWrapper.read(TypeAdapterRuntimeTypeWrapper.java:40) ~[gson-2.10.jar%2370!/:?]
	at com.google.gson.internal.bind.ArrayTypeAdapter.read(ArrayTypeAdapter.java:72) ~[gson-2.10.jar%2370!/:?]
	at com.google.gson.Gson.fromJson(Gson.java:1214) ~[gson-2.10.jar%2370!/:?]
	at com.google.gson.Gson.fromJson(Gson.java:1319) ~[gson-2.10.jar%2370!/:?]
	at com.google.gson.Gson.fromJson(Gson.java:1290) ~[gson-2.10.jar%2370!/:?]
	at com.google.gson.internal.bind.TreeTypeAdapter$GsonContextImpl.deserialize(TreeTypeAdapter.java:179) ~[gson-2.10.jar%2370!/:?]
	at net.minecraft.util.GsonHelper.m_13808_(GsonHelper.java:463) ~[server-1.20.1-20230612.114412-srg.jar%23690!/:?]
	at net.minecraft.util.GsonHelper.m_13845_(GsonHelper.java:481) ~[server-1.20.1-20230612.114412-srg.jar%23690!/:?]
	at net.minecraft.world.level.storage.loot.LootTable$Serializer.deserialize(LootTable.java:294) ~[server-1.20.1-20230612.114412-srg.jar%23690!/:?]
	at net.minecraft.world.level.storage.loot.LootTable$Serializer.deserialize(LootTable.java:291) ~[server-1.20.1-20230612.114412-srg.jar%23690!/:?]
	at com.google.gson.internal.bind.TreeTypeAdapter.read(TreeTypeAdapter.java:76) ~[gson-2.10.jar%2370!/:?]
	at com.google.gson.Gson.fromJson(Gson.java:1214) ~[gson-2.10.jar%2370!/:?]
	at com.google.gson.Gson.fromJson(Gson.java:1319) ~[gson-2.10.jar%2370!/:?]
	at com.google.gson.Gson.fromJson(Gson.java:1261) ~[gson-2.10.jar%2370!/:?]
	at net.minecraftforge.common.ForgeHooks.loadLootTable(ForgeHooks.java:872) ~[forge-1.20.1-47.4.22-universal.jar%23695!/:?]
	at net.minecraftforge.common.ForgeHooks.lambda$getLootTableDeserializer$3(ForgeHooks.java:849) ~[forge-1.20.1-47.4.22-universal.jar%23695!/:?]
	at net.minecraft.world.level.storage.loot.LootDataType.deserialize(LootDataType.java:45) ~[server-1.20.1-20230612.114412-srg.jar%23690!/:?]
	at net.minecraft.world.level.storage.loot.LootDataManager.lambda$scheduleElementParse$4(LootDataManager.java:56) ~[server-1.20.1-20230612.114412-srg.jar%23690!/:?]
	at java.util.HashMap.forEach(HashMap.java:1421) ~[?:?]
	at net.minecraft.world.level.storage.loot.LootDataManager.m_278660_(LootDataManager.java:55) ~[server-1.20.1-20230612.114412-srg.jar%23690!/:?]
	at java.util.concurrent.CompletableFuture$AsyncRun.run(CompletableFuture.java:1804) ~[?:?]
	at java.util.concurrent.CompletableFuture$AsyncRun.exec(CompletableFuture.java:1796) ~[?:?]
	at java.util.concurrent.ForkJoinTask.doExec(ForkJoinTask.java:373) ~[?:?]
	at java.util.concurrent.ForkJoinPool$WorkQueue.topLevelExec(ForkJoinPool.java:1182) ~[?:?]
	at java.util.concurrent.ForkJoinPool.scan(ForkJoinPool.java:1655) ~[?:?]
	at java.util.concurrent.ForkJoinPool.runWorker(ForkJoinPool.java:1622) ~[?:?]
	at java.util.concurrent.ForkJoinWorkerThread.run(ForkJoinWorkerThread.java:165) ~[?:?]
[01Aug2026 04:31:42.101] [Worker-Main-8/ERROR] [net.minecraftforge.common.ForgeHooks/]: Couldn't parse element loot_tables:farmersrespite:blocks/kettle
com.google.gson.JsonSyntaxException: Unknown type 'farmersrespite:copy_meal'
	at net.minecraft.world.level.storage.loot.GsonAdapterFactory$JsonAdapter.deserialize(GsonAdapterFactory.java:99) ~[server-1.20.1-20230612.114412-srg.jar%23690!/:?]
	at com.google.gson.internal.bind.TreeTypeAdapter.read(TreeTypeAdapter.java:76) ~[gson-2.10.jar%2370!/:?]
	at com.google.gson.internal.bind.TypeAdapterRuntimeTypeWrapper.read(TypeAdapterRuntimeTypeWrapper.java:40) ~[gson-2.10.jar%2370!/:?]
	at com.google.gson.internal.bind.ArrayTypeAdapter.read(ArrayTypeAdapter.java:72) ~[gson-2.10.jar%2370!/:?]
	at com.google.gson.Gson.fromJson(Gson.java:1214) ~[gson-2.10.jar%2370!/:?]
	at com.google.gson.Gson.fromJson(Gson.java:1319) ~[gson-2.10.jar%2370!/:?]
	at com.google.gson.Gson.fromJson(Gson.java:1290) ~[gson-2.10.jar%2370!/:?]
	at com.google.gson.internal.bind.TreeTypeAdapter$GsonContextImpl.deserialize(TreeTypeAdapter.java:179) ~[gson-2.10.jar%2370!/:?]
	at net.minecraft.util.GsonHelper.m_13808_(GsonHelper.java:463) ~[server-1.20.1-20230612.114412-srg.jar%23690!/:?]
	at net.minecraft.util.GsonHelper.m_13845_(GsonHelper.java:481) ~[server-1.20.1-20230612.114412-srg.jar%23690!/:?]
	at net.minecraft.world.level.storage.loot.entries.LootPoolSingletonContainer$Serializer.m_5921_(LootPoolSingletonContainer.java:149) ~[server-1.20.1-20230612.114412-srg.jar%23690!/:?]
	at net.minecraft.world.level.storage.loot.entries.LootPoolSingletonContainer$Serializer.m_5921_(LootPoolSingletonContainer.java:129) ~[server-1.20.1-20230612.114412-srg.jar%23690!/:?]
	at net.minecraft.world.level.storage.loot.entries.LootPoolEntryContainer$Serializer.m_7561_(LootPoolEntryContainer.java:86) ~[server-1.20.1-20230612.114412-srg.jar%23690!/:?]
	at net.minecraft.world.level.storage.loot.entries.LootPoolEntryContainer$Serializer.m_7561_(LootPoolEntryContainer.java:74) ~[server-1.20.1-20230612.114412-srg.jar%23690!/:?]
	at net.minecraft.world.level.storage.loot.GsonAdapterFactory$JsonAdapter.deserialize(GsonAdapterFactory.java:102) ~[server-1.20.1-20230612.114412-srg.jar%23690!/:?]
	at com.google.gson.internal.bind.TreeTypeAdapter.read(TreeTypeAdapter.java:76) ~[gson-2.10.jar%2370!/:?]
	at com.google.gson.internal.bind.TypeAdapterRuntimeTypeWrapper.read(TypeAdapterRuntimeTypeWrapper.java:40) ~[gson-2.10.jar%2370!/:?]
	at com.google.gson.internal.bind.ArrayTypeAdapter.read(ArrayTypeAdapter.java:72) ~[gson-2.10.jar%2370!/:?]
	at com.google.gson.Gson.fromJson(Gson.java:1214) ~[gson-2.10.jar%2370!/:?]
	at com.google.gson.Gson.fromJson(Gson.java:1319) ~[gson-2.10.jar%2370!/:?]
	at com.google.gson.Gson.fromJson(Gson.java:1290) ~[gson-2.10.jar%2370!/:?]
	at com.google.gson.internal.bind.TreeTypeAdapter$GsonContextImpl.deserialize(TreeTypeAdapter.java:179) ~[gson-2.10.jar%2370!/:?]
	at net.minecraft.util.GsonHelper.m_13808_(GsonHelper.java:463) ~[server-1.20.1-20230612.114412-srg.jar%23690!/:?]
	at net.minecraft.util.GsonHelper.m_13836_(GsonHelper.java:471) ~[server-1.20.1-20230612.114412-srg.jar%23690!/:?]
	at net.minecraft.world.level.storage.loot.LootPool$Serializer.deserialize(LootPool.java:192) ~[server-1.20.1-20230612.114412-srg.jar%23690!/:?]
	at net.minecraft.world.level.storage.loot.LootPool$Serializer.deserialize(LootPool.java:189) ~[server-1.20.1-20230612.114412-srg.jar%23690!/:?]
	at com.google.gson.internal.bind.TreeTypeAdapter.read(TreeTypeAdapter.java:76) ~[gson-2.10.jar%2370!/:?]
	at com.google.gson.internal.bind.TypeAdapterRuntimeTypeWrapper.read(TypeAdapterRuntimeTypeWrapper.java:40) ~[gson-2.10.jar%2370!/:?]
	at com.google.gson.internal.bind.ArrayTypeAdapter.read(ArrayTypeAdapter.java:72) ~[gson-2.10.jar%2370!/:?]
	at com.google.gson.Gson.fromJson(Gson.java:1214) ~[gson-2.10.jar%2370!/:?]
	at com.google.gson.Gson.fromJson(Gson.java:1319) ~[gson-2.10.jar%2370!/:?]
	at com.google.gson.Gson.fromJson(Gson.java:1290) ~[gson-2.10.jar%2370!/:?]
	at com.google.gson.internal.bind.TreeTypeAdapter$GsonContextImpl.deserialize(TreeTypeAdapter.java:179) ~[gson-2.10.jar%2370!/:?]
	at net.minecraft.util.GsonHelper.m_13808_(GsonHelper.java:463) ~[server-1.20.1-20230612.114412-srg.jar%23690!/:?]
	at net.minecraft.util.GsonHelper.m_13845_(GsonHelper.java:481) ~[server-1.20.1-20230612.114412-srg.jar%23690!/:?]
	at net.minecraft.world.level.storage.loot.LootTable$Serializer.deserialize(LootTable.java:294) ~[server-1.20.1-20230612.114412-srg.jar%23690!/:?]
	at net.minecraft.world.level.storage.loot.LootTable$Serializer.deserialize(LootTable.java:291) ~[server-1.20.1-20230612.114412-srg.jar%23690!/:?]
	at com.google.gson.internal.bind.TreeTypeAdapter.read(TreeTypeAdapter.java:76) ~[gson-2.10.jar%2370!/:?]
	at com.google.gson.Gson.fromJson(Gson.java:1214) ~[gson-2.10.jar%2370!/:?]
	at com.google.gson.Gson.fromJson(Gson.java:1319) ~[gson-2.10.jar%2370!/:?]
	at com.google.gson.Gson.fromJson(Gson.java:1261) ~[gson-2.10.jar%2370!/:?]
	at net.minecraftforge.common.ForgeHooks.loadLootTable(ForgeHooks.java:872) ~[forge-1.20.1-47.4.22-universal.jar%23695!/:?]
	at net.minecraftforge.common.ForgeHooks.lambda$getLootTableDeserializer$3(ForgeHooks.java:849) ~[forge-1.20.1-47.4.22-universal.jar%23695!/:?]
	at net.minecraft.world.level.storage.loot.LootDataType.deserialize(LootDataType.java:45) ~[server-1.20.1-20230612.114412-srg.jar%23690!/:?]
	at net.minecraft.world.level.storage.loot.LootDataManager.lambda$scheduleElementParse$4(LootDataManager.java:56) ~[server-1.20.1-20230612.114412-srg.jar%23690!/:?]
	at java.util.HashMap.forEach(HashMap.java:1421) ~[?:?]
	at net.minecraft.world.level.storage.loot.LootDataManager.m_278660_(LootDataManager.java:55) ~[server-1.20.1-20230612.114412-srg.jar%23690!/:?]
	at java.util.concurrent.CompletableFuture$AsyncRun.run(CompletableFuture.java:1804) ~[?:?]
	at java.util.concurrent.CompletableFuture$AsyncRun.exec(CompletableFuture.java:1796) ~[?:?]
	at java.util.concurrent.ForkJoinTask.doExec(ForkJoinTask.java:373) ~[?:?]
	at java.util.concurrent.ForkJoinPool$WorkQueue.topLevelExec(ForkJoinPool.java:1182) ~[?:?]
	at java.util.concurrent.ForkJoinPool.scan(ForkJoinPool.java:1655) ~[?:?]
	at java.util.concurrent.ForkJoinPool.runWorker(ForkJoinPool.java:1622) ~[?:?]
	at java.util.concurrent.ForkJoinWorkerThread.run(ForkJoinWorkerThread.java:165) ~[?:?]
[01Aug2026 04:31:42.135] [Worker-Main-8/ERROR] [net.minecraftforge.common.ForgeHooks/]: Couldn't parse element loot_tables:idas:chests/dread_citadel/dread_citadel_library
com.google.gson.JsonSyntaxException: Expected name to be an item, was unknown string 'iceandfire:dread_shard'
	at net.minecraft.util.GsonHelper.m_13866_(GsonHelper.java:145) ~[server-1.20.1-20230612.114412-srg.jar%23690!/:?]
	at java.util.Optional.orElseThrow(Optional.java:403) ~[?:?]
	at net.minecraft.util.GsonHelper.m_13874_(GsonHelper.java:145) ~[server-1.20.1-20230612.114412-srg.jar%23690!/:?]
	at net.minecraft.util.GsonHelper.m_13909_(GsonHelper.java:153) ~[server-1.20.1-20230612.114412-srg.jar%23690!/:?]
	at net.minecraft.world.level.storage.loot.entries.LootItem$Serializer.m_7267_(LootItem.java:55) ~[server-1.20.1-20230612.114412-srg.jar%23690!/:?]
	at net.minecraft.world.level.storage.loot.entries.LootItem$Serializer.m_7267_(LootItem.java:40) ~[server-1.20.1-20230612.114412-srg.jar%23690!/:?]
	at net.minecraft.world.level.storage.loot.entries.LootPoolSingletonContainer$Serializer.m_5921_(LootPoolSingletonContainer.java:151) ~[server-1.20.1-20230612.114412-srg.jar%23690!/:?]
	at net.minecraft.world.level.storage.loot.entries.LootPoolSingletonContainer$Serializer.m_5921_(LootPoolSingletonContainer.java:129) ~[server-1.20.1-20230612.114412-srg.jar%23690!/:?]
	at net.minecraft.world.level.storage.loot.entries.LootPoolEntryContainer$Serializer.m_7561_(LootPoolEntryContainer.java:86) ~[server-1.20.1-20230612.114412-srg.jar%23690!/:?]
	at net.minecraft.world.level.storage.loot.entries.LootPoolEntryContainer$Serializer.m_7561_(LootPoolEntryContainer.java:74) ~[server-1.20.1-20230612.114412-srg.jar%23690!/:?]
	at net.minecraft.world.level.storage.loot.GsonAdapterFactory$JsonAdapter.deserialize(GsonAdapterFactory.java:102) ~[server-1.20.1-20230612.114412-srg.jar%23690!/:?]
	at com.google.gson.internal.bind.TreeTypeAdapter.read(TreeTypeAdapter.java:76) ~[gson-2.10.jar%2370!/:?]
	at com.google.gson.internal.bind.TypeAdapterRuntimeTypeWrapper.read(TypeAdapterRuntimeTypeWrapper.java:40) ~[gson-2.10.jar%2370!/:?]
	at com.google.gson.internal.bind.ArrayTypeAdapter.read(ArrayTypeAdapter.java:72) ~[gson-2.10.jar%2370!/:?]
	at com.google.gson.Gson.fromJson(Gson.java:1214) ~[gson-2.10.jar%2370!/:?]
	at com.google.gson.Gson.fromJson(Gson.java:1319) ~[gson-2.10.jar%2370!/:?]
	at com.google.gson.Gson.fromJson(Gson.java:1290) ~[gson-2.10.jar%2370!/:?]
	at com.google.gson.internal.bind.TreeTypeAdapter$GsonContextImpl.deserialize(TreeTypeAdapter.java:179) ~[gson-2.10.jar%2370!/:?]
	at net.minecraft.util.GsonHelper.m_13808_(GsonHelper.java:463) ~[server-1.20.1-20230612.114412-srg.jar%23690!/:?]
	at net.minecraft.util.GsonHelper.m_13836_(GsonHelper.java:471) ~[server-1.20.1-20230612.114412-srg.jar%23690!/:?]
	at net.minecraft.world.level.storage.loot.LootPool$Serializer.deserialize(LootPool.java:192) ~[server-1.20.1-20230612.114412-srg.jar%23690!/:?]
	at net.minecraft.world.level.storage.loot.LootPool$Serializer.deserialize(LootPool.java:189) ~[server-1.20.1-20230612.114412-srg.jar%23690!/:?]
	at com.google.gson.internal.bind.TreeTypeAdapter.read(TreeTypeAdapter.java:76) ~[gson-2.10.jar%2370!/:?]
	at com.google.gson.internal.bind.TypeAdapterRuntimeTypeWrapper.read(TypeAdapterRuntimeTypeWrapper.java:40) ~[gson-2.10.jar%2370!/:?]
	at com.google.gson.internal.bind.ArrayTypeAdapter.read(ArrayTypeAdapter.java:72) ~[gson-2.10.jar%2370!/:?]
	at com.google.gson.Gson.fromJson(Gson.java:1214) ~[gson-2.10.jar%2370!/:?]
	at com.google.gson.Gson.fromJson(Gson.java:1319) ~[gson-2.10.jar%2370!/:?]
	at com.google.gson.Gson.fromJson(Gson.java:1290) ~[gson-2.10.jar%2370!/:?]
	at com.google.gson.internal.bind.TreeTypeAdapter$GsonContextImpl.deserialize(TreeTypeAdapter.java:179) ~[gson-2.10.jar%2370!/:?]
	at net.minecraft.util.GsonHelper.m_13808_(GsonHelper.java:463) ~[server-1.20.1-20230612.114412-srg.jar%23690!/:?]
	at net.minecraft.util.GsonHelper.m_13845_(GsonHelper.java:481) ~[server-1.20.1-20230612.114412-srg.jar%23690!/:?]
	at net.minecraft.world.level.storage.loot.LootTable$Serializer.deserialize(LootTable.java:294) ~[server-1.20.1-20230612.114412-srg.jar%23690!/:?]
	at net.minecraft.world.level.storage.loot.LootTable$Serializer.deserialize(LootTable.java:291) ~[server-1.20.1-20230612.114412-srg.jar%23690!/:?]
	at com.google.gson.internal.bind.TreeTypeAdapter.read(TreeTypeAdapter.java:76) ~[gson-2.10.jar%2370!/:?]
	at com.google.gson.Gson.fromJson(Gson.java:1214) ~[gson-2.10.jar%2370!/:?]
	at com.google.gson.Gson.fromJson(Gson.java:1319) ~[gson-2.10.jar%2370!/:?]
	at com.google.gson.Gson.fromJson(Gson.java:1261) ~[gson-2.10.jar%2370!/:?]
	at net.minecraftforge.common.ForgeHooks.loadLootTable(ForgeHooks.java:872) ~[forge-1.20.1-47.4.22-universal.jar%23695!/:?]
	at net.minecraftforge.common.ForgeHooks.lambda$getLootTableDeserializer$3(ForgeHooks.java:849) ~[forge-1.20.1-47.4.22-universal.jar%23695!/:?]
	at net.minecraft.world.level.storage.loot.LootDataType.deserialize(LootDataType.java:45) ~[server-1.20.1-20230612.114412-srg.jar%23690!/:?]
	at net.minecraft.world.level.storage.loot.LootDataManager.lambda$scheduleElementParse$4(LootDataManager.java:56) ~[server-1.20.1-20230612.114412-srg.jar%23690!/:?]
	at java.util.HashMap.forEach(HashMap.java:1421) ~[?:?]
	at net.minecraft.world.level.storage.loot.LootDataManager.m_278660_(LootDataManager.java:55) ~[server-1.20.1-20230612.114412-srg.jar%23690!/:?]
	at java.util.concurrent.CompletableFuture$AsyncRun.run(CompletableFuture.java:1804) ~[?:?]
	at java.util.concurrent.CompletableFuture$AsyncRun.exec(CompletableFuture.java:1796) ~[?:?]
	at java.util.concurrent.ForkJoinTask.doExec(ForkJoinTask.java:373) ~[?:?]
	at java.util.concurrent.ForkJoinPool$WorkQueue.topLevelExec(ForkJoinPool.java:1182) ~[?:?]
	at java.util.concurrent.ForkJoinPool.scan(ForkJoinPool.java:1655) ~[?:?]
	at java.util.concurrent.ForkJoinPool.runWorker(ForkJoinPool.java:1622) ~[?:?]
	at java.util.concurrent.ForkJoinWorkerThread.run(ForkJoinWorkerThread.java:165) ~[?:?]
[01Aug2026 04:31:42.173] [Worker-Main-8/ERROR] [net.minecraftforge.common.ForgeHooks/]: Couldn't parse element loot_tables:pamhc2crops:blocks/windygarden
com.google.gson.JsonSyntaxException: Expected name to be an item, was unknown string 'pamhc2crops:amaranthitem'
	at net.minecraft.util.GsonHelper.m_13866_(GsonHelper.java:145) ~[server-1.20.1-20230612.114412-srg.jar%23690!/:?]
	at java.util.Optional.orElseThrow(Optional.java:403) ~[?:?]
	at net.minecraft.util.GsonHelper.m_13874_(GsonHelper.java:145) ~[server-1.20.1-20230612.114412-srg.jar%23690!/:?]
	at net.minecraft.util.GsonHelper.m_13909_(GsonHelper.java:153) ~[server-1.20.1-20230612.114412-srg.jar%23690!/:?]
	at net.minecraft.world.level.storage.loot.entries.LootItem$Serializer.m_7267_(LootItem.java:55) ~[server-1.20.1-20230612.114412-srg.jar%23690!/:?]
	at net.minecraft.world.level.storage.loot.entries.LootItem$Serializer.m_7267_(LootItem.java:40) ~[server-1.20.1-20230612.114412-srg.jar%23690!/:?]
	at net.minecraft.world.level.storage.loot.entries.LootPoolSingletonContainer$Serializer.m_5921_(LootPoolSingletonContainer.java:151) ~[server-1.20.1-20230612.114412-srg.jar%23690!/:?]
	at net.minecraft.world.level.storage.loot.entries.LootPoolSingletonContainer$Serializer.m_5921_(LootPoolSingletonContainer.java:129) ~[server-1.20.1-20230612.114412-srg.jar%23690!/:?]
	at net.minecraft.world.level.storage.loot.entries.LootPoolEntryContainer$Serializer.m_7561_(LootPoolEntryContainer.java:86) ~[server-1.20.1-20230612.114412-srg.jar%23690!/:?]
	at net.minecraft.world.level.storage.loot.entries.LootPoolEntryContainer$Serializer.m_7561_(LootPoolEntryContainer.java:74) ~[server-1.20.1-20230612.114412-srg.jar%23690!/:?]
	at net.minecraft.world.level.storage.loot.GsonAdapterFactory$JsonAdapter.deserialize(GsonAdapterFactory.java:102) ~[server-1.20.1-20230612.114412-srg.jar%23690!/:?]
	at com.google.gson.internal.bind.TreeTypeAdapter.read(TreeTypeAdapter.java:76) ~[gson-2.10.jar%2370!/:?]
	at com.google.gson.internal.bind.TypeAdapterRuntimeTypeWrapper.read(TypeAdapterRuntimeTypeWrapper.java:40) ~[gson-2.10.jar%2370!/:?]
	at com.google.gson.internal.bind.ArrayTypeAdapter.read(ArrayTypeAdapter.java:72) ~[gson-2.10.jar%2370!/:?]
	at com.google.gson.Gson.fromJson(Gson.java:1214) ~[gson-2.10.jar%2370!/:?]
	at com.google.gson.Gson.fromJson(Gson.java:1319) ~[gson-2.10.jar%2370!/:?]
	at com.google.gson.Gson.fromJson(Gson.java:1290) ~[gson-2.10.jar%2370!/:?]
	at com.google.gson.internal.bind.TreeTypeAdapter$GsonContextImpl.deserialize(TreeTypeAdapter.java:179) ~[gson-2.10.jar%2370!/:?]
	at net.minecraft.util.GsonHelper.m_13808_(GsonHelper.java:463) ~[server-1.20.1-20230612.114412-srg.jar%23690!/:?]
	at net.minecraft.util.GsonHelper.m_13836_(GsonHelper.java:471) ~[server-1.20.1-20230612.114412-srg.jar%23690!/:?]
	at net.minecraft.world.level.storage.loot.LootPool$Serializer.deserialize(LootPool.java:192) ~[server-1.20.1-20230612.114412-srg.jar%23690!/:?]
	at net.minecraft.world.level.storage.loot.LootPool$Serializer.deserialize(LootPool.java:189) ~[server-1.20.1-20230612.114412-srg.jar%23690!/:?]
	at com.google.gson.internal.bind.TreeTypeAdapter.read(TreeTypeAdapter.java:76) ~[gson-2.10.jar%2370!/:?]
	at com.google.gson.internal.bind.TypeAdapterRuntimeTypeWrapper.read(TypeAdapterRuntimeTypeWrapper.java:40) ~[gson-2.10.jar%2370!/:?]
	at com.google.gson.internal.bind.ArrayTypeAdapter.read(ArrayTypeAdapter.java:72) ~[gson-2.10.jar%2370!/:?]
	at com.google.gson.Gson.fromJson(Gson.java:1214) ~[gson-2.10.jar%2370!/:?]
	at com.google.gson.Gson.fromJson(Gson.java:1319) ~[gson-2.10.jar%2370!/:?]
	at com.google.gson.Gson.fromJson(Gson.java:1290) ~[gson-2.10.jar%2370!/:?]
	at com.google.gson.internal.bind.TreeTypeAdapter$GsonContextImpl.deserialize(TreeTypeAdapter.java:179) ~[gson-2.10.jar%2370!/:?]
	at net.minecraft.util.GsonHelper.m_13808_(GsonHelper.java:463) ~[server-1.20.1-20230612.114412-srg.jar%23690!/:?]
	at net.minecraft.util.GsonHelper.m_13845_(GsonHelper.java:481) ~[server-1.20.1-20230612.114412-srg.jar%23690!/:?]
	at net.minecraft.world.level.storage.loot.LootTable$Serializer.deserialize(LootTable.java:294) ~[server-1.20.1-20230612.114412-srg.jar%23690!/:?]
	at net.minecraft.world.level.storage.loot.LootTable$Serializer.deserialize(LootTable.java:291) ~[server-1.20.1-20230612.114412-srg.jar%23690!/:?]
	at com.google.gson.internal.bind.TreeTypeAdapter.read(TreeTypeAdapter.java:76) ~[gson-2.10.jar%2370!/:?]
	at com.google.gson.Gson.fromJson(Gson.java:1214) ~[gson-2.10.jar%2370!/:?]
	at com.google.gson.Gson.fromJson(Gson.java:1319) ~[gson-2.10.jar%2370!/:?]
	at com.google.gson.Gson.fromJson(Gson.java:1261) ~[gson-2.10.jar%2370!/:?]
	at net.minecraftforge.common.ForgeHooks.loadLootTable(ForgeHooks.java:872) ~[forge-1.20.1-47.4.22-universal.jar%23695!/:?]
	at net.minecraftforge.common.ForgeHooks.lambda$getLootTableDeserializer$3(ForgeHooks.java:849) ~[forge-1.20.1-47.4.22-universal.jar%23695!/:?]
	at net.minecraft.world.level.storage.loot.LootDataType.deserialize(LootDataType.java:45) ~[server-1.20.1-20230612.114412-srg.jar%23690!/:?]
	at net.minecraft.world.level.storage.loot.LootDataManager.lambda$scheduleElementParse$4(LootDataManager.java:56) ~[server-1.20.1-20230612.114412-srg.jar%23690!/:?]
	at java.util.HashMap.forEach(HashMap.java:1421) ~[?:?]
	at net.minecraft.world.level.storage.loot.LootDataManager.m_278660_(LootDataManager.java:55) ~[server-1.20.1-20230612.114412-srg.jar%23690!/:?]
	at java.util.concurrent.CompletableFuture$AsyncRun.run(CompletableFuture.java:1804) ~[?:?]
	at java.util.concurrent.CompletableFuture$AsyncRun.exec(CompletableFuture.java:1796) ~[?:?]
	at java.util.concurrent.ForkJoinTask.doExec(ForkJoinTask.java:373) ~[?:?]
	at java.util.concurrent.ForkJoinPool$WorkQueue.topLevelExec(ForkJoinPool.java:1182) ~[?:?]
	at java.util.concurrent.ForkJoinPool.scan(ForkJoinPool.java:1655) ~[?:?]
	at java.util.concurrent.ForkJoinPool.runWorker(ForkJoinPool.java:1622) ~[?:?]
	at java.util.concurrent.ForkJoinWorkerThread.run(ForkJoinWorkerThread.java:165) ~[?:?]
[01Aug2026 04:31:42.195] [Worker-Main-8/ERROR] [net.minecraftforge.common.ForgeHooks/]: Couldn't parse element loot_tables:create_ltab:evoker_trigger
com.google.gson.JsonSyntaxException: Unknown enchantment 'minecraft:mending'
	at net.minecraft.world.level.storage.loot.functions.EnchantRandomlyFunction$Serializer.m_80465_(EnchantRandomlyFunction.java:137) ~[server-1.20.1-20230612.114412-srg.jar%23690!/:?]
	at java.util.Optional.orElseThrow(Optional.java:403) ~[?:?]
	at net.minecraft.world.level.storage.loot.functions.EnchantRandomlyFunction$Serializer.m_6821_(EnchantRandomlyFunction.java:137) ~[server-1.20.1-20230612.114412-srg.jar%23690!/:?]
	at net.minecraft.world.level.storage.loot.functions.EnchantRandomlyFunction$Serializer.m_6821_(EnchantRandomlyFunction.java:111) ~[server-1.20.1-20230612.114412-srg.jar%23690!/:?]
	at net.minecraft.world.level.storage.loot.functions.LootItemConditionalFunction$Serializer.m_7561_(LootItemConditionalFunction.java:99) ~[server-1.20.1-20230612.114412-srg.jar%23690!/:?]
	at net.minecraft.world.level.storage.loot.functions.LootItemConditionalFunction$Serializer.m_7561_(LootItemConditionalFunction.java:88) ~[server-1.20.1-20230612.114412-srg.jar%23690!/:?]
	at net.minecraft.world.level.storage.loot.GsonAdapterFactory$JsonAdapter.deserialize(GsonAdapterFactory.java:102) ~[server-1.20.1-20230612.114412-srg.jar%23690!/:?]
	at com.google.gson.internal.bind.TreeTypeAdapter.read(TreeTypeAdapter.java:76) ~[gson-2.10.jar%2370!/:?]
	at com.google.gson.internal.bind.TypeAdapterRuntimeTypeWrapper.read(TypeAdapterRuntimeTypeWrapper.java:40) ~[gson-2.10.jar%2370!/:?]
	at com.google.gson.internal.bind.ArrayTypeAdapter.read(ArrayTypeAdapter.java:72) ~[gson-2.10.jar%2370!/:?]
	at com.google.gson.Gson.fromJson(Gson.java:1214) ~[gson-2.10.jar%2370!/:?]
	at com.google.gson.Gson.fromJson(Gson.java:1319) ~[gson-2.10.jar%2370!/:?]
	at com.google.gson.Gson.fromJson(Gson.java:1290) ~[gson-2.10.jar%2370!/:?]
	at com.google.gson.internal.bind.TreeTypeAdapter$GsonContextImpl.deserialize(TreeTypeAdapter.java:179) ~[gson-2.10.jar%2370!/:?]
	at net.minecraft.util.GsonHelper.m_13808_(GsonHelper.java:463) ~[server-1.20.1-20230612.114412-srg.jar%23690!/:?]
	at net.minecraft.util.GsonHelper.m_13845_(GsonHelper.java:481) ~[server-1.20.1-20230612.114412-srg.jar%23690!/:?]
	at net.minecraft.world.level.storage.loot.entries.LootPoolSingletonContainer$Serializer.m_5921_(LootPoolSingletonContainer.java:149) ~[server-1.20.1-20230612.114412-srg.jar%23690!/:?]
	at net.minecraft.world.level.storage.loot.entries.LootPoolSingletonContainer$Serializer.m_5921_(LootPoolSingletonContainer.java:129) ~[server-1.20.1-20230612.114412-srg.jar%23690!/:?]
	at net.minecraft.world.level.storage.loot.entries.LootPoolEntryContainer$Serializer.m_7561_(LootPoolEntryContainer.java:86) ~[server-1.20.1-20230612.114412-srg.jar%23690!/:?]
	at net.minecraft.world.level.storage.loot.entries.LootPoolEntryContainer$Serializer.m_7561_(LootPoolEntryContainer.java:74) ~[server-1.20.1-20230612.114412-srg.jar%23690!/:?]
	at net.minecraft.world.level.storage.loot.GsonAdapterFactory$JsonAdapter.deserialize(GsonAdapterFactory.java:102) ~[server-1.20.1-20230612.114412-srg.jar%23690!/:?]
	at com.google.gson.internal.bind.TreeTypeAdapter.read(TreeTypeAdapter.java:76) ~[gson-2.10.jar%2370!/:?]
	at com.google.gson.internal.bind.TypeAdapterRuntimeTypeWrapper.read(TypeAdapterRuntimeTypeWrapper.java:40) ~[gson-2.10.jar%2370!/:?]
	at com.google.gson.internal.bind.ArrayTypeAdapter.read(ArrayTypeAdapter.java:72) ~[gson-2.10.jar%2370!/:?]
	at com.google.gson.Gson.fromJson(Gson.java:1214) ~[gson-2.10.jar%2370!/:?]
	at com.google.gson.Gson.fromJson(Gson.java:1319) ~[gson-2.10.jar%2370!/:?]
	at com.google.gson.Gson.fromJson(Gson.java:1290) ~[gson-2.10.jar%2370!/:?]
	at com.google.gson.internal.bind.TreeTypeAdapter$GsonContextImpl.deserialize(TreeTypeAdapter.java:179) ~[gson-2.10.jar%2370!/:?]
	at net.minecraft.util.GsonHelper.m_13808_(GsonHelper.java:463) ~[server-1.20.1-20230612.114412-srg.jar%23690!/:?]
	at net.minecraft.util.GsonHelper.m_13836_(GsonHelper.java:471) ~[server-1.20.1-20230612.114412-srg.jar%23690!/:?]
	at net.minecraft.world.level.storage.loot.LootPool$Serializer.deserialize(LootPool.java:192) ~[server-1.20.1-20230612.114412-srg.jar%23690!/:?]
	at net.minecraft.world.level.storage.loot.LootPool$Serializer.deserialize(LootPool.java:189) ~[server-1.20.1-20230612.114412-srg.jar%23690!/:?]
	at com.google.gson.internal.bind.TreeTypeAdapter.read(TreeTypeAdapter.java:76) ~[gson-2.10.jar%2370!/:?]
	at com.google.gson.internal.bind.TypeAdapterRuntimeTypeWrapper.read(TypeAdapterRuntimeTypeWrapper.java:40) ~[gson-2.10.jar%2370!/:?]
	at com.google.gson.internal.bind.ArrayTypeAdapter.read(ArrayTypeAdapter.java:72) ~[gson-2.10.jar%2370!/:?]
	at com.google.gson.Gson.fromJson(Gson.java:1214) ~[gson-2.10.jar%2370!/:?]
	at com.google.gson.Gson.fromJson(Gson.java:1319) ~[gson-2.10.jar%2370!/:?]
	at com.google.gson.Gson.fromJson(Gson.java:1290) ~[gson-2.10.jar%2370!/:?]
	at com.google.gson.internal.bind.TreeTypeAdapter$GsonContextImpl.deserialize(TreeTypeAdapter.java:179) ~[gson-2.10.jar%2370!/:?]
	at net.minecraft.util.GsonHelper.m_13808_(GsonHelper.java:463) ~[server-1.20.1-20230612.114412-srg.jar%23690!/:?]
	at net.minecraft.util.GsonHelper.m_13845_(GsonHelper.java:481) ~[server-1.20.1-20230612.114412-srg.jar%23690!/:?]
	at net.minecraft.world.level.storage.loot.LootTable$Serializer.deserialize(LootTable.java:294) ~[server-1.20.1-20230612.114412-srg.jar%23690!/:?]
	at net.minecraft.world.level.storage.loot.LootTable$Serializer.deserialize(LootTable.java:291) ~[server-1.20.1-20230612.114412-srg.jar%23690!/:?]
	at com.google.gson.internal.bind.TreeTypeAdapter.read(TreeTypeAdapter.java:76) ~[gson-2.10.jar%2370!/:?]
	at com.google.gson.Gson.fromJson(Gson.java:1214) ~[gson-2.10.jar%2370!/:?]
	at com.google.gson.Gson.fromJson(Gson.java:1319) ~[gson-2.10.jar%2370!/:?]
	at com.google.gson.Gson.fromJson(Gson.java:1261) ~[gson-2.10.jar%2370!/:?]
	at net.minecraftforge.common.ForgeHooks.loadLootTable(ForgeHooks.java:872) ~[forge-1.20.1-47.4.22-universal.jar%23695!/:?]
	at net.minecraftforge.common.ForgeHooks.lambda$getLootTableDeserializer$3(ForgeHooks.java:849) ~[forge-1.20.1-47.4.22-universal.jar%23695!/:?]
	at net.minecraft.world.level.storage.loot.LootDataType.deserialize(LootDataType.java:45) ~[server-1.20.1-20230612.114412-srg.jar%23690!/:?]
	at net.minecraft.world.level.storage.loot.LootDataManager.lambda$scheduleElementParse$4(LootDataManager.java:56) ~[server-1.20.1-20230612.114412-srg.jar%23690!/:?]
	at java.util.HashMap.forEach(HashMap.java:1421) ~[?:?]
	at net.minecraft.world.level.storage.loot.LootDataManager.m_278660_(LootDataManager.java:55) ~[server-1.20.1-20230612.114412-srg.jar%23690!/:?]
	at java.util.concurrent.CompletableFuture$AsyncRun.run(CompletableFuture.java:1804) ~[?:?]
	at java.util.concurrent.CompletableFuture$AsyncRun.exec(CompletableFuture.java:1796) ~[?:?]
	at java.util.concurrent.ForkJoinTask.doExec(ForkJoinTask.java:373) ~[?:?]
	at java.util.concurrent.ForkJoinPool$WorkQueue.topLevelExec(ForkJoinPool.java:1182) ~[?:?]
	at java.util.concurrent.ForkJoinPool.scan(ForkJoinPool.java:1655) ~[?:?]
	at java.util.concurrent.ForkJoinPool.runWorker(ForkJoinPool.java:1622) ~[?:?]
	at java.util.concurrent.ForkJoinWorkerThread.run(ForkJoinWorkerThread.java:165) ~[?:?]
[01Aug2026 04:31:42.246] [Worker-Main-8/ERROR] [net.minecraftforge.common.ForgeHooks/]: Couldn't parse element loot_tables:medieval_nether:chests_house_one
com.google.gson.JsonSyntaxException: Expected name to be an item, was unknown string 'create_eternal_journey:relics_experience_nugget'
	at net.minecraft.util.GsonHelper.m_13866_(GsonHelper.java:145) ~[server-1.20.1-20230612.114412-srg.jar%23690!/:?]
	at java.util.Optional.orElseThrow(Optional.java:403) ~[?:?]
	at net.minecraft.util.GsonHelper.m_13874_(GsonHelper.java:145) ~[server-1.20.1-20230612.114412-srg.jar%23690!/:?]
	at net.minecraft.util.GsonHelper.m_13909_(GsonHelper.java:153) ~[server-1.20.1-20230612.114412-srg.jar%23690!/:?]
	at net.minecraft.world.level.storage.loot.entries.LootItem$Serializer.m_7267_(LootItem.java:55) ~[server-1.20.1-20230612.114412-srg.jar%23690!/:?]
	at net.minecraft.world.level.storage.loot.entries.LootItem$Serializer.m_7267_(LootItem.java:40) ~[server-1.20.1-20230612.114412-srg.jar%23690!/:?]
	at net.minecraft.world.level.storage.loot.entries.LootPoolSingletonContainer$Serializer.m_5921_(LootPoolSingletonContainer.java:151) ~[server-1.20.1-20230612.114412-srg.jar%23690!/:?]
	at net.minecraft.world.level.storage.loot.entries.LootPoolSingletonContainer$Serializer.m_5921_(LootPoolSingletonContainer.java:129) ~[server-1.20.1-20230612.114412-srg.jar%23690!/:?]
	at net.minecraft.world.level.storage.loot.entries.LootPoolEntryContainer$Serializer.m_7561_(LootPoolEntryContainer.java:86) ~[server-1.20.1-20230612.114412-srg.jar%23690!/:?]
	at net.minecraft.world.level.storage.loot.entries.LootPoolEntryContainer$Serializer.m_7561_(LootPoolEntryContainer.java:74) ~[server-1.20.1-20230612.114412-srg.jar%23690!/:?]
	at net.minecraft.world.level.storage.loot.GsonAdapterFactory$JsonAdapter.deserialize(GsonAdapterFactory.java:102) ~[server-1.20.1-20230612.114412-srg.jar%23690!/:?]
	at com.google.gson.internal.bind.TreeTypeAdapter.read(TreeTypeAdapter.java:76) ~[gson-2.10.jar%2370!/:?]
	at com.google.gson.internal.bind.TypeAdapterRuntimeTypeWrapper.read(TypeAdapterRuntimeTypeWrapper.java:40) ~[gson-2.10.jar%2370!/:?]
	at com.google.gson.internal.bind.ArrayTypeAdapter.read(ArrayTypeAdapter.java:72) ~[gson-2.10.jar%2370!/:?]
	at com.google.gson.Gson.fromJson(Gson.java:1214) ~[gson-2.10.jar%2370!/:?]
	at com.google.gson.Gson.fromJson(Gson.java:1319) ~[gson-2.10.jar%2370!/:?]
	at com.google.gson.Gson.fromJson(Gson.java:1290) ~[gson-2.10.jar%2370!/:?]
	at com.google.gson.internal.bind.TreeTypeAdapter$GsonContextImpl.deserialize(TreeTypeAdapter.java:179) ~[gson-2.10.jar%2370!/:?]
	at net.minecraft.util.GsonHelper.m_13808_(GsonHelper.java:463) ~[server-1.20.1-20230612.114412-srg.jar%23690!/:?]
	at net.minecraft.util.GsonHelper.m_13836_(GsonHelper.java:471) ~[server-1.20.1-20230612.114412-srg.jar%23690!/:?]
	at net.minecraft.world.level.storage.loot.LootPool$Serializer.deserialize(LootPool.java:192) ~[server-1.20.1-20230612.114412-srg.jar%23690!/:?]
	at net.minecraft.world.level.storage.loot.LootPool$Serializer.deserialize(LootPool.java:189) ~[server-1.20.1-20230612.114412-srg.jar%23690!/:?]
	at com.google.gson.internal.bind.TreeTypeAdapter.read(TreeTypeAdapter.java:76) ~[gson-2.10.jar%2370!/:?]
	at com.google.gson.internal.bind.TypeAdapterRuntimeTypeWrapper.read(TypeAdapterRuntimeTypeWrapper.java:40) ~[gson-2.10.jar%2370!/:?]
	at com.google.gson.internal.bind.ArrayTypeAdapter.read(ArrayTypeAdapter.java:72) ~[gson-2.10.jar%2370!/:?]
	at com.google.gson.Gson.fromJson(Gson.java:1214) ~[gson-2.10.jar%2370!/:?]
	at com.google.gson.Gson.fromJson(Gson.java:1319) ~[gson-2.10.jar%2370!/:?]
	at com.google.gson.Gson.fromJson(Gson.java:1290) ~[gson-2.10.jar%2370!/:?]
	at com.google.gson.internal.bind.TreeTypeAdapter$GsonContextImpl.deserialize(TreeTypeAdapter.java:179) ~[gson-2.10.jar%2370!/:?]
	at net.minecraft.util.GsonHelper.m_13808_(GsonHelper.java:463) ~[server-1.20.1-20230612.114412-srg.jar%23690!/:?]
	at net.minecraft.util.GsonHelper.m_13845_(GsonHelper.java:481) ~[server-1.20.1-20230612.114412-srg.jar%23690!/:?]
	at net.minecraft.world.level.storage.loot.LootTable$Serializer.deserialize(LootTable.java:294) ~[server-1.20.1-20230612.114412-srg.jar%23690!/:?]
	at net.minecraft.world.level.storage.loot.LootTable$Serializer.deserialize(LootTable.java:291) ~[server-1.20.1-20230612.114412-srg.jar%23690!/:?]
	at com.google.gson.internal.bind.TreeTypeAdapter.read(TreeTypeAdapter.java:76) ~[gson-2.10.jar%2370!/:?]
	at com.google.gson.Gson.fromJson(Gson.java:1214) ~[gson-2.10.jar%2370!/:?]
	at com.google.gson.Gson.fromJson(Gson.java:1319) ~[gson-2.10.jar%2370!/:?]
	at com.google.gson.Gson.fromJson(Gson.java:1261) ~[gson-2.10.jar%2370!/:?]
	at net.minecraftforge.common.ForgeHooks.loadLootTable(ForgeHooks.java:872) ~[forge-1.20.1-47.4.22-universal.jar%23695!/:?]
	at net.minecraftforge.common.ForgeHooks.lambda$getLootTableDeserializer$3(ForgeHooks.java:849) ~[forge-1.20.1-47.4.22-universal.jar%23695!/:?]
	at net.minecraft.world.level.storage.loot.LootDataType.deserialize(LootDataType.java:45) ~[server-1.20.1-20230612.114412-srg.jar%23690!/:?]
	at net.minecraft.world.level.storage.loot.LootDataManager.lambda$scheduleElementParse$4(LootDataManager.java:56) ~[server-1.20.1-20230612.114412-srg.jar%23690!/:?]
	at java.util.HashMap.forEach(HashMap.java:1421) ~[?:?]
	at net.minecraft.world.level.storage.loot.LootDataManager.m_278660_(LootDataManager.java:55) ~[server-1.20.1-20230612.114412-srg.jar%23690!/:?]
	at java.util.concurrent.CompletableFuture$AsyncRun.run(CompletableFuture.java:1804) ~[?:?]
	at java.util.concurrent.CompletableFuture$AsyncRun.exec(CompletableFuture.java:1796) ~[?:?]
	at java.util.concurrent.ForkJoinTask.doExec(ForkJoinTask.java:373) ~[?:?]
	at java.util.concurrent.ForkJoinPool$WorkQueue.topLevelExec(ForkJoinPool.java:1182) ~[?:?]
	at java.util.concurrent.ForkJoinPool.scan(ForkJoinPool.java:1655) ~[?:?]
	at java.util.concurrent.ForkJoinPool.runWorker(ForkJoinPool.java:1622) ~[?:?]
	at java.util.concurrent.ForkJoinWorkerThread.run(ForkJoinWorkerThread.java:165) ~[?:?]
[01Aug2026 04:31:42.266] [Worker-Main-8/ERROR] [net.minecraftforge.common.ForgeHooks/]: Couldn't parse element loot_tables:idas:chests/enchantingtower/enchantingtower_top_ars
com.google.gson.JsonSyntaxException: Expected name to be an item, was unknown string 'ars_nouveau:scryer_scroll'
	at net.minecraft.util.GsonHelper.m_13866_(GsonHelper.java:145) ~[server-1.20.1-20230612.114412-srg.jar%23690!/:?]
	at java.util.Optional.orElseThrow(Optional.java:403) ~[?:?]
	at net.minecraft.util.GsonHelper.m_13874_(GsonHelper.java:145) ~[server-1.20.1-20230612.114412-srg.jar%23690!/:?]
	at net.minecraft.util.GsonHelper.m_13909_(GsonHelper.java:153) ~[server-1.20.1-20230612.114412-srg.jar%23690!/:?]
	at net.minecraft.world.level.storage.loot.entries.LootItem$Serializer.m_7267_(LootItem.java:55) ~[server-1.20.1-20230612.114412-srg.jar%23690!/:?]
	at net.minecraft.world.level.storage.loot.entries.LootItem$Serializer.m_7267_(LootItem.java:40) ~[server-1.20.1-20230612.114412-srg.jar%23690!/:?]
	at net.minecraft.world.level.storage.loot.entries.LootPoolSingletonContainer$Serializer.m_5921_(LootPoolSingletonContainer.java:151) ~[server-1.20.1-20230612.114412-srg.jar%23690!/:?]
	at net.minecraft.world.level.storage.loot.entries.LootPoolSingletonContainer$Serializer.m_5921_(LootPoolSingletonContainer.java:129) ~[server-1.20.1-20230612.114412-srg.jar%23690!/:?]
	at net.minecraft.world.level.storage.loot.entries.LootPoolEntryContainer$Serializer.m_7561_(LootPoolEntryContainer.java:86) ~[server-1.20.1-20230612.114412-srg.jar%23690!/:?]
	at net.minecraft.world.level.storage.loot.entries.LootPoolEntryContainer$Serializer.m_7561_(LootPoolEntryContainer.java:74) ~[server-1.20.1-20230612.114412-srg.jar%23690!/:?]
	at net.minecraft.world.level.storage.loot.GsonAdapterFactory$JsonAdapter.deserialize(GsonAdapterFactory.java:102) ~[server-1.20.1-20230612.114412-srg.jar%23690!/:?]
	at com.google.gson.internal.bind.TreeTypeAdapter.read(TreeTypeAdapter.java:76) ~[gson-2.10.jar%2370!/:?]
	at com.google.gson.internal.bind.TypeAdapterRuntimeTypeWrapper.read(TypeAdapterRuntimeTypeWrapper.java:40) ~[gson-2.10.jar%2370!/:?]
	at com.google.gson.internal.bind.ArrayTypeAdapter.read(ArrayTypeAdapter.java:72) ~[gson-2.10.jar%2370!/:?]
	at com.google.gson.Gson.fromJson(Gson.java:1214) ~[gson-2.10.jar%2370!/:?]
	at com.google.gson.Gson.fromJson(Gson.java:1319) ~[gson-2.10.jar%2370!/:?]
	at com.google.gson.Gson.fromJson(Gson.java:1290) ~[gson-2.10.jar%2370!/:?]
	at com.google.gson.internal.bind.TreeTypeAdapter$GsonContextImpl.deserialize(TreeTypeAdapter.java:179) ~[gson-2.10.jar%2370!/:?]
	at net.minecraft.util.GsonHelper.m_13808_(GsonHelper.java:463) ~[server-1.20.1-20230612.114412-srg.jar%23690!/:?]
	at net.minecraft.util.GsonHelper.m_13836_(GsonHelper.java:471) ~[server-1.20.1-20230612.114412-srg.jar%23690!/:?]
	at net.minecraft.world.level.storage.loot.LootPool$Serializer.deserialize(LootPool.java:192) ~[server-1.20.1-20230612.114412-srg.jar%23690!/:?]
	at net.minecraft.world.level.storage.loot.LootPool$Serializer.deserialize(LootPool.java:189) ~[server-1.20.1-20230612.114412-srg.jar%23690!/:?]
	at com.google.gson.internal.bind.TreeTypeAdapter.read(TreeTypeAdapter.java:76) ~[gson-2.10.jar%2370!/:?]
	at com.google.gson.internal.bind.TypeAdapterRuntimeTypeWrapper.read(TypeAdapterRuntimeTypeWrapper.java:40) ~[gson-2.10.jar%2370!/:?]
	at com.google.gson.internal.bind.ArrayTypeAdapter.read(ArrayTypeAdapter.java:72) ~[gson-2.10.jar%2370!/:?]
	at com.google.gson.Gson.fromJson(Gson.java:1214) ~[gson-2.10.jar%2370!/:?]
	at com.google.gson.Gson.fromJson(Gson.java:1319) ~[gson-2.10.jar%2370!/:?]
	at com.google.gson.Gson.fromJson(Gson.java:1290) ~[gson-2.10.jar%2370!/:?]
	at com.google.gson.internal.bind.TreeTypeAdapter$GsonContextImpl.deserialize(TreeTypeAdapter.java:179) ~[gson-2.10.jar%2370!/:?]
	at net.minecraft.util.GsonHelper.m_13808_(GsonHelper.java:463) ~[server-1.20.1-20230612.114412-srg.jar%23690!/:?]
	at net.minecraft.util.GsonHelper.m_13845_(GsonHelper.java:481) ~[server-1.20.1-20230612.114412-srg.jar%23690!/:?]
	at net.minecraft.world.level.storage.loot.LootTable$Serializer.deserialize(LootTable.java:294) ~[server-1.20.1-20230612.114412-srg.jar%23690!/:?]
	at net.minecraft.world.level.storage.loot.LootTable$Serializer.deserialize(LootTable.java:291) ~[server-1.20.1-20230612.114412-srg.jar%23690!/:?]
	at com.google.gson.internal.bind.TreeTypeAdapter.read(TreeTypeAdapter.java:76) ~[gson-2.10.jar%2370!/:?]
	at com.google.gson.Gson.fromJson(Gson.java:1214) ~[gson-2.10.jar%2370!/:?]
	at com.google.gson.Gson.fromJson(Gson.java:1319) ~[gson-2.10.jar%2370!/:?]
	at com.google.gson.Gson.fromJson(Gson.java:1261) ~[gson-2.10.jar%2370!/:?]
	at net.minecraftforge.common.ForgeHooks.loadLootTable(ForgeHooks.java:872) ~[forge-1.20.1-47.4.22-universal.jar%23695!/:?]
	at net.minecraftforge.common.ForgeHooks.lambda$getLootTableDeserializer$3(ForgeHooks.java:849) ~[forge-1.20.1-47.4.22-universal.jar%23695!/:?]
	at net.minecraft.world.level.storage.loot.LootDataType.deserialize(LootDataType.java:45) ~[server-1.20.1-20230612.114412-srg.jar%23690!/:?]
	at net.minecraft.world.level.storage.loot.LootDataManager.lambda$scheduleElementParse$4(LootDataManager.java:56) ~[server-1.20.1-20230612.114412-srg.jar%23690!/:?]
	at java.util.HashMap.forEach(HashMap.java:1421) ~[?:?]
	at net.minecraft.world.level.storage.loot.LootDataManager.m_278660_(LootDataManager.java:55) ~[server-1.20.1-20230612.114412-srg.jar%23690!/:?]
	at java.util.concurrent.CompletableFuture$AsyncRun.run(CompletableFuture.java:1804) ~[?:?]
	at java.util.concurrent.CompletableFuture$AsyncRun.exec(CompletableFuture.java:1796) ~[?:?]
	at java.util.concurrent.ForkJoinTask.doExec(ForkJoinTask.java:373) ~[?:?]
	at java.util.concurrent.ForkJoinPool$WorkQueue.topLevelExec(ForkJoinPool.java:1182) ~[?:?]
	at java.util.concurrent.ForkJoinPool.scan(ForkJoinPool.java:1655) ~[?:?]
	at java.util.concurrent.ForkJoinPool.runWorker(ForkJoinPool.java:1622) ~[?:?]
	at java.util.concurrent.ForkJoinWorkerThread.run(ForkJoinWorkerThread.java:165) ~[?:?]
[01Aug2026 04:31:42.279] [Worker-Main-8/ERROR] [net.minecraftforge.common.ForgeHooks/]: Couldn't parse element loot_tables:idas:chests/archmages_tower/archmages_tower
com.google.gson.JsonSyntaxException: Expected name to be an item, was unknown string 'ars_nouveau:magebloom_fiber'
	at net.minecraft.util.GsonHelper.m_13866_(GsonHelper.java:145) ~[server-1.20.1-20230612.114412-srg.jar%23690!/:?]
	at java.util.Optional.orElseThrow(Optional.java:403) ~[?:?]
	at net.minecraft.util.GsonHelper.m_13874_(GsonHelper.java:145) ~[server-1.20.1-20230612.114412-srg.jar%23690!/:?]
	at net.minecraft.util.GsonHelper.m_13909_(GsonHelper.java:153) ~[server-1.20.1-20230612.114412-srg.jar%23690!/:?]
	at net.minecraft.world.level.storage.loot.entries.LootItem$Serializer.m_7267_(LootItem.java:55) ~[server-1.20.1-20230612.114412-srg.jar%23690!/:?]
	at net.minecraft.world.level.storage.loot.entries.LootItem$Serializer.m_7267_(LootItem.java:40) ~[server-1.20.1-20230612.114412-srg.jar%23690!/:?]
	at net.minecraft.world.level.storage.loot.entries.LootPoolSingletonContainer$Serializer.m_5921_(LootPoolSingletonContainer.java:151) ~[server-1.20.1-20230612.114412-srg.jar%23690!/:?]
	at net.minecraft.world.level.storage.loot.entries.LootPoolSingletonContainer$Serializer.m_5921_(LootPoolSingletonContainer.java:129) ~[server-1.20.1-20230612.114412-srg.jar%23690!/:?]
	at net.minecraft.world.level.storage.loot.entries.LootPoolEntryContainer$Serializer.m_7561_(LootPoolEntryContainer.java:86) ~[server-1.20.1-20230612.114412-srg.jar%23690!/:?]
	at net.minecraft.world.level.storage.loot.entries.LootPoolEntryContainer$Serializer.m_7561_(LootPoolEntryContainer.java:74) ~[server-1.20.1-20230612.114412-srg.jar%23690!/:?]
	at net.minecraft.world.level.storage.loot.GsonAdapterFactory$JsonAdapter.deserialize(GsonAdapterFactory.java:102) ~[server-1.20.1-20230612.114412-srg.jar%23690!/:?]
	at com.google.gson.internal.bind.TreeTypeAdapter.read(TreeTypeAdapter.java:76) ~[gson-2.10.jar%2370!/:?]
	at com.google.gson.internal.bind.TypeAdapterRuntimeTypeWrapper.read(TypeAdapterRuntimeTypeWrapper.java:40) ~[gson-2.10.jar%2370!/:?]
	at com.google.gson.internal.bind.ArrayTypeAdapter.read(ArrayTypeAdapter.java:72) ~[gson-2.10.jar%2370!/:?]
	at com.google.gson.Gson.fromJson(Gson.java:1214) ~[gson-2.10.jar%2370!/:?]
	at com.google.gson.Gson.fromJson(Gson.java:1319) ~[gson-2.10.jar%2370!/:?]
	at com.google.gson.Gson.fromJson(Gson.java:1290) ~[gson-2.10.jar%2370!/:?]
	at com.google.gson.internal.bind.TreeTypeAdapter$GsonContextImpl.deserialize(TreeTypeAdapter.java:179) ~[gson-2.10.jar%2370!/:?]
	at net.minecraft.util.GsonHelper.m_13808_(GsonHelper.java:463) ~[server-1.20.1-20230612.114412-srg.jar%23690!/:?]
	at net.minecraft.util.GsonHelper.m_13836_(GsonHelper.java:471) ~[server-1.20.1-20230612.114412-srg.jar%23690!/:?]
	at net.minecraft.world.level.storage.loot.LootPool$Serializer.deserialize(LootPool.java:192) ~[server-1.20.1-20230612.114412-srg.jar%23690!/:?]
	at net.minecraft.world.level.storage.loot.LootPool$Serializer.deserialize(LootPool.java:189) ~[server-1.20.1-20230612.114412-srg.jar%23690!/:?]
	at com.google.gson.internal.bind.TreeTypeAdapter.read(TreeTypeAdapter.java:76) ~[gson-2.10.jar%2370!/:?]
	at com.google.gson.internal.bind.TypeAdapterRuntimeTypeWrapper.read(TypeAdapterRuntimeTypeWrapper.java:40) ~[gson-2.10.jar%2370!/:?]
	at com.google.gson.internal.bind.ArrayTypeAdapter.read(ArrayTypeAdapter.java:72) ~[gson-2.10.jar%2370!/:?]
	at com.google.gson.Gson.fromJson(Gson.java:1214) ~[gson-2.10.jar%2370!/:?]
	at com.google.gson.Gson.fromJson(Gson.java:1319) ~[gson-2.10.jar%2370!/:?]
	at com.google.gson.Gson.fromJson(Gson.java:1290) ~[gson-2.10.jar%2370!/:?]
	at com.google.gson.internal.bind.TreeTypeAdapter$GsonContextImpl.deserialize(TreeTypeAdapter.java:179) ~[gson-2.10.jar%2370!/:?]
	at net.minecraft.util.GsonHelper.m_13808_(GsonHelper.java:463) ~[server-1.20.1-20230612.114412-srg.jar%23690!/:?]
	at net.minecraft.util.GsonHelper.m_13845_(GsonHelper.java:481) ~[server-1.20.1-20230612.114412-srg.jar%23690!/:?]
	at net.minecraft.world.level.storage.loot.LootTable$Serializer.deserialize(LootTable.java:294) ~[server-1.20.1-20230612.114412-srg.jar%23690!/:?]
	at net.minecraft.world.level.storage.loot.LootTable$Serializer.deserialize(LootTable.java:291) ~[server-1.20.1-20230612.114412-srg.jar%23690!/:?]
	at com.google.gson.internal.bind.TreeTypeAdapter.read(TreeTypeAdapter.java:76) ~[gson-2.10.jar%2370!/:?]
	at com.google.gson.Gson.fromJson(Gson.java:1214) ~[gson-2.10.jar%2370!/:?]
	at com.google.gson.Gson.fromJson(Gson.java:1319) ~[gson-2.10.jar%2370!/:?]
	at com.google.gson.Gson.fromJson(Gson.java:1261) ~[gson-2.10.jar%2370!/:?]
	at net.minecraftforge.common.ForgeHooks.loadLootTable(ForgeHooks.java:872) ~[forge-1.20.1-47.4.22-universal.jar%23695!/:?]
	at net.minecraftforge.common.ForgeHooks.lambda$getLootTableDeserializer$3(ForgeHooks.java:849) ~[forge-1.20.1-47.4.22-universal.jar%23695!/:?]
	at net.minecraft.world.level.storage.loot.LootDataType.deserialize(LootDataType.java:45) ~[server-1.20.1-20230612.114412-srg.jar%23690!/:?]
	at net.minecraft.world.level.storage.loot.LootDataManager.lambda$scheduleElementParse$4(LootDataManager.java:56) ~[server-1.20.1-20230612.114412-srg.jar%23690!/:?]
	at java.util.HashMap.forEach(HashMap.java:1421) ~[?:?]
	at net.minecraft.world.level.storage.loot.LootDataManager.m_278660_(LootDataManager.java:55) ~[server-1.20.1-20230612.114412-srg.jar%23690!/:?]
	at java.util.concurrent.CompletableFuture$AsyncRun.run(CompletableFuture.java:1804) ~[?:?]
	at java.util.concurrent.CompletableFuture$AsyncRun.exec(CompletableFuture.java:1796) ~[?:?]
	at java.util.concurrent.ForkJoinTask.doExec(ForkJoinTask.java:373) ~[?:?]
	at java.util.concurrent.ForkJoinPool$WorkQueue.topLevelExec(ForkJoinPool.java:1182) ~[?:?]
	at java.util.concurrent.ForkJoinPool.scan(ForkJoinPool.java:1655) ~[?:?]
	at java.util.concurrent.ForkJoinPool.runWorker(ForkJoinPool.java:1622) ~[?:?]
	at java.util.concurrent.ForkJoinWorkerThread.run(ForkJoinWorkerThread.java:165) ~[?:?]
[01Aug2026 04:31:42.296] [Worker-Main-8/ERROR] [net.minecraftforge.common.ForgeHooks/]: Couldn't parse element loot_tables:pamhc2crops:blocks/shadedgarden
com.google.gson.JsonSyntaxException: Expected name to be an item, was unknown string 'pamhc2crops:beanitem'
	at net.minecraft.util.GsonHelper.m_13866_(GsonHelper.java:145) ~[server-1.20.1-20230612.114412-srg.jar%23690!/:?]
	at java.util.Optional.orElseThrow(Optional.java:403) ~[?:?]
	at net.minecraft.util.GsonHelper.m_13874_(GsonHelper.java:145) ~[server-1.20.1-20230612.114412-srg.jar%23690!/:?]
	at net.minecraft.util.GsonHelper.m_13909_(GsonHelper.java:153) ~[server-1.20.1-20230612.114412-srg.jar%23690!/:?]
	at net.minecraft.world.level.storage.loot.entries.LootItem$Serializer.m_7267_(LootItem.java:55) ~[server-1.20.1-20230612.114412-srg.jar%23690!/:?]
	at net.minecraft.world.level.storage.loot.entries.LootItem$Serializer.m_7267_(LootItem.java:40) ~[server-1.20.1-20230612.114412-srg.jar%23690!/:?]
	at net.minecraft.world.level.storage.loot.entries.LootPoolSingletonContainer$Serializer.m_5921_(LootPoolSingletonContainer.java:151) ~[server-1.20.1-20230612.114412-srg.jar%23690!/:?]
	at net.minecraft.world.level.storage.loot.entries.LootPoolSingletonContainer$Serializer.m_5921_(LootPoolSingletonContainer.java:129) ~[server-1.20.1-20230612.114412-srg.jar%23690!/:?]
	at net.minecraft.world.level.storage.loot.entries.LootPoolEntryContainer$Serializer.m_7561_(LootPoolEntryContainer.java:86) ~[server-1.20.1-20230612.114412-srg.jar%23690!/:?]
	at net.minecraft.world.level.storage.loot.entries.LootPoolEntryContainer$Serializer.m_7561_(LootPoolEntryContainer.java:74) ~[server-1.20.1-20230612.114412-srg.jar%23690!/:?]
	at net.minecraft.world.level.storage.loot.GsonAdapterFactory$JsonAdapter.deserialize(GsonAdapterFactory.java:102) ~[server-1.20.1-20230612.114412-srg.jar%23690!/:?]
	at com.google.gson.internal.bind.TreeTypeAdapter.read(TreeTypeAdapter.java:76) ~[gson-2.10.jar%2370!/:?]
	at com.google.gson.internal.bind.TypeAdapterRuntimeTypeWrapper.read(TypeAdapterRuntimeTypeWrapper.java:40) ~[gson-2.10.jar%2370!/:?]
	at com.google.gson.internal.bind.ArrayTypeAdapter.read(ArrayTypeAdapter.java:72) ~[gson-2.10.jar%2370!/:?]
	at com.google.gson.Gson.fromJson(Gson.java:1214) ~[gson-2.10.jar%2370!/:?]
	at com.google.gson.Gson.fromJson(Gson.java:1319) ~[gson-2.10.jar%2370!/:?]
	at com.google.gson.Gson.fromJson(Gson.java:1290) ~[gson-2.10.jar%2370!/:?]
	at com.google.gson.internal.bind.TreeTypeAdapter$GsonContextImpl.deserialize(TreeTypeAdapter.java:179) ~[gson-2.10.jar%2370!/:?]
	at net.minecraft.util.GsonHelper.m_13808_(GsonHelper.java:463) ~[server-1.20.1-20230612.114412-srg.jar%23690!/:?]
	at net.minecraft.util.GsonHelper.m_13836_(GsonHelper.java:471) ~[server-1.20.1-20230612.114412-srg.jar%23690!/:?]
	at net.minecraft.world.level.storage.loot.LootPool$Serializer.deserialize(LootPool.java:192) ~[server-1.20.1-20230612.114412-srg.jar%23690!/:?]
	at net.minecraft.world.level.storage.loot.LootPool$Serializer.deserialize(LootPool.java:189) ~[server-1.20.1-20230612.114412-srg.jar%23690!/:?]
	at com.google.gson.internal.bind.TreeTypeAdapter.read(TreeTypeAdapter.java:76) ~[gson-2.10.jar%2370!/:?]
	at com.google.gson.internal.bind.TypeAdapterRuntimeTypeWrapper.read(TypeAdapterRuntimeTypeWrapper.java:40) ~[gson-2.10.jar%2370!/:?]
	at com.google.gson.internal.bind.ArrayTypeAdapter.read(ArrayTypeAdapter.java:72) ~[gson-2.10.jar%2370!/:?]
	at com.google.gson.Gson.fromJson(Gson.java:1214) ~[gson-2.10.jar%2370!/:?]
	at com.google.gson.Gson.fromJson(Gson.java:1319) ~[gson-2.10.jar%2370!/:?]
	at com.google.gson.Gson.fromJson(Gson.java:1290) ~[gson-2.10.jar%2370!/:?]
	at com.google.gson.internal.bind.TreeTypeAdapter$GsonContextImpl.deserialize(TreeTypeAdapter.java:179) ~[gson-2.10.jar%2370!/:?]
	at net.minecraft.util.GsonHelper.m_13808_(GsonHelper.java:463) ~[server-1.20.1-20230612.114412-srg.jar%23690!/:?]
	at net.minecraft.util.GsonHelper.m_13845_(GsonHelper.java:481) ~[server-1.20.1-20230612.114412-srg.jar%23690!/:?]
	at net.minecraft.world.level.storage.loot.LootTable$Serializer.deserialize(LootTable.java:294) ~[server-1.20.1-20230612.114412-srg.jar%23690!/:?]
	at net.minecraft.world.level.storage.loot.LootTable$Serializer.deserialize(LootTable.java:291) ~[server-1.20.1-20230612.114412-srg.jar%23690!/:?]
	at com.google.gson.internal.bind.TreeTypeAdapter.read(TreeTypeAdapter.java:76) ~[gson-2.10.jar%2370!/:?]
	at com.google.gson.Gson.fromJson(Gson.java:1214) ~[gson-2.10.jar%2370!/:?]
	at com.google.gson.Gson.fromJson(Gson.java:1319) ~[gson-2.10.jar%2370!/:?]
	at com.google.gson.Gson.fromJson(Gson.java:1261) ~[gson-2.10.jar%2370!/:?]
	at net.minecraftforge.common.ForgeHooks.loadLootTable(ForgeHooks.java:872) ~[forge-1.20.1-47.4.22-universal.jar%23695!/:?]
	at net.minecraftforge.common.ForgeHooks.lambda$getLootTableDeserializer$3(ForgeHooks.java:849) ~[forge-1.20.1-47.4.22-universal.jar%23695!/:?]
	at net.minecraft.world.level.storage.loot.LootDataType.deserialize(LootDataType.java:45) ~[server-1.20.1-20230612.114412-srg.jar%23690!/:?]
	at net.minecraft.world.level.storage.loot.LootDataManager.lambda$scheduleElementParse$4(LootDataManager.java:56) ~[server-1.20.1-20230612.114412-srg.jar%23690!/:?]
	at java.util.HashMap.forEach(HashMap.java:1421) ~[?:?]
	at net.minecraft.world.level.storage.loot.LootDataManager.m_278660_(LootDataManager.java:55) ~[server-1.20.1-20230612.114412-srg.jar%23690!/:?]
	at java.util.concurrent.CompletableFuture$AsyncRun.run(CompletableFuture.java:1804) ~[?:?]
	at java.util.concurrent.CompletableFuture$AsyncRun.exec(CompletableFuture.java:1796) ~[?:?]
	at java.util.concurrent.ForkJoinTask.doExec(ForkJoinTask.java:373) ~[?:?]
	at java.util.concurrent.ForkJoinPool$WorkQueue.topLevelExec(ForkJoinPool.java:1182) ~[?:?]
	at java.util.concurrent.ForkJoinPool.scan(ForkJoinPool.java:1655) ~[?:?]
	at java.util.concurrent.ForkJoinPool.runWorker(ForkJoinPool.java:1622) ~[?:?]
	at java.util.concurrent.ForkJoinWorkerThread.run(ForkJoinWorkerThread.java:165) ~[?:?]
[01Aug2026 04:31:42.333] [Worker-Main-8/ERROR] [net.minecraftforge.common.ForgeHooks/]: Couldn't parse element loot_tables:pamhc2crops:blocks/pamonioncrop
java.lang.IllegalArgumentException: Can't find block pamhc2crops:pamonioncrop
	at net.minecraft.world.level.storage.loot.predicates.LootItemBlockStatePropertyCondition$Serializer.m_81802_(LootItemBlockStatePropertyCondition.java:79) ~[server-1.20.1-20230612.114412-srg.jar%23690!/:?]
	at java.util.Optional.orElseThrow(Optional.java:403) ~[?:?]
	at net.minecraft.world.level.storage.loot.predicates.LootItemBlockStatePropertyCondition$Serializer.m_7561_(LootItemBlockStatePropertyCondition.java:79) ~[server-1.20.1-20230612.114412-srg.jar%23690!/:?]
	at net.minecraft.world.level.storage.loot.predicates.LootItemBlockStatePropertyCondition$Serializer.m_7561_(LootItemBlockStatePropertyCondition.java:68) ~[server-1.20.1-20230612.114412-srg.jar%23690!/:?]
	at net.minecraft.world.level.storage.loot.GsonAdapterFactory$JsonAdapter.deserialize(GsonAdapterFactory.java:102) ~[server-1.20.1-20230612.114412-srg.jar%23690!/:?]
	at com.google.gson.internal.bind.TreeTypeAdapter.read(TreeTypeAdapter.java:76) ~[gson-2.10.jar%2370!/:?]
	at com.google.gson.internal.bind.TypeAdapterRuntimeTypeWrapper.read(TypeAdapterRuntimeTypeWrapper.java:40) ~[gson-2.10.jar%2370!/:?]
	at com.google.gson.internal.bind.ArrayTypeAdapter.read(ArrayTypeAdapter.java:72) ~[gson-2.10.jar%2370!/:?]
	at com.google.gson.Gson.fromJson(Gson.java:1214) ~[gson-2.10.jar%2370!/:?]
	at com.google.gson.Gson.fromJson(Gson.java:1319) ~[gson-2.10.jar%2370!/:?]
	at com.google.gson.Gson.fromJson(Gson.java:1290) ~[gson-2.10.jar%2370!/:?]
	at com.google.gson.internal.bind.TreeTypeAdapter$GsonContextImpl.deserialize(TreeTypeAdapter.java:179) ~[gson-2.10.jar%2370!/:?]
	at net.minecraft.util.GsonHelper.m_13808_(GsonHelper.java:463) ~[server-1.20.1-20230612.114412-srg.jar%23690!/:?]
	at net.minecraft.util.GsonHelper.m_13845_(GsonHelper.java:481) ~[server-1.20.1-20230612.114412-srg.jar%23690!/:?]
	at net.minecraft.world.level.storage.loot.LootPool$Serializer.deserialize(LootPool.java:193) ~[server-1.20.1-20230612.114412-srg.jar%23690!/:?]
	at net.minecraft.world.level.storage.loot.LootPool$Serializer.deserialize(LootPool.java:189) ~[server-1.20.1-20230612.114412-srg.jar%23690!/:?]
	at com.google.gson.internal.bind.TreeTypeAdapter.read(TreeTypeAdapter.java:76) ~[gson-2.10.jar%2370!/:?]
	at com.google.gson.internal.bind.TypeAdapterRuntimeTypeWrapper.read(TypeAdapterRuntimeTypeWrapper.java:40) ~[gson-2.10.jar%2370!/:?]
	at com.google.gson.internal.bind.ArrayTypeAdapter.read(ArrayTypeAdapter.java:72) ~[gson-2.10.jar%2370!/:?]
	at com.google.gson.Gson.fromJson(Gson.java:1214) ~[gson-2.10.jar%2370!/:?]
	at com.google.gson.Gson.fromJson(Gson.java:1319) ~[gson-2.10.jar%2370!/:?]
	at com.google.gson.Gson.fromJson(Gson.java:1290) ~[gson-2.10.jar%2370!/:?]
	at com.google.gson.internal.bind.TreeTypeAdapter$GsonContextImpl.deserialize(TreeTypeAdapter.java:179) ~[gson-2.10.jar%2370!/:?]
	at net.minecraft.util.GsonHelper.m_13808_(GsonHelper.java:463) ~[server-1.20.1-20230612.114412-srg.jar%23690!/:?]
	at net.minecraft.util.GsonHelper.m_13845_(GsonHelper.java:481) ~[server-1.20.1-20230612.114412-srg.jar%23690!/:?]
	at net.minecraft.world.level.storage.loot.LootTable$Serializer.deserialize(LootTable.java:294) ~[server-1.20.1-20230612.114412-srg.jar%23690!/:?]
	at net.minecraft.world.level.storage.loot.LootTable$Serializer.deserialize(LootTable.java:291) ~[server-1.20.1-20230612.114412-srg.jar%23690!/:?]
	at com.google.gson.internal.bind.TreeTypeAdapter.read(TreeTypeAdapter.java:76) ~[gson-2.10.jar%2370!/:?]
	at com.google.gson.Gson.fromJson(Gson.java:1214) ~[gson-2.10.jar%2370!/:?]
	at com.google.gson.Gson.fromJson(Gson.java:1319) ~[gson-2.10.jar%2370!/:?]
	at com.google.gson.Gson.fromJson(Gson.java:1261) ~[gson-2.10.jar%2370!/:?]
	at net.minecraftforge.common.ForgeHooks.loadLootTable(ForgeHooks.java:872) ~[forge-1.20.1-47.4.22-universal.jar%23695!/:?]
	at net.minecraftforge.common.ForgeHooks.lambda$getLootTableDeserializer$3(ForgeHooks.java:849) ~[forge-1.20.1-47.4.22-universal.jar%23695!/:?]
	at net.minecraft.world.level.storage.loot.LootDataType.deserialize(LootDataType.java:45) ~[server-1.20.1-20230612.114412-srg.jar%23690!/:?]
	at net.minecraft.world.level.storage.loot.LootDataManager.lambda$scheduleElementParse$4(LootDataManager.java:56) ~[server-1.20.1-20230612.114412-srg.jar%23690!/:?]
	at java.util.HashMap.forEach(HashMap.java:1421) ~[?:?]
	at net.minecraft.world.level.storage.loot.LootDataManager.m_278660_(LootDataManager.java:55) ~[server-1.20.1-20230612.114412-srg.jar%23690!/:?]
	at java.util.concurrent.CompletableFuture$AsyncRun.run(CompletableFuture.java:1804) ~[?:?]
	at java.util.concurrent.CompletableFuture$AsyncRun.exec(CompletableFuture.java:1796) ~[?:?]
	at java.util.concurrent.ForkJoinTask.doExec(ForkJoinTask.java:373) ~[?:?]
	at java.util.concurrent.ForkJoinPool$WorkQueue.topLevelExec(ForkJoinPool.java:1182) ~[?:?]
	at java.util.concurrent.ForkJoinPool.scan(ForkJoinPool.java:1655) ~[?:?]
	at java.util.concurrent.ForkJoinPool.runWorker(ForkJoinPool.java:1622) ~[?:?]
	at java.util.concurrent.ForkJoinWorkerThread.run(ForkJoinWorkerThread.java:165) ~[?:?]
[01Aug2026 04:31:45.194] [main/INFO] [com.teamabnormals.blueprint.core.Blueprint/]: Loot Modification Manager has loaded 1 modifier groups
[01Aug2026 04:31:45.294] [main/WARN] [net.minecraft.world.level.storage.loot.LootDataManager/]: Found loot table element validation problem in {loot_tables:minecraft:chests/plague_loot}.pools[0].entries[10].functions[1]: Parameters [<parameter minecraft:tool>] are not provided in this context
[01Aug2026 04:31:45.294] [main/WARN] [net.minecraft.world.level.storage.loot.LootDataManager/]: Found loot table element validation problem in {loot_tables:minecraft:chests/plague_loot}.pools[0].entries[1].functions[1]: Parameters [<parameter minecraft:tool>] are not provided in this context
[01Aug2026 04:31:45.294] [main/WARN] [net.minecraft.world.level.storage.loot.LootDataManager/]: Found loot table element validation problem in {loot_tables:minecraft:chests/hut_loot}.pools[0].entries[6].functions[1]: Parameters [<parameter minecraft:tool>] are not provided in this context
[01Aug2026 04:31:45.294] [main/WARN] [net.minecraft.world.level.storage.loot.LootDataManager/]: Found loot table element validation problem in {loot_tables:minecraft:chests/musketeer_fort_loot}.pools[0].entries[1].functions[1]: Parameters [<parameter minecraft:tool>] are not provided in this context
[01Aug2026 04:31:45.294] [main/WARN] [net.minecraft.world.level.storage.loot.LootDataManager/]: Found loot table element validation problem in {loot_tables:minecraft:blocks/snow_block}.pools[0].entries[0]: Unreachable entry!
[01Aug2026 04:31:45.294] [main/WARN] [net.minecraft.world.level.storage.loot.LootDataManager/]: Found loot table element validation problem in {loot_tables:minecraft:chests/hut_loot}.pools[0].entries[4].functions[1]: Parameters [<parameter minecraft:tool>] are not provided in this context
[01Aug2026 04:31:45.295] [main/WARN] [net.minecraft.world.level.storage.loot.LootDataManager/]: Found loot table element validation problem in {loot_tables:phantasm:blocks/acidic_nihilium}.pools[0].entries[0].entry[1]: Empty children list
[01Aug2026 04:31:45.295] [main/WARN] [net.minecraft.world.level.storage.loot.LootDataManager/]: Found loot table element validation problem in {loot_tables:minecraft:chests/hut_loot}.pools[1].entries[1].functions[1]: Parameters [<parameter minecraft:tool>] are not provided in this context
[01Aug2026 04:31:45.295] [main/WARN] [net.minecraft.world.level.storage.loot.LootDataManager/]: Found loot table element validation problem in {loot_tables:phantasm:blocks/vivid_nihilium}.pools[0].entries[0].entry[1]: Empty children list
[01Aug2026 04:31:45.295] [main/WARN] [net.minecraft.world.level.storage.loot.LootDataManager/]: Found loot table element validation problem in {loot_tables:betterarcheology:archeology/chest_loot_prototype}.pools[4].entries[0]: Unknown loot table called betterarcheology:archeology/sword_loot
[01Aug2026 04:31:45.295] [main/WARN] [net.minecraft.world.level.storage.loot.LootDataManager/]: Found loot table element validation problem in {loot_tables:minecraft:chests/musketeer_fort_loot}.pools[2].entries[2].functions[2]: Parameters [<parameter minecraft:tool>] are not provided in this context
[01Aug2026 04:31:45.295] [main/WARN] [net.minecraft.world.level.storage.loot.LootDataManager/]: Found loot table element validation problem in {loot_tables:minecraft:chests/hut_loot}.pools[1].entries[2].functions[1]: Parameters [<parameter minecraft:tool>] are not provided in this context
[01Aug2026 04:31:45.295] [main/WARN] [net.minecraft.world.level.storage.loot.LootDataManager/]: Found loot table element validation problem in {loot_tables:minecraft:chests/hut_loot}.pools[1].entries[8].functions[1]: Parameters [<parameter minecraft:tool>] are not provided in this context
[01Aug2026 04:31:45.295] [main/WARN] [net.minecraft.world.level.storage.loot.LootDataManager/]: Found loot table element validation problem in {loot_tables:phantasm:blocks/hanging_pream_leaves}.pools[0].entries[0].entry[1]: Empty children list
[01Aug2026 04:31:45.295] [main/WARN] [net.minecraft.world.level.storage.loot.LootDataManager/]: Found loot table element validation problem in {loot_tables:minecraft:chests/musketeer_fort_loot}.pools[0].entries[4].functions[1]: Parameters [<parameter minecraft:tool>] are not provided in this context
[01Aug2026 04:31:45.295] [main/WARN] [net.minecraft.world.level.storage.loot.LootDataManager/]: Found loot table element validation problem in {loot_tables:minecraft:chests/musketeer_fort_loot}.pools[0].entries[0].functions[1]: Parameters [<parameter minecraft:tool>] are not provided in this context
[01Aug2026 04:31:45.295] [main/WARN] [net.minecraft.world.level.storage.loot.LootDataManager/]: Found loot table element validation problem in {loot_tables:minecraft:chests/plague_loot}.pools[0].entries[12].functions[1]: Parameters [<parameter minecraft:tool>] are not provided in this context
[01Aug2026 04:31:45.295] [main/WARN] [net.minecraft.world.level.storage.loot.LootDataManager/]: Found loot table element validation problem in {loot_tables:phantasm:blocks/cirite_iron_ore}.pools[0].entries[0].entry[1]: Empty children list
[01Aug2026 04:31:45.295] [main/WARN] [net.minecraft.world.level.storage.loot.LootDataManager/]: Found loot table element validation problem in {loot_tables:minecraft:chests/hut_loot}.pools[0].entries[8].functions[1]: Parameters [<parameter minecraft:tool>] are not provided in this context
[01Aug2026 04:31:45.295] [main/WARN] [net.minecraft.world.level.storage.loot.LootDataManager/]: Found loot table element validation problem in {loot_tables:minecraft:chests/musketeer_fort_loot}.pools[0].entries[2].functions[1]: Parameters [<parameter minecraft:tool>] are not provided in this context
[01Aug2026 04:31:45.295] [main/WARN] [net.minecraft.world.level.storage.loot.LootDataManager/]: Found loot table element validation problem in {loot_tables:minecraft:chests/musketeer_fort_loot}.pools[1].entries[0].functions[1]: Parameters [<parameter minecraft:tool>] are not provided in this context
[01Aug2026 04:31:45.295] [main/WARN] [net.minecraft.world.level.storage.loot.LootDataManager/]: Found loot table element validation problem in {loot_tables:minecraft:chests/hut_loot}.pools[0].entries[0].functions[1]: Parameters [<parameter minecraft:tool>] are not provided in this context
[01Aug2026 04:31:45.295] [main/WARN] [net.minecraft.world.level.storage.loot.LootDataManager/]: Found loot table element validation problem in {loot_tables:dungeonsdelight:entities/monster_yam}.pools[0].entries[0].functions[1]: Parameters [<parameter minecraft:tool>] are not provided in this context
[01Aug2026 04:31:45.295] [main/WARN] [net.minecraft.world.level.storage.loot.LootDataManager/]: Found loot table element validation problem in {loot_tables:minecraft:chests/plague_loot}.pools[0].entries[7].functions[1]: Parameters [<parameter minecraft:tool>] are not provided in this context
[01Aug2026 04:31:45.295] [main/WARN] [net.minecraft.world.level.storage.loot.LootDataManager/]: Found loot table element validation problem in {loot_tables:minecraft:chests/hut_loot}.pools[0].entries[5].functions[1]: Parameters [<parameter minecraft:tool>] are not provided in this context
[01Aug2026 04:31:45.296] [main/WARN] [net.minecraft.world.level.storage.loot.LootDataManager/]: Found loot table element validation problem in {loot_tables:minecraft:chests/plague_loot}.pools[0].entries[0].functions[1]: Parameters [<parameter minecraft:tool>] are not provided in this context
[01Aug2026 04:31:45.296] [main/WARN] [net.minecraft.world.level.storage.loot.LootDataManager/]: Found loot table element validation problem in {loot_tables:minecraft:chests/musketeer_fort_loot}.pools[2].entries[1].functions[2]: Parameters [<parameter minecraft:tool>] are not provided in this context
[01Aug2026 04:31:45.296] [main/WARN] [net.minecraft.world.level.storage.loot.LootDataManager/]: Found loot table element validation problem in {loot_tables:dungeonsdelight:entities/monster_yam}.pools[1].entries[0].functions[1]: Parameters [<parameter minecraft:tool>] are not provided in this context
[01Aug2026 04:31:45.296] [main/WARN] [net.minecraft.world.level.storage.loot.LootDataManager/]: Found loot table element validation problem in {loot_tables:minecraft:chests/hut_loot}.pools[1].entries[0].functions[1]: Parameters [<parameter minecraft:tool>] are not provided in this context
[01Aug2026 04:31:45.296] [main/WARN] [net.minecraft.world.level.storage.loot.LootDataManager/]: Found loot table element validation problem in {loot_tables:minecraft:chests/plague_loot}.pools[0].entries[8].functions[2]: Parameters [<parameter minecraft:tool>] are not provided in this context
[01Aug2026 04:31:45.296] [main/WARN] [net.minecraft.world.level.storage.loot.LootDataManager/]: Found loot table element validation problem in {loot_tables:minecraft:chests/hut_loot}.pools[0].entries[2].functions[1]: Parameters [<parameter minecraft:tool>] are not provided in this context
[01Aug2026 04:31:45.296] [main/WARN] [net.minecraft.world.level.storage.loot.LootDataManager/]: Found loot table element validation problem in {loot_tables:minecraft:chests/musketeer_fort_loot}.pools[2].entries[3].functions[1]: Parameters [<parameter minecraft:tool>] are not provided in this context
[01Aug2026 04:31:45.296] [main/WARN] [net.minecraft.world.level.storage.loot.LootDataManager/]: Found loot table element validation problem in {loot_tables:minecraft:chests/plague_loot}.pools[0].entries[9].functions[1]: Parameters [<parameter minecraft:tool>] are not provided in this context
[01Aug2026 04:31:45.296] [main/WARN] [net.minecraft.world.level.storage.loot.LootDataManager/]: Found loot table element validation problem in {loot_tables:minecraft:chests/musketeer_fort_loot}.pools[1].entries[3].functions[1]: Parameters [<parameter minecraft:tool>] are not provided in this context
[01Aug2026 04:31:45.296] [main/WARN] [net.minecraft.world.level.storage.loot.LootDataManager/]: Found loot table element validation problem in {loot_tables:minecraft:chests/musketeer_fort_loot}.pools[0].entries[5].functions[1]: Parameters [<parameter minecraft:tool>] are not provided in this context
[01Aug2026 04:31:45.296] [main/WARN] [net.minecraft.world.level.storage.loot.LootDataManager/]: Found loot table element validation problem in {loot_tables:minecraft:chests/hut_loot}.pools[0].entries[9].functions[1]: Parameters [<parameter minecraft:tool>] are not provided in this context
[01Aug2026 04:31:45.296] [main/WARN] [net.minecraft.world.level.storage.loot.LootDataManager/]: Found loot table element validation problem in {loot_tables:minecraft:chests/hut_loot}.pools[1].entries[7].functions[1]: Parameters [<parameter minecraft:tool>] are not provided in this context
[01Aug2026 04:31:45.296] [main/WARN] [net.minecraft.world.level.storage.loot.LootDataManager/]: Found loot table element validation problem in {loot_tables:minecraft:chests/hut_loot}.pools[1].entries[3].functions[1]: Parameters [<parameter minecraft:tool>] are not provided in this context
[01Aug2026 04:31:45.296] [main/WARN] [net.minecraft.world.level.storage.loot.LootDataManager/]: Found loot table element validation problem in {loot_tables:minecraft:chests/musketeer_fort_loot}.pools[0].entries[3].functions[1]: Parameters [<parameter minecraft:tool>] are not provided in this context
[01Aug2026 04:31:45.296] [main/WARN] [net.minecraft.world.level.storage.loot.LootDataManager/]: Found loot table element validation problem in {loot_tables:minecraft:chests/plague_loot}.pools[0].entries[11].functions[1]: Parameters [<parameter minecraft:tool>] are not provided in this context
[01Aug2026 04:31:45.296] [main/WARN] [net.minecraft.world.level.storage.loot.LootDataManager/]: Found loot table element validation problem in {loot_tables:minecraft:chests/plague_loot}.pools[1].entries[2].functions[1]: Parameters [<parameter minecraft:tool>] are not provided in this context
[01Aug2026 04:31:45.296] [main/WARN] [net.minecraft.world.level.storage.loot.LootDataManager/]: Found loot table element validation problem in {loot_tables:minecraft:chests/plague_loot}.pools[0].entries[6].functions[1]: Parameters [<parameter minecraft:tool>] are not provided in this context
[01Aug2026 04:31:45.296] [main/WARN] [net.minecraft.world.level.storage.loot.LootDataManager/]: Found loot table element validation problem in {loot_tables:minecraft:chests/hut_loot}.pools[1].entries[5].functions[1]: Parameters [<parameter minecraft:tool>] are not provided in this context
[01Aug2026 04:31:45.836] [main/INFO] [letsdocompat/]: Added 0 compatibility recipes !
[01Aug2026 04:31:45.854] [main/WARN] [com.mafuyu404.oneenoughitem.Oneenoughitem/]: ItemStackMixin: Replacement item is null for targetItemId: create_eternal_journey:weightless_sphere, original item: minecraft:elytra
[01Aug2026 04:31:45.909] [main/WARN] [com.mafuyu404.oneenoughitem.Oneenoughitem/]: ItemStackMixin: Replacement item is null for targetItemId: create_eternal_journey:weightless_sphere, original item: minecraft:elytra
[01Aug2026 04:31:45.921] [main/WARN] [com.mafuyu404.oneenoughitem.Oneenoughitem/]: ItemStackMixin: Replacement item is null for targetItemId: create_eternal_journey:weightless_sphere, original item: minecraft:elytra
[01Aug2026 04:31:45.935] [main/ERROR] [net.minecraft.world.item.crafting.RecipeManager/]: Parsing error loading recipe sullysmod:grindstone_polishing/gelogicexpansion/white_polished_prismatic_stone_stairs_from_white_prismatic_stone_stairs: com.google.gson.JsonSyntaxException: Invalid or unsupported recipe type 'sullysmod:grindstone_polishing'
[01Aug2026 04:31:45.955] [main/WARN] [com.mafuyu404.oneenoughitem.Oneenoughitem/]: ItemStackMixin: Replacement item is null for targetItemId: create_eternal_journey:weightless_sphere, original item: minecraft:elytra
[01Aug2026 04:31:45.971] [main/ERROR] [net.minecraft.world.item.crafting.RecipeManager/]: Parsing error loading recipe farmersdelight:cutting/wilderness/overgrown_oak_log: com.google.gson.JsonSyntaxException: Unknown item 'wilderness:overgrown_oak_log'
[01Aug2026 04:31:45.973] [main/INFO] [net.minecraft.world.item.crafting.RecipeManager/]: Skipping loading recipe endergetic:poise_fence_from_poise_planks_sawing as it's serializer returned null
[01Aug2026 04:31:45.975] [main/ERROR] [net.minecraft.world.item.crafting.RecipeManager/]: Parsing error loading recipe sullysmod:grindstone_polishing/gelogicexpansion/light_gray_polished_prismatic_stone_wall_from_light_gray_prismatic_stone_wall: com.google.gson.JsonSyntaxException: Invalid or unsupported recipe type 'sullysmod:grindstone_polishing'
[01Aug2026 04:31:45.985] [main/INFO] [net.minecraft.world.item.crafting.RecipeManager/]: Skipping loading recipe create_connected:crafting/palettes/copycat_catwalk as it's serializer returned null
[01Aug2026 04:31:45.994] [main/ERROR] [net.minecraft.world.item.crafting.RecipeManager/]: Parsing error loading recipe sullysmod:grindstone_polishing/twigs/polished_tuff_from_tuff: com.google.gson.JsonSyntaxException: Invalid or unsupported recipe type 'sullysmod:grindstone_polishing'
[01Aug2026 04:31:45.994] [main/ERROR] [net.minecraft.world.item.crafting.RecipeManager/]: Parsing error loading recipe sullysmod:grindstone_polishing/gelogicexpansion/blue_polished_prismatic_stone_stairs_from_blue_prismatic_stone_stairs: com.google.gson.JsonSyntaxException: Invalid or unsupported recipe type 'sullysmod:grindstone_polishing'
[01Aug2026 04:31:45.995] [main/ERROR] [net.minecraft.world.item.crafting.RecipeManager/]: Parsing error loading recipe sullysmod:grindstone_polishing/gelogicexpansion/magenta_polished_prismatic_stone_stairs_from_magenta_prismatic_stone_stairs: com.google.gson.JsonSyntaxException: Invalid or unsupported recipe type 'sullysmod:grindstone_polishing'
[01Aug2026 04:31:45.995] [main/ERROR] [net.minecraft.world.item.crafting.RecipeManager/]: Parsing error loading recipe sullysmod:grindstone_polishing/twigs/polished_tuff_slab_from_tuff_slab: com.google.gson.JsonSyntaxException: Invalid or unsupported recipe type 'sullysmod:grindstone_polishing'
[01Aug2026 04:31:45.998] [main/ERROR] [net.minecraft.world.item.crafting.RecipeManager/]: Parsing error loading recipe jeed:thirst: com.google.gson.JsonSyntaxException: Unknown item 'toughasnails:dirty_water_bottle'
[01Aug2026 04:31:46.000] [main/INFO] [net.minecraft.world.item.crafting.RecipeManager/]: Skipping loading recipe endergetic:cracked_purpur_block_from_baking as it's serializer returned null
[01Aug2026 04:31:46.001] [main/ERROR] [net.minecraft.world.item.crafting.RecipeManager/]: Parsing error loading recipe farmersdelight:cutting/habitat/edelweiss: com.google.gson.JsonSyntaxException: Unknown item 'habitat:edelweiss'
[01Aug2026 04:31:46.011] [main/WARN] [com.mafuyu404.oneenoughitem.Oneenoughitem/]: ItemStackMixin: Replacement item is null for targetItemId: create_eternal_journey:weightless_sphere, original item: minecraft:elytra
[01Aug2026 04:31:46.026] [main/ERROR] [net.minecraft.world.item.crafting.RecipeManager/]: Parsing error loading recipe sullysmod:grindstone_polishing/gelogicexpansion/lime_polished_prismatic_stone_wall_from_lime_prismatic_stone_wall: com.google.gson.JsonSyntaxException: Invalid or unsupported recipe type 'sullysmod:grindstone_polishing'
[01Aug2026 04:31:46.041] [main/WARN] [com.mafuyu404.oneenoughitem.Oneenoughitem/]: ItemStackMixin: Replacement item is null for targetItemId: create_eternal_journey:weightless_sphere, original item: minecraft:elytra
[01Aug2026 04:31:46.062] [main/WARN] [com.mafuyu404.oneenoughitem.Oneenoughitem/]: ItemStackMixin: Replacement item is null for targetItemId: create_eternal_journey:weightless_sphere, original item: minecraft:elytra
[01Aug2026 04:31:46.074] [main/ERROR] [net.minecraft.world.item.crafting.RecipeManager/]: Parsing error loading recipe sullysmod:grindstone_polishing/gelogicexpansion/purple_polished_prismatic_stone_stairs_from_purple_prismatic_stone_stairs: com.google.gson.JsonSyntaxException: Invalid or unsupported recipe type 'sullysmod:grindstone_polishing'
[01Aug2026 04:31:46.075] [main/ERROR] [net.minecraft.world.item.crafting.RecipeManager/]: Parsing error loading recipe sullysmod:grindstone_polishing/netherdungeons/polished_ominous_quartz_slab_from_ominous_quartz_slab: com.google.gson.JsonSyntaxException: Invalid or unsupported recipe type 'sullysmod:grindstone_polishing'
[01Aug2026 04:31:46.076] [main/ERROR] [net.minecraft.world.item.crafting.RecipeManager/]: Parsing error loading recipe sullysmod:grindstone_polishing/gelogicexpansion/white_polished_prismatic_stone_wall_from_white_prismatic_stone_wall: com.google.gson.JsonSyntaxException: Invalid or unsupported recipe type 'sullysmod:grindstone_polishing'
[01Aug2026 04:31:46.081] [main/ERROR] [net.minecraft.world.item.crafting.RecipeManager/]: Parsing error loading recipe sullysmod:grindstone_polishing/gelogicexpansion/polished_limestone_stairs_from_limestone_stairs: com.google.gson.JsonSyntaxException: Invalid or unsupported recipe type 'sullysmod:grindstone_polishing'
[01Aug2026 04:31:46.088] [main/WARN] [com.mafuyu404.oneenoughitem.Oneenoughitem/]: ItemStackMixin: Replacement item is null for targetItemId: create_eternal_journey:weightless_sphere, original item: minecraft:elytra
[01Aug2026 04:31:46.107] [main/WARN] [com.mafuyu404.oneenoughitem.Oneenoughitem/]: ItemStackMixin: Replacement item is null for targetItemId: create_eternal_journey:weightless_sphere, original item: minecraft:elytra
[01Aug2026 04:31:46.123] [main/WARN] [com.mafuyu404.oneenoughitem.Oneenoughitem/]: ItemStackMixin: Replacement item is null for targetItemId: create_eternal_journey:weightless_sphere, original item: minecraft:elytra
[01Aug2026 04:31:46.148] [main/ERROR] [net.minecraft.world.item.crafting.RecipeManager/]: Parsing error loading recipe sullysmod:grindstone_polishing/gelogicexpansion/cyan_polished_prismatic_stone_from_cyan_prismatic_stone: com.google.gson.JsonSyntaxException: Invalid or unsupported recipe type 'sullysmod:grindstone_polishing'
[01Aug2026 04:31:46.157] [main/WARN] [com.mafuyu404.oneenoughitem.Oneenoughitem/]: ItemStackMixin: Replacement item is null for targetItemId: create_eternal_journey:weightless_sphere, original item: minecraft:elytra
[01Aug2026 04:31:46.190] [main/WARN] [com.mafuyu404.oneenoughitem.Oneenoughitem/]: ItemStackMixin: Replacement item is null for targetItemId: create_eternal_journey:weightless_sphere, original item: minecraft:elytra
[01Aug2026 04:31:46.203] [main/INFO] [net.minecraft.world.item.crafting.RecipeManager/]: Skipping loading recipe create_connected:crafting/palettes/copycat_vertical_step_from_conversion as it's serializer returned null
[01Aug2026 04:31:46.204] [main/ERROR] [net.minecraft.world.item.crafting.RecipeManager/]: Parsing error loading recipe rainbowreef:milk_bottle_clownfish_cupcake: com.google.gson.JsonSyntaxException: Unknown item 'rainbowreef:raw_clownfish'
[01Aug2026 04:31:46.204] [main/ERROR] [net.minecraft.world.item.crafting.RecipeManager/]: Parsing error loading recipe extra_compat:cloggrum_great_axe: com.google.gson.JsonSyntaxException: Unknown item 'undergarden:cloggrum_axe'
[01Aug2026 04:31:46.208] [main/ERROR] [net.minecraft.world.item.crafting.RecipeManager/]: Parsing error loading recipe jeed:ender_flu: com.google.gson.JsonSyntaxException: Unknown item 'alexsmobs:spawn_egg_enderiophage'
[01Aug2026 04:31:46.217] [main/WARN] [com.mafuyu404.oneenoughitem.Oneenoughitem/]: ItemStackMixin: Replacement item is null for targetItemId: create_eternal_journey:weightless_sphere, original item: minecraft:elytra
[01Aug2026 04:31:46.229] [main/ERROR] [net.minecraft.world.item.crafting.RecipeManager/]: Parsing error loading recipe extra_compat:froststeel_hammer: com.google.gson.JsonSyntaxException: Unknown item 'undergarden:froststeel_ingot'
[01Aug2026 04:31:46.230] [main/INFO] [net.minecraft.world.item.crafting.RecipeManager/]: Skipping loading recipe endergetic:chiseled_poise_bookshelf as it's serializer returned null
[01Aug2026 04:31:46.230] [main/ERROR] [net.minecraft.world.item.crafting.RecipeManager/]: Parsing error loading recipe jeed:bitten: com.google.gson.JsonSyntaxException: Unknown item 'enemyexpansion:vampire_spawn_egg'
[01Aug2026 04:31:46.232] [main/ERROR] [net.minecraft.world.item.crafting.RecipeManager/]: Parsing error loading recipe farmersdelight:cutting/galosphere/sterling_helmet: com.google.gson.JsonSyntaxException: Unknown item 'galosphere:sterling_helmet'
[01Aug2026 04:31:46.241] [main/WARN] [com.mafuyu404.oneenoughitem.Oneenoughitem/]: ItemStackMixin: Replacement item is null for targetItemId: create_eternal_journey:weightless_sphere, original item: minecraft:elytra
[01Aug2026 04:31:46.253] [main/INFO] [net.minecraft.world.item.crafting.RecipeManager/]: Skipping loading recipe endergetic:eumus_brick_from_baking as it's serializer returned null
[01Aug2026 04:31:46.254] [main/ERROR] [net.minecraft.world.item.crafting.RecipeManager/]: Parsing error loading recipe jeed:soul_marked: com.google.gson.JsonSyntaxException: Unknown item 'theinkarena:soul_brush'
[01Aug2026 04:31:46.262] [main/WARN] [com.simibubi.create.Create/]: Your custom createaddition:rolling/brass_ingot recipe (createaddition:rolling/brass_ingot) specified a duration. Durations have no impact on this type of recipe.
[01Aug2026 04:31:46.268] [main/ERROR] [net.minecraft.world.item.crafting.RecipeManager/]: Parsing error loading recipe jeed:strength: com.google.gson.JsonSyntaxException: Unknown item 'goated:barbaric_helmet'
[01Aug2026 04:31:46.268] [main/ERROR] [net.minecraft.world.item.crafting.RecipeManager/]: Parsing error loading recipe autumnity:wallpapers/lime_wallpaper_roll: com.google.gson.JsonSyntaxException: Unknown item 'wallpapers:lime_wallpaper_roll'
[01Aug2026 04:31:46.270] [main/ERROR] [net.minecraft.world.item.crafting.RecipeManager/]: Parsing error loading recipe nethersdelight:cutting/hoglin_sausage_alt: com.google.gson.JsonSyntaxException: Unknown item 'nethersdelight:hoglin_loin'
[01Aug2026 04:31:46.273] [main/ERROR] [net.minecraft.world.item.crafting.RecipeManager/]: Parsing error loading recipe sullysmod:grindstone_polishing/gelogicexpansion/pink_polished_prismatic_stone_wall_from_pink_prismatic_stone_wall: com.google.gson.JsonSyntaxException: Invalid or unsupported recipe type 'sullysmod:grindstone_polishing'
[01Aug2026 04:31:46.287] [main/WARN] [com.mafuyu404.oneenoughitem.Oneenoughitem/]: ItemStackMixin: Replacement item is null for targetItemId: create_eternal_journey:weightless_sphere, original item: minecraft:elytra
[01Aug2026 04:31:46.305] [main/ERROR] [net.minecraft.world.item.crafting.RecipeManager/]: Parsing error loading recipe sullysmod:grindstone_polishing/galosphere/polished_pastel_pink_salt_from_pastel_pink_salt: com.google.gson.JsonSyntaxException: Invalid or unsupported recipe type 'sullysmod:grindstone_polishing'
[01Aug2026 04:31:46.316] [main/ERROR] [net.minecraft.world.item.crafting.RecipeManager/]: Parsing error loading recipe farmersdelight:cutting/galosphere/sterling_boots: com.google.gson.JsonSyntaxException: Unknown item 'galosphere:sterling_boots'
[01Aug2026 04:31:46.318] [main/ERROR] [net.minecraft.world.item.crafting.RecipeManager/]: Parsing error loading recipe jeed:sunbird_blessing: com.google.gson.JsonSyntaxException: Unknown item 'alexsmobs:spawn_egg_sunbird'
[01Aug2026 04:31:46.318] [main/ERROR] [net.minecraft.world.item.crafting.RecipeManager/]: Parsing error loading recipe jeed:soulform: com.google.gson.JsonSyntaxException: Unknown item 'theinkarena:soul_power_scroll'
[01Aug2026 04:31:46.325] [main/WARN] [com.mafuyu404.oneenoughitem.Oneenoughitem/]: ItemStackMixin: Replacement item is null for targetItemId: create_eternal_journey:weightless_sphere, original item: minecraft:elytra
[01Aug2026 04:31:46.343] [main/WARN] [com.mafuyu404.oneenoughitem.Oneenoughitem/]: ItemStackMixin: Replacement item is null for targetItemId: create_eternal_journey:weightless_sphere, original item: minecraft:elytra
[01Aug2026 04:31:46.362] [main/WARN] [com.mafuyu404.oneenoughitem.Oneenoughitem/]: ItemStackMixin: Replacement item is null for targetItemId: create_eternal_journey:weightless_sphere, original item: minecraft:elytra
[01Aug2026 04:31:46.385] [main/WARN] [com.mafuyu404.oneenoughitem.Oneenoughitem/]: ItemStackMixin: Replacement item is null for targetItemId: create_eternal_journey:weightless_sphere, original item: minecraft:elytra
[01Aug2026 04:31:46.399] [main/ERROR] [net.minecraft.world.item.crafting.RecipeManager/]: Parsing error loading recipe farmersdelight:cutting/aromatic/cinnamon_wood: com.google.gson.JsonSyntaxException: Unknown item 'aromatic:cinnamon_wood'
[01Aug2026 04:31:46.403] [main/INFO] [net.minecraft.world.item.crafting.RecipeManager/]: Skipping loading recipe endergetic:poise_ladder as it's serializer returned null
[01Aug2026 04:31:46.403] [main/INFO] [net.minecraft.world.item.crafting.RecipeManager/]: Skipping loading recipe endergetic:poise_door_from_poise_stems_sawing as it's serializer returned null
[01Aug2026 04:31:46.404] [main/ERROR] [net.minecraft.world.item.crafting.RecipeManager/]: Parsing error loading recipe sullysmod:grindstone_polishing/gelogicexpansion/black_polished_prismatic_stone_stairs_from_black_prismatic_stone_stairs: com.google.gson.JsonSyntaxException: Invalid or unsupported recipe type 'sullysmod:grindstone_polishing'
[01Aug2026 04:31:46.405] [main/WARN] [com.simibubi.create.Create/]: Your custom createaddition:rolling/copper_ingot recipe (createaddition:rolling/copper_ingot) specified a duration. Durations have no impact on this type of recipe.
[01Aug2026 04:31:46.406] [main/ERROR] [net.minecraft.world.item.crafting.RecipeManager/]: Parsing error loading recipe sullysmod:grindstone_polishing/twigs/polished_tuff_stairs_from_tuff_stairs: com.google.gson.JsonSyntaxException: Invalid or unsupported recipe type 'sullysmod:grindstone_polishing'
[01Aug2026 04:31:46.409] [main/ERROR] [net.minecraft.world.item.crafting.RecipeManager/]: Parsing error loading recipe sullysmod:grindstone_polishing/netherdungeons/polished_ominous_quartz_from_ominous_quartz: com.google.gson.JsonSyntaxException: Invalid or unsupported recipe type 'sullysmod:grindstone_polishing'
[01Aug2026 04:31:46.412] [main/ERROR] [net.minecraft.world.item.crafting.RecipeManager/]: Parsing error loading recipe extra_compat:cloggrum_club: com.google.gson.JsonSyntaxException: Unknown item 'undergarden:cloggrum_ingot'
[01Aug2026 04:31:46.413] [main/ERROR] [net.minecraft.world.item.crafting.RecipeManager/]: Parsing error loading recipe sullysmod:grindstone_polishing/gelogicexpansion/pink_polished_prismatic_stone_slab_from_pink_prismatic_stone_slab: com.google.gson.JsonSyntaxException: Invalid or unsupported recipe type 'sullysmod:grindstone_polishing'
[01Aug2026 04:31:46.414] [main/ERROR] [net.minecraft.world.item.crafting.RecipeManager/]: Parsing error loading recipe sullysmod:grindstone_polishing/gelogicexpansion/green_polished_prismatic_stone_wall_from_green_prismatic_stone_wall: com.google.gson.JsonSyntaxException: Invalid or unsupported recipe type 'sullysmod:grindstone_polishing'
[01Aug2026 04:31:46.419] [main/ERROR] [net.minecraft.world.item.crafting.RecipeManager/]: Parsing error loading recipe farmersdelight:cutting/galosphere/sterling_leggings: com.google.gson.JsonSyntaxException: Unknown item 'galosphere:sterling_leggings'
[01Aug2026 04:31:46.422] [main/ERROR] [net.minecraft.world.item.crafting.RecipeManager/]: Parsing error loading recipe farmersdelight:cutting/conjurer_illager/conjurer_hat: com.google.gson.JsonSyntaxException: Unknown item 'conjurer_illager:conjurer_hat'
[01Aug2026 04:31:46.427] [main/WARN] [com.mafuyu404.oneenoughitem.Oneenoughitem/]: ItemStackMixin: Replacement item is null for targetItemId: create_eternal_journey:weightless_sphere, original item: minecraft:elytra
[01Aug2026 04:31:46.438] [main/ERROR] [net.minecraft.world.item.crafting.RecipeManager/]: Parsing error loading recipe jeed:stunning: com.google.gson.JsonSyntaxException: Unknown item 'oreganized:lead_ingot'
[01Aug2026 04:31:46.440] [main/ERROR] [net.minecraft.world.item.crafting.RecipeManager/]: Parsing error loading recipe autumnity:wallpapers/light_gray_wallpaper_roll: com.google.gson.JsonSyntaxException: Unknown item 'wallpapers:light_gray_wallpaper_roll'
[01Aug2026 04:31:46.440] [main/ERROR] [net.minecraft.world.item.crafting.RecipeManager/]: Parsing error loading recipe jeed:fear: com.google.gson.JsonSyntaxException: Unknown item 'alexsmobs:spawn_egg_tiger'
[01Aug2026 04:31:46.446] [main/WARN] [com.mafuyu404.oneenoughitem.Oneenoughitem/]: ItemStackMixin: Replacement item is null for targetItemId: create_eternal_journey:weightless_sphere, original item: minecraft:elytra
[01Aug2026 04:31:46.460] [main/WARN] [com.mafuyu404.oneenoughitem.Oneenoughitem/]: ItemStackMixin: Replacement item is null for targetItemId: create_eternal_journey:weightless_sphere, original item: minecraft:elytra
[01Aug2026 04:31:46.471] [main/INFO] [net.minecraft.world.item.crafting.RecipeManager/]: Skipping loading recipe endergetic:poise_boards_from_poise_planks_sawing as it's serializer returned null
[01Aug2026 04:31:46.472] [main/ERROR] [net.minecraft.world.item.crafting.RecipeManager/]: Parsing error loading recipe sullysmod:grindstone_polishing/gelogicexpansion/orange_polished_prismatic_stone_wall_from_orange_prismatic_stone_wall: com.google.gson.JsonSyntaxException: Invalid or unsupported recipe type 'sullysmod:grindstone_polishing'
[01Aug2026 04:31:46.478] [main/WARN] [com.mafuyu404.oneenoughitem.Oneenoughitem/]: ItemStackMixin: Replacement item is null for targetItemId: create_eternal_journey:weightless_sphere, original item: minecraft:elytra
[01Aug2026 04:31:46.487] [main/ERROR] [net.minecraft.world.item.crafting.RecipeManager/]: Parsing error loading recipe extra_compat:cooked_chevon_chop: com.google.gson.JsonSyntaxException: Unknown item 'extra_compat:chevon_chop'
[01Aug2026 04:31:46.494] [main/WARN] [com.mafuyu404.oneenoughitem.Oneenoughitem/]: ItemStackMixin: Replacement item is null for targetItemId: create_eternal_journey:weightless_sphere, original item: minecraft:elytra
[01Aug2026 04:31:46.504] [main/ERROR] [net.minecraft.world.item.crafting.RecipeManager/]: Parsing error loading recipe farmersdelight:cutting/wilderness/overgrown_birch_log: com.google.gson.JsonSyntaxException: Unknown item 'wilderness:overgrown_birch_log'
[01Aug2026 04:31:46.510] [main/WARN] [com.mafuyu404.oneenoughitem.Oneenoughitem/]: ItemStackMixin: Replacement item is null for targetItemId: create_eternal_journey:weightless_sphere, original item: minecraft:elytra
[01Aug2026 04:31:46.518] [main/ERROR] [net.minecraft.world.item.crafting.RecipeManager/]: Parsing error loading recipe extra_compat:cloggrum_dagger: com.google.gson.JsonSyntaxException: Unknown item 'undergarden:cloggrum_ingot'
[01Aug2026 04:31:46.518] [main/ERROR] [net.minecraft.world.item.crafting.RecipeManager/]: Parsing error loading recipe farmersdelight:cutting/goated/cooked_chevon: com.google.gson.JsonSyntaxException: Unknown item 'goated:cooked_chevon'
[01Aug2026 04:31:46.520] [main/ERROR] [net.minecraft.world.item.crafting.RecipeManager/]: Parsing error loading recipe sullysmod:grindstone_polishing/gelogicexpansion/red_polished_prismatic_stone_stairs_from_red_prismatic_stone_stairs: com.google.gson.JsonSyntaxException: Invalid or unsupported recipe type 'sullysmod:grindstone_polishing'
[01Aug2026 04:31:46.521] [main/ERROR] [net.minecraft.world.item.crafting.RecipeManager/]: Parsing error loading recipe sullysmod:grindstone_polishing/galosphere/polished_rose_pink_salt_wall_from_rose_pink_salt_wall: com.google.gson.JsonSyntaxException: Invalid or unsupported recipe type 'sullysmod:grindstone_polishing'
[01Aug2026 04:31:46.521] [main/INFO] [net.minecraft.world.item.crafting.RecipeManager/]: Skipping loading recipe create_connected:crafting/palettes/copycat_fence_gate as it's serializer returned null
[01Aug2026 04:31:46.521] [main/ERROR] [net.minecraft.world.item.crafting.RecipeManager/]: Parsing error loading recipe sullysmod:grindstone_polishing/galosphere/polished_pink_salt_stairs_from_pink_salt_stairs: com.google.gson.JsonSyntaxException: Invalid or unsupported recipe type 'sullysmod:grindstone_polishing'
[01Aug2026 04:31:46.525] [main/INFO] [net.minecraft.world.item.crafting.RecipeManager/]: Skipping loading recipe endergetic:large_poise_boat as it's serializer returned null
[01Aug2026 04:31:46.526] [main/ERROR] [net.minecraft.world.item.crafting.RecipeManager/]: Parsing error loading recipe sullysmod:grindstone_polishing/gelogicexpansion/polished_limestone_wall_from_limestone_wall: com.google.gson.JsonSyntaxException: Invalid or unsupported recipe type 'sullysmod:grindstone_polishing'
[01Aug2026 04:31:46.532] [main/WARN] [com.mafuyu404.oneenoughitem.Oneenoughitem/]: ItemStackMixin: Replacement item is null for targetItemId: create_eternal_journey:weightless_sphere, original item: minecraft:elytra
[01Aug2026 04:31:46.542] [main/ERROR] [net.minecraft.world.item.crafting.RecipeManager/]: Parsing error loading recipe sullysmod:grindstone_polishing/gelogicexpansion/purple_polished_prismatic_stone_slab_from_purple_prismatic_stone_slab: com.google.gson.JsonSyntaxException: Invalid or unsupported recipe type 'sullysmod:grindstone_polishing'
[01Aug2026 04:31:46.542] [main/ERROR] [net.minecraft.world.item.crafting.RecipeManager/]: Parsing error loading recipe sullysmod:grindstone_polishing/galosphere/polished_pink_salt_wall_from_pink_salt_wall: com.google.gson.JsonSyntaxException: Invalid or unsupported recipe type 'sullysmod:grindstone_polishing'
[01Aug2026 04:31:46.543] [main/ERROR] [net.minecraft.world.item.crafting.RecipeManager/]: Parsing error loading recipe extra_compat:tortoise_egg_crate: com.google.gson.JsonSyntaxException: Unknown item 'sullysmod:tortoise_egg'
[01Aug2026 04:31:46.548] [main/WARN] [com.mafuyu404.oneenoughitem.Oneenoughitem/]: ItemStackMixin: Replacement item is null for targetItemId: create_eternal_journey:weightless_sphere, original item: minecraft:elytra
[01Aug2026 04:31:46.562] [main/WARN] [com.mafuyu404.oneenoughitem.Oneenoughitem/]: ItemStackMixin: Replacement item is null for targetItemId: create_eternal_journey:weightless_sphere, original item: minecraft:elytra
[01Aug2026 04:31:46.571] [main/INFO] [net.minecraft.world.item.crafting.RecipeManager/]: Skipping loading recipe endergetic:poise_ladder_from_poise_planks_sawing as it's serializer returned null
[01Aug2026 04:31:46.574] [main/ERROR] [net.minecraft.world.item.crafting.RecipeManager/]: Parsing error loading recipe sullysmod:grindstone_polishing/gelogicexpansion/gray_polished_prismatic_stone_from_gray_prismatic_stone: com.google.gson.JsonSyntaxException: Invalid or unsupported recipe type 'sullysmod:grindstone_polishing'
[01Aug2026 04:31:46.575] [main/INFO] [net.minecraft.world.item.crafting.RecipeManager/]: Skipping loading recipe endergetic:poise_ladder_from_poise_stems_sawing as it's serializer returned null
[01Aug2026 04:31:46.576] [main/INFO] [net.minecraft.world.item.crafting.RecipeManager/]: Skipping loading recipe endergetic:poise_chest as it's serializer returned null
[01Aug2026 04:31:46.576] [main/ERROR] [net.minecraft.world.item.crafting.RecipeManager/]: Parsing error loading recipe sullysmod:grindstone_polishing/gelogicexpansion/pink_polished_prismatic_stone_stairs_from_pink_prismatic_stone_stairs: com.google.gson.JsonSyntaxException: Invalid or unsupported recipe type 'sullysmod:grindstone_polishing'
[01Aug2026 04:31:46.582] [main/ERROR] [net.minecraft.world.item.crafting.RecipeManager/]: Parsing error loading recipe createfisheryindustry:peeling/deadrock_powder_from_deadrock: com.google.gson.JsonSyntaxException: Unknown item 'twilightforest:cracked_deadrock'
[01Aug2026 04:31:46.584] [main/ERROR] [net.minecraft.world.item.crafting.RecipeManager/]: Parsing error loading recipe jeed:speed: com.google.gson.JsonSyntaxException: Unknown item 'goated:barbaric_helmet'
[01Aug2026 04:31:46.585] [main/ERROR] [net.minecraft.world.item.crafting.RecipeManager/]: Parsing error loading recipe sullysmod:grindstone_polishing/gelogicexpansion/black_polished_prismatic_stone_wall_from_black_prismatic_stone_wall: com.google.gson.JsonSyntaxException: Invalid or unsupported recipe type 'sullysmod:grindstone_polishing'
[01Aug2026 04:31:46.587] [main/INFO] [net.minecraft.world.item.crafting.RecipeManager/]: Skipping loading recipe create_connected:crafting/palettes/copycat_slab_from_steps as it's serializer returned null
[01Aug2026 04:31:46.587] [main/ERROR] [net.minecraft.world.item.crafting.RecipeManager/]: Parsing error loading recipe sullysmod:grindstone_polishing/netherdungeons/polished_ominous_quartz_stairs_from_ominous_quartz_stairs: com.google.gson.JsonSyntaxException: Invalid or unsupported recipe type 'sullysmod:grindstone_polishing'
[01Aug2026 04:31:46.589] [main/ERROR] [net.minecraft.world.item.crafting.RecipeManager/]: Parsing error loading recipe sullysmod:grindstone_polishing/gelogicexpansion/polished_prismatic_stone_slab_from_prismatic_stone_slab: com.google.gson.JsonSyntaxException: Invalid or unsupported recipe type 'sullysmod:grindstone_polishing'
[01Aug2026 04:31:46.591] [main/ERROR] [net.minecraft.world.item.crafting.RecipeManager/]: Parsing error loading recipe farmersdelight:cutting/habitat/yellow_anthurium: com.google.gson.JsonSyntaxException: Unknown item 'habitat:yellow_anthurium'
[01Aug2026 04:31:46.594] [main/ERROR] [net.minecraft.world.item.crafting.RecipeManager/]: Parsing error loading recipe farmersdelight:cutting/habitat/white_anthurium: com.google.gson.JsonSyntaxException: Unknown item 'habitat:white_anthurium'
[01Aug2026 04:31:46.596] [main/ERROR] [net.minecraft.world.item.crafting.RecipeManager/]: Parsing error loading recipe sullysmod:grindstone_polishing/gelogicexpansion/polished_limestone_slab_from_limestone_slab: com.google.gson.JsonSyntaxException: Invalid or unsupported recipe type 'sullysmod:grindstone_polishing'
[01Aug2026 04:31:46.599] [main/ERROR] [net.minecraft.world.item.crafting.RecipeManager/]: Parsing error loading recipe autumnity:wallpapers/cyan_wallpaper_roll: com.google.gson.JsonSyntaxException: Unknown item 'wallpapers:cyan_wallpaper_roll'
[01Aug2026 04:31:46.603] [main/ERROR] [net.minecraft.world.item.crafting.RecipeManager/]: Parsing error loading recipe sullysmod:grindstone_polishing/gelogicexpansion/light_blue_polished_prismatic_stone_wall_from_light_blue_prismatic_stone_wall: com.google.gson.JsonSyntaxException: Invalid or unsupported recipe type 'sullysmod:grindstone_polishing'
[01Aug2026 04:31:46.607] [main/INFO] [net.minecraft.world.item.crafting.RecipeManager/]: Skipping loading recipe endergetic:poise_button_from_poise_stems_sawing as it's serializer returned null
[01Aug2026 04:31:46.608] [main/INFO] [net.minecraft.world.item.crafting.RecipeManager/]: Skipping loading recipe create_connected:crafting/palettes/copycat_beam as it's serializer returned null
[01Aug2026 04:31:46.609] [main/ERROR] [net.minecraft.world.item.crafting.RecipeManager/]: Parsing error loading recipe sullysmod:grindstone_polishing/gelogicexpansion/lime_polished_prismatic_stone_slab_from_lime_prismatic_stone_slab: com.google.gson.JsonSyntaxException: Invalid or unsupported recipe type 'sullysmod:grindstone_polishing'
[01Aug2026 04:31:46.618] [main/WARN] [com.mafuyu404.oneenoughitem.Oneenoughitem/]: ItemStackMixin: Replacement item is null for targetItemId: create_eternal_journey:weightless_sphere, original item: minecraft:elytra
[01Aug2026 04:31:46.635] [main/ERROR] [net.minecraft.world.item.crafting.RecipeManager/]: Parsing error loading recipe farmersdelight:cutting/wilderness/overgrown_spruce_wood: com.google.gson.JsonSyntaxException: Unknown item 'wilderness:overgrown_spruce_wood'
[01Aug2026 04:31:46.644] [main/WARN] [com.mafuyu404.oneenoughitem.Oneenoughitem/]: ItemStackMixin: Replacement item is null for targetItemId: create_eternal_journey:weightless_sphere, original item: minecraft:elytra
[01Aug2026 04:31:46.654] [main/ERROR] [net.minecraft.world.item.crafting.RecipeManager/]: Parsing error loading recipe autumnity:wallpapers/purple_wallpaper_roll: com.google.gson.JsonSyntaxException: Unknown item 'wallpapers:purple_wallpaper_roll'
[01Aug2026 04:31:46.659] [main/WARN] [com.mafuyu404.oneenoughitem.Oneenoughitem/]: ItemStackMixin: Replacement item is null for targetItemId: create_eternal_journey:weightless_sphere, original item: minecraft:elytra
[01Aug2026 04:31:46.673] [main/WARN] [com.mafuyu404.oneenoughitem.Oneenoughitem/]: ItemStackMixin: Replacement item is null for targetItemId: create_eternal_journey:weightless_sphere, original item: minecraft:elytra
[01Aug2026 04:31:46.682] [main/INFO] [net.minecraft.world.item.crafting.RecipeManager/]: Skipping loading recipe endergetic:poise_trapdoor_from_poise_stems_sawing as it's serializer returned null
[01Aug2026 04:31:46.690] [main/WARN] [com.mafuyu404.oneenoughitem.Oneenoughitem/]: ItemStackMixin: Replacement item is null for targetItemId: create_eternal_journey:weightless_sphere, original item: minecraft:elytra
[01Aug2026 04:31:46.704] [main/ERROR] [net.minecraft.world.item.crafting.RecipeManager/]: Parsing error loading recipe create:sandpaper_polishing/biomes_o_plenty_rose_quartz_chunk: com.google.gson.JsonSyntaxException: Unknown item 'biomesoplenty:rose_quartz_chunk'
[01Aug2026 04:31:46.704] [main/ERROR] [net.minecraft.world.item.crafting.RecipeManager/]: Parsing error loading recipe farmersdelight:cutting/galosphere/sterling_chestplate: com.google.gson.JsonSyntaxException: Unknown item 'galosphere:sterling_chestplate'
[01Aug2026 04:31:46.710] [main/WARN] [com.mafuyu404.oneenoughitem.Oneenoughitem/]: ItemStackMixin: Replacement item is null for targetItemId: create_eternal_journey:weightless_sphere, original item: minecraft:elytra
[01Aug2026 04:31:46.727] [main/WARN] [com.mafuyu404.oneenoughitem.Oneenoughitem/]: ItemStackMixin: Replacement item is null for targetItemId: create_eternal_journey:weightless_sphere, original item: minecraft:elytra
[01Aug2026 04:31:46.747] [main/WARN] [com.mafuyu404.oneenoughitem.Oneenoughitem/]: ItemStackMixin: Replacement item is null for targetItemId: create_eternal_journey:weightless_sphere, original item: minecraft:elytra
[01Aug2026 04:31:46.766] [main/WARN] [com.mafuyu404.oneenoughitem.Oneenoughitem/]: ItemStackMixin: Replacement item is null for targetItemId: create_eternal_journey:weightless_sphere, original item: minecraft:elytra
[01Aug2026 04:31:46.778] [main/INFO] [net.minecraft.world.item.crafting.RecipeManager/]: Skipping loading recipe create_connected:crafting/palettes/copycat_wall as it's serializer returned null
[01Aug2026 04:31:46.779] [main/INFO] [net.minecraft.world.item.crafting.RecipeManager/]: Skipping loading recipe endergetic:poise_planks_from_poise_stems_sawing as it's serializer returned null
[01Aug2026 04:31:46.780] [main/ERROR] [net.minecraft.world.item.crafting.RecipeManager/]: Parsing error loading recipe extra_compat:forgotten_dagger_smithing: com.google.gson.JsonSyntaxException: Unknown item 'undergarden:forgotten_upgrade_smithing_template'
[01Aug2026 04:31:46.782] [main/ERROR] [net.minecraft.world.item.crafting.RecipeManager/]: Parsing error loading recipe rainbowreef:milk_bottle_goby_gummy: com.google.gson.JsonSyntaxException: Unknown item 'rainbowreef:raw_goby'
[01Aug2026 04:31:46.783] [main/ERROR] [net.minecraft.world.item.crafting.RecipeManager/]: Parsing error loading recipe extra_compat:cloggrum_gloves: com.google.gson.JsonSyntaxException: Unknown item 'undergarden:cloggrum_ingot'
[01Aug2026 04:31:46.783] [main/WARN] [com.simibubi.create.Create/]: Your custom createaddition:rolling/electrum_plate recipe (createaddition:rolling/electrum_plate) specified a duration. Durations have no impact on this type of recipe.
[01Aug2026 04:31:46.791] [main/WARN] [com.mafuyu404.oneenoughitem.Oneenoughitem/]: ItemStackMixin: Replacement item is null for targetItemId: create_eternal_journey:weightless_sphere, original item: minecraft:elytra
[01Aug2026 04:31:46.802] [main/ERROR] [net.minecraft.world.item.crafting.RecipeManager/]: Parsing error loading recipe sullysmod:grindstone_polishing/gelogicexpansion/black_polished_prismatic_stone_from_black_prismatic_stone: com.google.gson.JsonSyntaxException: Invalid or unsupported recipe type 'sullysmod:grindstone_polishing'
[01Aug2026 04:31:46.809] [main/WARN] [com.mafuyu404.oneenoughitem.Oneenoughitem/]: ItemStackMixin: Replacement item is null for targetItemId: create_eternal_journey:weightless_sphere, original item: minecraft:elytra
[01Aug2026 04:31:46.819] [main/ERROR] [net.minecraft.world.item.crafting.RecipeManager/]: Parsing error loading recipe extra_compat:forgotten_hammer_smithing: com.google.gson.JsonSyntaxException: Unknown item 'undergarden:forgotten_upgrade_smithing_template'
[01Aug2026 04:31:46.821] [main/ERROR] [net.minecraft.world.item.crafting.RecipeManager/]: Parsing error loading recipe supplementaries:twigs/clean_flowered_paper_lanterns: com.google.gson.JsonSyntaxException: Unknown item 'twigs:paper_lantern'
[01Aug2026 04:31:46.822] [main/ERROR] [net.minecraft.world.item.crafting.RecipeManager/]: Parsing error loading recipe autumnity:wallpapers/orange_wallpaper_roll: com.google.gson.JsonSyntaxException: Unknown item 'wallpapers:orange_wallpaper_roll'
[01Aug2026 04:31:46.829] [main/WARN] [com.mafuyu404.oneenoughitem.Oneenoughitem/]: ItemStackMixin: Replacement item is null for targetItemId: create_eternal_journey:weightless_sphere, original item: minecraft:elytra
[01Aug2026 04:31:46.840] [main/ERROR] [net.minecraft.world.item.crafting.RecipeManager/]: Parsing error loading recipe extra_compat:cloggrum_quarterstaff: com.google.gson.JsonSyntaxException: Unknown item 'undergarden:cloggrum_ingot'
[01Aug2026 04:31:46.842] [main/WARN] [com.mafuyu404.oneenoughitem.Oneenoughitem/]: ItemStackMixin: Replacement item is null for targetItemId: create_eternal_journey:weightless_sphere, original item: minecraft:elytra
[01Aug2026 04:31:46.849] [main/WARN] [com.mafuyu404.oneenoughitem.Oneenoughitem/]: ItemStackMixin: Replacement item is null for targetItemId: create_eternal_journey:weightless_sphere, original item: minecraft:elytra
[01Aug2026 04:31:46.861] [main/ERROR] [net.minecraft.world.item.crafting.RecipeManager/]: Parsing error loading recipe extra_compat:forgotten_quarterstaff_smithing: com.google.gson.JsonSyntaxException: Unknown item 'undergarden:forgotten_upgrade_smithing_template'
[01Aug2026 04:31:46.861] [main/ERROR] [net.minecraft.world.item.crafting.RecipeManager/]: Parsing error loading recipe autumnity:wallpapers/white_wallpaper_roll: com.google.gson.JsonSyntaxException: Unknown item 'wallpapers:white_wallpaper_roll'
[01Aug2026 04:31:46.869] [main/WARN] [com.mafuyu404.oneenoughitem.Oneenoughitem/]: ItemStackMixin: Replacement item is null for targetItemId: create_eternal_journey:weightless_sphere, original item: minecraft:elytra
[01Aug2026 04:31:46.883] [main/WARN] [com.mafuyu404.oneenoughitem.Oneenoughitem/]: ItemStackMixin: Replacement item is null for targetItemId: create_eternal_journey:weightless_sphere, original item: minecraft:elytra
[01Aug2026 04:31:46.894] [main/WARN] [com.mafuyu404.oneenoughitem.Oneenoughitem/]: ItemStackMixin: Replacement item is null for targetItemId: create_eternal_journey:weightless_sphere, original item: minecraft:elytra
[01Aug2026 04:31:46.902] [main/ERROR] [net.minecraft.world.item.crafting.RecipeManager/]: Parsing error loading recipe createfisheryindustry:peeling/deadrock_powder_from_cracked: com.google.gson.JsonSyntaxException: Unknown item 'twilightforest:deadrock'
[01Aug2026 04:31:46.902] [main/ERROR] [net.minecraft.world.item.crafting.RecipeManager/]: Parsing error loading recipe sullysmod:grindstone_polishing/gelogicexpansion/gray_polished_prismatic_stone_stairs_from_gray_prismatic_stone_stairs: com.google.gson.JsonSyntaxException: Invalid or unsupported recipe type 'sullysmod:grindstone_polishing'
[01Aug2026 04:31:46.910] [main/WARN] [com.mafuyu404.oneenoughitem.Oneenoughitem/]: ItemStackMixin: Replacement item is null for targetItemId: create_eternal_journey:weightless_sphere, original item: minecraft:elytra
[01Aug2026 04:31:46.925] [main/WARN] [com.mafuyu404.oneenoughitem.Oneenoughitem/]: ItemStackMixin: Replacement item is null for targetItemId: create_eternal_journey:weightless_sphere, original item: minecraft:elytra
[01Aug2026 04:31:46.933] [main/ERROR] [net.minecraft.world.item.crafting.RecipeManager/]: Parsing error loading recipe farmersdelight:cutting/galosphere/lumiere_block: com.google.gson.JsonSyntaxException: Unknown item 'galosphere:lumiere_block'
[01Aug2026 04:31:46.933] [main/ERROR] [net.minecraft.world.item.crafting.RecipeManager/]: Parsing error loading recipe extra_compat:utherium_hammer: com.google.gson.JsonSyntaxException: Unknown item 'undergarden:utherium_crystal'
[01Aug2026 04:31:46.934] [main/ERROR] [net.minecraft.world.item.crafting.RecipeManager/]: Parsing error loading recipe sullysmod:grindstone_polishing/twigs/polished_calcite_from_calcite: com.google.gson.JsonSyntaxException: Invalid or unsupported recipe type 'sullysmod:grindstone_polishing'
[01Aug2026 04:31:46.935] [main/ERROR] [net.minecraft.world.item.crafting.RecipeManager/]: Parsing error loading recipe extra_compat:froststeel_spear: com.google.gson.JsonSyntaxException: Unknown item 'undergarden:froststeel_ingot'
[01Aug2026 04:31:46.935] [main/INFO] [net.minecraft.world.item.crafting.RecipeManager/]: Skipping loading recipe supplementaries:inspirations/flag_clear as it's serializer returned null
[01Aug2026 04:31:46.940] [main/WARN] [com.mafuyu404.oneenoughitem.Oneenoughitem/]: ItemStackMixin: Replacement item is null for targetItemId: create_eternal_journey:weightless_sphere, original item: minecraft:elytra
[01Aug2026 04:31:46.950] [Forge Version Check/WARN] [net.minecraftforge.fml.VersionChecker/]: Failed to process update information
java.net.http.HttpConnectTimeoutException: HTTP connect timed out
	at jdk.internal.net.http.HttpClientImpl.send(HttpClientImpl.java:894) ~[java.net.http:?]
	at jdk.internal.net.http.HttpClientFacade.send(HttpClientFacade.java:133) ~[java.net.http:?]
	at net.minecraftforge.fml.VersionChecker$1.openUrlString(VersionChecker.java:142) ~[fmlcore-1.20.1-47.4.22.jar%23691!/:?]
	at net.minecraftforge.fml.VersionChecker$1.process(VersionChecker.java:180) ~[fmlcore-1.20.1-47.4.22.jar%23691!/:?]
	at java.lang.Iterable.forEach(Iterable.java:75) ~[?:?]
	at net.minecraftforge.fml.VersionChecker$1.run(VersionChecker.java:117) ~[fmlcore-1.20.1-47.4.22.jar%23691!/:?]
Caused by: java.net.http.HttpConnectTimeoutException: HTTP connect timed out
	at jdk.internal.net.http.ResponseTimerEvent.handle(ResponseTimerEvent.java:68) ~[java.net.http:?]
	at jdk.internal.net.http.HttpClientImpl.purgeTimeoutsAndReturnNextDeadline(HttpClientImpl.java:1693) ~[java.net.http:?]
	at jdk.internal.net.http.HttpClientImpl$SelectorManager.run(HttpClientImpl.java:1311) ~[java.net.http:?]
Caused by: java.net.ConnectException: HTTP connect timed out
	at jdk.internal.net.http.ResponseTimerEvent.handle(ResponseTimerEvent.java:69) ~[java.net.http:?]
	at jdk.internal.net.http.HttpClientImpl.purgeTimeoutsAndReturnNextDeadline(HttpClientImpl.java:1693) ~[java.net.http:?]
	at jdk.internal.net.http.HttpClientImpl$SelectorManager.run(HttpClientImpl.java:1311) ~[java.net.http:?]
[01Aug2026 04:31:46.951] [Forge Version Check/INFO] [net.minecraftforge.fml.VersionChecker/]: [supplementaries] Starting version check at https://api.modrinth.com/updates/supplementaries/forge_updates.json
[01Aug2026 04:31:46.955] [main/WARN] [com.mafuyu404.oneenoughitem.Oneenoughitem/]: ItemStackMixin: Replacement item is null for targetItemId: create_eternal_journey:weightless_sphere, original item: minecraft:elytra
[01Aug2026 04:31:46.964] [main/WARN] [com.mafuyu404.oneenoughitem.Oneenoughitem/]: ItemStackMixin: Replacement item is null for targetItemId: create_eternal_journey:weightless_sphere, original item: minecraft:elytra
[01Aug2026 04:31:46.970] [main/WARN] [com.mafuyu404.oneenoughitem.Oneenoughitem/]: ItemStackMixin: Replacement item is null for targetItemId: create_eternal_journey:weightless_sphere, original item: minecraft:elytra
[01Aug2026 04:31:46.979] [main/ERROR] [net.minecraft.world.item.crafting.RecipeManager/]: Parsing error loading recipe jeed:tigers_blessing: com.google.gson.JsonSyntaxException: Unknown item 'alexsmobs:spawn_egg_tiger'
[01Aug2026 04:31:46.985] [main/WARN] [com.mafuyu404.oneenoughitem.Oneenoughitem/]: ItemStackMixin: Replacement item is null for targetItemId: create_eternal_journey:weightless_sphere, original item: minecraft:elytra
[01Aug2026 04:31:46.996] [main/WARN] [com.simibubi.create.Create/]: Your custom createaddition:rolling/iron_plate recipe (createaddition:rolling/iron_plate) specified a duration. Durations have no impact on this type of recipe.
[01Aug2026 04:31:47.003] [Forge Version Check/INFO] [net.minecraftforge.fml.VersionChecker/]: [supplementaries] Found status: OUTDATED Current: 1.20-3.1.43 Target: 1.20-3.1.43-forge
[01Aug2026 04:31:47.003] [Forge Version Check/INFO] [net.minecraftforge.fml.VersionChecker/]: [mr_lukis_woodlandmansions] Starting version check at https://api.modrinth.com/updates/RZN5D3zs/forge_updates.json
[01Aug2026 04:31:47.004] [main/WARN] [com.mafuyu404.oneenoughitem.Oneenoughitem/]: ItemStackMixin: Replacement item is null for targetItemId: create_eternal_journey:weightless_sphere, original item: minecraft:elytra
[01Aug2026 04:31:47.015] [main/ERROR] [net.minecraft.world.item.crafting.RecipeManager/]: Parsing error loading recipe jeed:orcas_might: com.google.gson.JsonSyntaxException: Unknown item 'alexsmobs:spawn_egg_orca'
[01Aug2026 04:31:47.015] [main/ERROR] [net.minecraft.world.item.crafting.RecipeManager/]: Parsing error loading recipe farmersdelight:cutting/wilderness/overgrown_birch_wood: com.google.gson.JsonSyntaxException: Unknown item 'wilderness:overgrown_birch_wood'
[01Aug2026 04:31:47.016] [main/ERROR] [net.minecraft.world.item.crafting.RecipeManager/]: Parsing error loading recipe extra_compat:cooked_chevon_chop_from_smoking: com.google.gson.JsonSyntaxException: Unknown item 'extra_compat:chevon_chop'
[01Aug2026 04:31:47.016] [main/ERROR] [net.minecraft.world.item.crafting.RecipeManager/]: Parsing error loading recipe extra_compat:froststeel_club: com.google.gson.JsonSyntaxException: Unknown item 'undergarden:froststeel_ingot'
[01Aug2026 04:31:47.017] [main/ERROR] [net.minecraft.world.item.crafting.RecipeManager/]: Parsing error loading recipe jeed:oiled: com.google.gson.JsonSyntaxException: Unknown item 'alexsmobs:fish_oil'
[01Aug2026 04:31:47.023] [main/WARN] [com.mafuyu404.oneenoughitem.Oneenoughitem/]: ItemStackMixin: Replacement item is null for targetItemId: create_eternal_journey:weightless_sphere, original item: minecraft:elytra
[01Aug2026 04:31:47.030] [main/INFO] [net.minecraft.world.item.crafting.RecipeManager/]: Skipping loading recipe endergetic:poise_boards_from_poise_stems_sawing as it's serializer returned null
[01Aug2026 04:31:47.031] [main/ERROR] [net.minecraft.world.item.crafting.RecipeManager/]: Parsing error loading recipe extra_compat:utherium_great_sword: com.google.gson.JsonSyntaxException: Unknown item 'undergarden:utherium_sword'
[01Aug2026 04:31:47.033] [main/ERROR] [net.minecraft.world.item.crafting.RecipeManager/]: Parsing error loading recipe seasonals:cooking/pumpkin_adzuki_stew: com.google.gson.JsonSyntaxException: Unknown item 'seasonals:pumpkin_puree'
[01Aug2026 04:31:47.039] [main/WARN] [com.mafuyu404.oneenoughitem.Oneenoughitem/]: ItemStackMixin: Replacement item is null for targetItemId: create_eternal_journey:weightless_sphere, original item: minecraft:elytra
[01Aug2026 04:31:47.047] [main/ERROR] [net.minecraft.world.item.crafting.RecipeManager/]: Parsing error loading recipe jeed:night_vision: com.google.gson.JsonSyntaxException: Unknown item 'enemyexpansion:phantasm_helmet'
[01Aug2026 04:31:47.048] [main/ERROR] [net.minecraft.world.item.crafting.RecipeManager/]: Parsing error loading recipe sullysmod:grindstone_polishing/gelogicexpansion/white_polished_prismatic_stone_slab_from_white_prismatic_stone_slab: com.google.gson.JsonSyntaxException: Invalid or unsupported recipe type 'sullysmod:grindstone_polishing'
[01Aug2026 04:31:47.049] [main/ERROR] [net.minecraft.world.item.crafting.RecipeManager/]: Parsing error loading recipe extra_compat:froststeel_dagger: com.google.gson.JsonSyntaxException: Unknown item 'undergarden:froststeel_ingot'
[01Aug2026 04:31:47.055] [main/WARN] [com.mafuyu404.oneenoughitem.Oneenoughitem/]: ItemStackMixin: Replacement item is null for targetItemId: create_eternal_journey:weightless_sphere, original item: minecraft:elytra
[01Aug2026 04:31:47.063] [main/ERROR] [net.minecraft.world.item.crafting.RecipeManager/]: Parsing error loading recipe autumnity:wallpapers/yellow_wallpaper_roll: com.google.gson.JsonSyntaxException: Unknown item 'wallpapers:yellow_wallpaper_roll'
[01Aug2026 04:31:47.068] [Forge Version Check/INFO] [net.minecraftforge.fml.VersionChecker/]: [mr_lukis_woodlandmansions] Found status: AHEAD Current: 1-v.1.0 Target: null
[01Aug2026 04:31:47.069] [main/WARN] [com.mafuyu404.oneenoughitem.Oneenoughitem/]: ItemStackMixin: Replacement item is null for targetItemId: create_eternal_journey:weightless_sphere, original item: minecraft:elytra
[01Aug2026 04:31:47.086] [main/WARN] [com.mafuyu404.oneenoughitem.Oneenoughitem/]: ItemStackMixin: Replacement item is null for targetItemId: create_eternal_journey:weightless_sphere, original item: minecraft:elytra
[01Aug2026 04:31:47.097] [main/ERROR] [net.minecraft.world.item.crafting.RecipeManager/]: Parsing error loading recipe supplementaries:clayworks/ash_brick_from_baking: com.google.gson.JsonSyntaxException: Invalid or unsupported recipe type 'clayworks:baking'
[01Aug2026 04:31:47.097] [main/ERROR] [net.minecraft.world.item.crafting.RecipeManager/]: Parsing error loading recipe sullysmod:grindstone_polishing/gelogicexpansion/cyan_polished_prismatic_stone_stairs_from_cyan_prismatic_stone_stairs: com.google.gson.JsonSyntaxException: Invalid or unsupported recipe type 'sullysmod:grindstone_polishing'
[01Aug2026 04:31:47.107] [main/WARN] [com.mafuyu404.oneenoughitem.Oneenoughitem/]: ItemStackMixin: Replacement item is null for targetItemId: create_eternal_journey:weightless_sphere, original item: minecraft:elytra
[01Aug2026 04:31:47.116] [main/ERROR] [net.minecraft.world.item.crafting.RecipeManager/]: Parsing error loading recipe farmersdelight:cutting/wilderness/overgrown_spruce_log: com.google.gson.JsonSyntaxException: Unknown item 'wilderness:overgrown_spruce_log'
[01Aug2026 04:31:47.117] [main/ERROR] [net.minecraft.world.item.crafting.RecipeManager/]: Parsing error loading recipe jeed:jump_boost: com.google.gson.JsonSyntaxException: Unknown item 'enemyexpansion:phantasm_leggings'
[01Aug2026 04:31:47.118] [main/ERROR] [net.minecraft.world.item.crafting.RecipeManager/]: Parsing error loading recipe sullysmod:grindstone_polishing/gelogicexpansion/polished_prismatic_stone_from_prismatic_stone: com.google.gson.JsonSyntaxException: Invalid or unsupported recipe type 'sullysmod:grindstone_polishing'
[01Aug2026 04:31:47.120] [main/ERROR] [net.minecraft.world.item.crafting.RecipeManager/]: Parsing error loading recipe farmersdelight:cutting/buzzier_bees/white_clover: com.google.gson.JsonSyntaxException: Unknown item 'buzzier_bees:white_clover'
[01Aug2026 04:31:47.120] [main/ERROR] [net.minecraft.world.item.crafting.RecipeManager/]: Parsing error loading recipe sullysmod:grindstone_polishing/gelogicexpansion/lime_polished_prismatic_stone_from_lime_prismatic_stone: com.google.gson.JsonSyntaxException: Invalid or unsupported recipe type 'sullysmod:grindstone_polishing'
[01Aug2026 04:31:47.121] [main/ERROR] [net.minecraft.world.item.crafting.RecipeManager/]: Parsing error loading recipe extra_compat:forgotten_great_sword_smithing: com.google.gson.JsonSyntaxException: Unknown item 'undergarden:forgotten_upgrade_smithing_template'
[01Aug2026 04:31:47.122] [main/INFO] [net.minecraft.world.item.crafting.RecipeManager/]: Skipping loading recipe endergetic:poise_fence_from_poise_stems_sawing as it's serializer returned null
[01Aug2026 04:31:47.122] [main/ERROR] [net.minecraft.world.item.crafting.RecipeManager/]: Parsing error loading recipe alexsmobs:cooking/mosquito_repellent_stew: com.google.gson.JsonSyntaxException: Unknown item 'alexsmobs:triops_eggs'
[01Aug2026 04:31:47.124] [main/WARN] [com.simibubi.create.Create/]: Your custom createaddition:rolling/gold_plate recipe (createaddition:rolling/gold_plate) specified a duration. Durations have no impact on this type of recipe.
[01Aug2026 04:31:47.125] [main/ERROR] [net.minecraft.world.item.crafting.RecipeManager/]: Parsing error loading recipe jeed:earthquake: com.google.gson.JsonSyntaxException: Unknown item 'alexsmobs:spawn_egg_rocky_roller'
[01Aug2026 04:31:47.126] [main/INFO] [net.minecraft.world.item.crafting.RecipeManager/]: Skipping loading recipe endergetic:poise_stairs_from_poise_planks_sawing as it's serializer returned null
[01Aug2026 04:31:47.126] [main/ERROR] [net.minecraft.world.item.crafting.RecipeManager/]: Parsing error loading recipe culturaldelights:cutting/cut_cucumber: com.google.gson.JsonSyntaxException: Unknown item 'vintagedelight:cucumber'
[01Aug2026 04:31:47.134] [main/WARN] [com.mafuyu404.oneenoughitem.Oneenoughitem/]: ItemStackMixin: Replacement item is null for targetItemId: create_eternal_journey:weightless_sphere, original item: minecraft:elytra
[01Aug2026 04:31:47.153] [main/WARN] [com.mafuyu404.oneenoughitem.Oneenoughitem/]: ItemStackMixin: Replacement item is null for targetItemId: create_eternal_journey:weightless_sphere, original item: minecraft:elytra
[01Aug2026 04:31:47.169] [main/WARN] [com.mafuyu404.oneenoughitem.Oneenoughitem/]: ItemStackMixin: Replacement item is null for targetItemId: create_eternal_journey:weightless_sphere, original item: minecraft:elytra
[01Aug2026 04:31:47.179] [main/INFO] [net.minecraft.world.item.crafting.RecipeManager/]: Skipping loading recipe endergetic:cracked_end_stone_bricks_from_baking as it's serializer returned null
[01Aug2026 04:31:47.180] [main/ERROR] [net.minecraft.world.item.crafting.RecipeManager/]: Parsing error loading recipe sullysmod:grindstone_polishing/gelogicexpansion/orange_polished_prismatic_stone_stairs_from_orange_prismatic_stone_stairs: com.google.gson.JsonSyntaxException: Invalid or unsupported recipe type 'sullysmod:grindstone_polishing'
[01Aug2026 04:31:47.181] [main/ERROR] [net.minecraft.world.item.crafting.RecipeManager/]: Parsing error loading recipe extra_compat:utherium_great_axe: com.google.gson.JsonSyntaxException: Unknown item 'undergarden:utherium_axe'
[01Aug2026 04:31:47.183] [main/ERROR] [net.minecraft.world.item.crafting.RecipeManager/]: Parsing error loading recipe extra_compat:utherium_club: com.google.gson.JsonSyntaxException: Unknown item 'undergarden:utherium_crystal'
[01Aug2026 04:31:47.190] [main/WARN] [com.mafuyu404.oneenoughitem.Oneenoughitem/]: ItemStackMixin: Replacement item is null for targetItemId: create_eternal_journey:weightless_sphere, original item: minecraft:elytra
[01Aug2026 04:31:47.205] [main/WARN] [com.simibubi.create.Create/]: Your custom createaddition:rolling/electrum_ingot recipe (createaddition:rolling/electrum_ingot) specified a duration. Durations have no impact on this type of recipe.
[01Aug2026 04:31:47.209] [main/ERROR] [net.minecraft.world.item.crafting.RecipeManager/]: Parsing error loading recipe farmersdelight:cutting/twigs/silt_bricks: com.google.gson.JsonSyntaxException: Unknown item 'twigs:silt_bricks'
[01Aug2026 04:31:47.210] [main/ERROR] [net.minecraft.world.item.crafting.RecipeManager/]: Parsing error loading recipe sullysmod:grindstone_polishing/gelogicexpansion/black_polished_prismatic_stone_slab_from_black_prismatic_stone_slab: com.google.gson.JsonSyntaxException: Invalid or unsupported recipe type 'sullysmod:grindstone_polishing'
[01Aug2026 04:31:47.210] [main/ERROR] [net.minecraft.world.item.crafting.RecipeManager/]: Parsing error loading recipe jeed:fleet_footed: com.google.gson.JsonSyntaxException: Unknown item 'alexsmobs:spawn_egg_jerboa'
[01Aug2026 04:31:47.212] [main/INFO] [net.minecraft.world.item.crafting.RecipeManager/]: Skipping loading recipe supplementaries:inspirations/blackboard_clear as it's serializer returned null
[01Aug2026 04:31:47.218] [main/WARN] [com.mafuyu404.oneenoughitem.Oneenoughitem/]: ItemStackMixin: Replacement item is null for targetItemId: create_eternal_journey:weightless_sphere, original item: minecraft:elytra
[01Aug2026 04:31:47.227] [main/ERROR] [net.minecraft.world.item.crafting.RecipeManager/]: Parsing error loading recipe sullysmod:grindstone_polishing/gelogicexpansion/red_polished_prismatic_stone_from_red_prismatic_stone: com.google.gson.JsonSyntaxException: Invalid or unsupported recipe type 'sullysmod:grindstone_polishing'
[01Aug2026 04:31:47.227] [main/ERROR] [net.minecraft.world.item.crafting.RecipeManager/]: Parsing error loading recipe sullysmod:grindstone_polishing/twigs/polished_calcite_slab_from_calcite_slab: com.google.gson.JsonSyntaxException: Invalid or unsupported recipe type 'sullysmod:grindstone_polishing'
[01Aug2026 04:31:47.230] [main/ERROR] [net.minecraft.world.item.crafting.RecipeManager/]: Parsing error loading recipe alexscaves:cooking/seething_stew: com.google.gson.JsonSyntaxException: Unknown item 'alexscaves:dinosaur_chop'
[01Aug2026 04:31:47.231] [main/ERROR] [net.minecraft.world.item.crafting.RecipeManager/]: Parsing error loading recipe sullysmod:grindstone_polishing/gelogicexpansion/magenta_polished_prismatic_stone_from_magenta_prismatic_stone: com.google.gson.JsonSyntaxException: Invalid or unsupported recipe type 'sullysmod:grindstone_polishing'
[01Aug2026 04:31:47.231] [main/ERROR] [net.minecraft.world.item.crafting.RecipeManager/]: Parsing error loading recipe sullysmod:grindstone_polishing/gelogicexpansion/blue_polished_prismatic_stone_wall_from_blue_prismatic_stone_wall: com.google.gson.JsonSyntaxException: Invalid or unsupported recipe type 'sullysmod:grindstone_polishing'
[01Aug2026 04:31:47.232] [main/ERROR] [net.minecraft.world.item.crafting.RecipeManager/]: Parsing error loading recipe alexscaves:cooking/vesper_stew: com.google.gson.JsonSyntaxException: Unknown item 'alexscaves:vesper_wing'
[01Aug2026 04:31:47.235] [main/ERROR] [net.minecraft.world.item.crafting.RecipeManager/]: Parsing error loading recipe autumnity:wallpapers/pink_wallpaper_roll: com.google.gson.JsonSyntaxException: Unknown item 'wallpapers:pink_wallpaper_roll'
[01Aug2026 04:31:47.242] [main/WARN] [com.mafuyu404.oneenoughitem.Oneenoughitem/]: ItemStackMixin: Replacement item is null for targetItemId: create_eternal_journey:weightless_sphere, original item: minecraft:elytra
[01Aug2026 04:31:47.252] [main/ERROR] [net.minecraft.world.item.crafting.RecipeManager/]: Parsing error loading recipe extra_compat:froststeel_gloves: com.google.gson.JsonSyntaxException: Unknown item 'undergarden:froststeel_ingot'
[01Aug2026 04:31:47.252] [main/ERROR] [net.minecraft.world.item.crafting.RecipeManager/]: Parsing error loading recipe jeed:sunbird_curse: com.google.gson.JsonSyntaxException: Unknown item 'alexsmobs:spawn_egg_sunbird'
[01Aug2026 04:31:47.258] [main/WARN] [com.mafuyu404.oneenoughitem.Oneenoughitem/]: ItemStackMixin: Replacement item is null for targetItemId: create_eternal_journey:weightless_sphere, original item: minecraft:elytra
[01Aug2026 04:31:47.268] [main/ERROR] [net.minecraft.world.item.crafting.RecipeManager/]: Parsing error loading recipe sullysmod:grindstone_polishing/gelogicexpansion/lime_polished_prismatic_stone_stairs_from_lime_prismatic_stone_stairs: com.google.gson.JsonSyntaxException: Invalid or unsupported recipe type 'sullysmod:grindstone_polishing'
[01Aug2026 04:31:47.270] [main/INFO] [net.minecraft.world.item.crafting.RecipeManager/]: Skipping loading recipe create_connected:crafting/palettes/copycat_stairs as it's serializer returned null
[01Aug2026 04:31:47.271] [main/ERROR] [net.minecraft.world.item.crafting.RecipeManager/]: Parsing error loading recipe extra_compat:froststeel_great_sword: com.google.gson.JsonSyntaxException: Unknown item 'undergarden:froststeel_sword'
[01Aug2026 04:31:47.278] [main/WARN] [com.mafuyu404.oneenoughitem.Oneenoughitem/]: ItemStackMixin: Replacement item is null for targetItemId: create_eternal_journey:weightless_sphere, original item: minecraft:elytra
[01Aug2026 04:31:47.294] [main/WARN] [com.mafuyu404.oneenoughitem.Oneenoughitem/]: ItemStackMixin: Replacement item is null for targetItemId: create_eternal_journey:weightless_sphere, original item: minecraft:elytra
[01Aug2026 04:31:47.305] [main/ERROR] [net.minecraft.world.item.crafting.RecipeManager/]: Parsing error loading recipe sullysmod:grindstone_polishing/gelogicexpansion/orange_polished_prismatic_stone_from_orange_prismatic_stone: com.google.gson.JsonSyntaxException: Invalid or unsupported recipe type 'sullysmod:grindstone_polishing'
[01Aug2026 04:31:47.305] [main/ERROR] [net.minecraft.world.item.crafting.RecipeManager/]: Parsing error loading recipe sullysmod:grindstone_polishing/gelogicexpansion/yellow_polished_prismatic_stone_slab_from_yellow_prismatic_stone_slab: com.google.gson.JsonSyntaxException: Invalid or unsupported recipe type 'sullysmod:grindstone_polishing'
[01Aug2026 04:31:47.312] [main/WARN] [com.mafuyu404.oneenoughitem.Oneenoughitem/]: ItemStackMixin: Replacement item is null for targetItemId: create_eternal_journey:weightless_sphere, original item: minecraft:elytra
[01Aug2026 04:31:47.322] [main/ERROR] [net.minecraft.world.item.crafting.RecipeManager/]: Parsing error loading recipe sullysmod:grindstone_polishing/gelogicexpansion/purple_polished_prismatic_stone_wall_from_purple_prismatic_stone_wall: com.google.gson.JsonSyntaxException: Invalid or unsupported recipe type 'sullysmod:grindstone_polishing'
[01Aug2026 04:31:47.322] [main/INFO] [net.minecraft.world.item.crafting.RecipeManager/]: Skipping loading recipe endergetic:poise_furnace_boat as it's serializer returned null
[01Aug2026 04:31:47.323] [main/ERROR] [net.minecraft.world.item.crafting.RecipeManager/]: Parsing error loading recipe sullysmod:grindstone_polishing/gelogicexpansion/gray_polished_prismatic_stone_slab_from_gray_prismatic_stone_slab: com.google.gson.JsonSyntaxException: Invalid or unsupported recipe type 'sullysmod:grindstone_polishing'
[01Aug2026 04:31:47.324] [main/ERROR] [net.minecraft.world.item.crafting.RecipeManager/]: Parsing error loading recipe sullysmod:grindstone_polishing/galosphere/polished_pastel_pink_salt_wall_from_pastel_pink_salt_wall: com.google.gson.JsonSyntaxException: Invalid or unsupported recipe type 'sullysmod:grindstone_polishing'
[01Aug2026 04:31:47.325] [main/ERROR] [net.minecraft.world.item.crafting.RecipeManager/]: Parsing error loading recipe sullysmod:grindstone_polishing/gelogicexpansion/light_blue_polished_prismatic_stone_slab_from_light_blue_prismatic_stone_slab: com.google.gson.JsonSyntaxException: Invalid or unsupported recipe type 'sullysmod:grindstone_polishing'
[01Aug2026 04:31:47.326] [main/ERROR] [net.minecraft.world.item.crafting.RecipeManager/]: Parsing error loading recipe autumnity:wallpapers/light_blue_wallpaper_roll: com.google.gson.JsonSyntaxException: Unknown item 'wallpapers:light_blue_wallpaper_roll'
[01Aug2026 04:31:47.326] [main/INFO] [net.minecraft.world.item.crafting.RecipeManager/]: Skipping loading recipe supplementaries:inspirations/flag_dye as it's serializer returned null
[01Aug2026 04:31:47.326] [main/INFO] [net.minecraft.world.item.crafting.RecipeManager/]: Skipping loading recipe endergetic:poise_slab_from_poise_planks_sawing as it's serializer returned null
[01Aug2026 04:31:47.326] [main/ERROR] [net.minecraft.world.item.crafting.RecipeManager/]: Parsing error loading recipe sullysmod:grindstone_polishing/gelogicexpansion/light_blue_polished_prismatic_stone_stairs_from_light_blue_prismatic_stone_stairs: com.google.gson.JsonSyntaxException: Invalid or unsupported recipe type 'sullysmod:grindstone_polishing'
[01Aug2026 04:31:47.328] [main/ERROR] [net.minecraft.world.item.crafting.RecipeManager/]: Parsing error loading recipe sullysmod:grindstone_polishing/gelogicexpansion/red_polished_prismatic_stone_wall_from_red_prismatic_stone_wall: com.google.gson.JsonSyntaxException: Invalid or unsupported recipe type 'sullysmod:grindstone_polishing'
[01Aug2026 04:31:47.328] [main/ERROR] [net.minecraft.world.item.crafting.RecipeManager/]: Parsing error loading recipe worldofwonder:stem_boat_recipe: com.google.gson.JsonSyntaxException: Unknown item 'worldofwonder:stem_planks'
[01Aug2026 04:31:47.329] [main/ERROR] [net.minecraft.world.item.crafting.RecipeManager/]: Parsing error loading recipe autumnity:wallpapers/brown_wallpaper_roll: com.google.gson.JsonSyntaxException: Unknown item 'wallpapers:brown_wallpaper_roll'
[01Aug2026 04:31:47.330] [main/ERROR] [net.minecraft.world.item.crafting.RecipeManager/]: Parsing error loading recipe sullysmod:grindstone_polishing/galosphere/polished_rose_pink_salt_from_rose_pink_salt: com.google.gson.JsonSyntaxException: Invalid or unsupported recipe type 'sullysmod:grindstone_polishing'
[01Aug2026 04:31:47.338] [main/WARN] [com.mafuyu404.oneenoughitem.Oneenoughitem/]: ItemStackMixin: Replacement item is null for targetItemId: create_eternal_journey:weightless_sphere, original item: minecraft:elytra
[01Aug2026 04:31:47.348] [main/ERROR] [net.minecraft.world.item.crafting.RecipeManager/]: Parsing error loading recipe extra_compat:froststeel_quarterstaff: com.google.gson.JsonSyntaxException: Unknown item 'undergarden:froststeel_ingot'
[01Aug2026 04:31:47.350] [main/ERROR] [net.minecraft.world.item.crafting.RecipeManager/]: Parsing error loading recipe farmersdelight:cutting/goated/chevon: com.google.gson.JsonSyntaxException: Unknown item 'goated:chevon'
[01Aug2026 04:31:47.351] [main/ERROR] [net.minecraft.world.item.crafting.RecipeManager/]: Parsing error loading recipe sullysmod:grindstone_polishing/gelogicexpansion/orange_polished_prismatic_stone_slab_from_orange_prismatic_stone_slab: com.google.gson.JsonSyntaxException: Invalid or unsupported recipe type 'sullysmod:grindstone_polishing'
[01Aug2026 04:31:47.352] [main/ERROR] [net.minecraft.world.item.crafting.RecipeManager/]: Parsing error loading recipe extra_compat:utherium_gloves: com.google.gson.JsonSyntaxException: Unknown item 'undergarden:utherium_crystal'
[01Aug2026 04:31:47.358] [main/WARN] [com.mafuyu404.oneenoughitem.Oneenoughitem/]: ItemStackMixin: Replacement item is null for targetItemId: create_eternal_journey:weightless_sphere, original item: minecraft:elytra
[01Aug2026 04:31:47.368] [main/ERROR] [net.minecraft.world.item.crafting.RecipeManager/]: Parsing error loading recipe farmersdelight:cutting/alexsmobs/falconry_glove: com.google.gson.JsonSyntaxException: Unknown item 'alexsmobs:falconry_glove'
[01Aug2026 04:31:47.370] [main/ERROR] [net.minecraft.world.item.crafting.RecipeManager/]: Parsing error loading recipe sullysmod:grindstone_polishing/gelogicexpansion/polished_prismatic_stone_wall_from_prismatic_stone_wall: com.google.gson.JsonSyntaxException: Invalid or unsupported recipe type 'sullysmod:grindstone_polishing'
[01Aug2026 04:31:47.370] [main/ERROR] [net.minecraft.world.item.crafting.RecipeManager/]: Parsing error loading recipe sullysmod:grindstone_polishing/gelogicexpansion/purple_polished_prismatic_stone_from_purple_prismatic_stone: com.google.gson.JsonSyntaxException: Invalid or unsupported recipe type 'sullysmod:grindstone_polishing'
[01Aug2026 04:31:47.370] [main/ERROR] [net.minecraft.world.item.crafting.RecipeManager/]: Parsing error loading recipe rainbowreef:milk_bottle_buttered_butterflyfish: com.google.gson.JsonSyntaxException: Unknown item 'rainbowreef:raw_butterflyfish'
[01Aug2026 04:31:47.395] [main/WARN] [com.mafuyu404.oneenoughitem.Oneenoughitem/]: ItemStackMixin: Replacement item is null for targetItemId: create_eternal_journey:weightless_sphere, original item: minecraft:elytra
[01Aug2026 04:31:47.405] [main/WARN] [com.simibubi.create.Create/]: Your custom createaddition:rolling/iron_ingot recipe (createaddition:rolling/iron_ingot) specified a duration. Durations have no impact on this type of recipe.
[01Aug2026 04:31:47.408] [main/ERROR] [net.minecraft.world.item.crafting.RecipeManager/]: Parsing error loading recipe culturaldelights:pickle_crate: com.google.gson.JsonSyntaxException: Unknown item 'vintagedelight:pickle'
[01Aug2026 04:31:47.409] [main/ERROR] [net.minecraft.world.item.crafting.RecipeManager/]: Parsing error loading recipe sullysmod:grindstone_polishing/gelogicexpansion/magenta_polished_prismatic_stone_wall_from_magenta_prismatic_stone_wall: com.google.gson.JsonSyntaxException: Invalid or unsupported recipe type 'sullysmod:grindstone_polishing'
[01Aug2026 04:31:47.409] [main/ERROR] [net.minecraft.world.item.crafting.RecipeManager/]: Parsing error loading recipe sullysmod:grindstone_polishing/gelogicexpansion/white_polished_prismatic_stone_from_white_prismatic_stone: com.google.gson.JsonSyntaxException: Invalid or unsupported recipe type 'sullysmod:grindstone_polishing'
[01Aug2026 04:31:47.409] [main/ERROR] [net.minecraft.world.item.crafting.RecipeManager/]: Parsing error loading recipe farmersdelight:cutting/aromatic/cinnamon_stem: com.google.gson.JsonSyntaxException: Unknown item 'aromatic:cinnamon_log_thin'
[01Aug2026 04:31:47.411] [main/ERROR] [net.minecraft.world.item.crafting.RecipeManager/]: Parsing error loading recipe sullysmod:grindstone_polishing/gelogicexpansion/green_polished_prismatic_stone_from_green_prismatic_stone: com.google.gson.JsonSyntaxException: Invalid or unsupported recipe type 'sullysmod:grindstone_polishing'
[01Aug2026 04:31:47.411] [main/INFO] [net.minecraft.world.item.crafting.RecipeManager/]: Skipping loading recipe endergetic:trapped_poise_chest as it's serializer returned null
[01Aug2026 04:31:47.411] [main/INFO] [net.minecraft.world.item.crafting.RecipeManager/]: Skipping loading recipe create_connected:crafting/palettes/copycat_slab_from_beams as it's serializer returned null
[01Aug2026 04:31:47.418] [main/WARN] [com.mafuyu404.oneenoughitem.Oneenoughitem/]: ItemStackMixin: Replacement item is null for targetItemId: create_eternal_journey:weightless_sphere, original item: minecraft:elytra
[01Aug2026 04:31:47.429] [main/ERROR] [net.minecraft.world.item.crafting.RecipeManager/]: Parsing error loading recipe jeed:nausea: com.google.gson.JsonSyntaxException: Unknown item 'alexsmobs:spawn_egg_skunk'
[01Aug2026 04:31:47.435] [main/WARN] [com.mafuyu404.oneenoughitem.Oneenoughitem/]: ItemStackMixin: Replacement item is null for targetItemId: create_eternal_journey:weightless_sphere, original item: minecraft:elytra
[01Aug2026 04:31:47.444] [main/ERROR] [net.minecraft.world.item.crafting.RecipeManager/]: Parsing error loading recipe sullysmod:grindstone_polishing/gelogicexpansion/yellow_polished_prismatic_stone_stairs_yellow_prismatic_stone_stairs: com.google.gson.JsonSyntaxException: Invalid or unsupported recipe type 'sullysmod:grindstone_polishing'
[01Aug2026 04:31:47.449] [main/WARN] [com.mafuyu404.oneenoughitem.Oneenoughitem/]: ItemStackMixin: Replacement item is null for targetItemId: create_eternal_journey:weightless_sphere, original item: minecraft:elytra
[01Aug2026 04:31:47.461] [main/WARN] [com.mafuyu404.oneenoughitem.Oneenoughitem/]: ItemStackMixin: Replacement item is null for targetItemId: create_eternal_journey:weightless_sphere, original item: minecraft:elytra
[01Aug2026 04:31:47.473] [main/WARN] [com.mafuyu404.oneenoughitem.Oneenoughitem/]: ItemStackMixin: Replacement item is null for targetItemId: create_eternal_journey:weightless_sphere, original item: minecraft:elytra
[01Aug2026 04:31:47.480] [main/ERROR] [net.minecraft.world.item.crafting.RecipeManager/]: Parsing error loading recipe farmersdelight:cutting/galosphere/allurite_block: com.google.gson.JsonSyntaxException: Unknown item 'galosphere:allurite_block'
[01Aug2026 04:31:47.481] [main/INFO] [net.minecraft.world.item.crafting.RecipeManager/]: Skipping loading recipe endergetic:cracked_eumus_bricks_from_baking as it's serializer returned null
[01Aug2026 04:31:47.482] [main/ERROR] [net.minecraft.world.item.crafting.RecipeManager/]: Parsing error loading recipe extra_compat:forgotten_spear_smithing: com.google.gson.JsonSyntaxException: Unknown item 'undergarden:forgotten_upgrade_smithing_template'
[01Aug2026 04:31:47.482] [main/ERROR] [net.minecraft.world.item.crafting.RecipeManager/]: Parsing error loading recipe fluid:deploying/honeycomb_mold: com.google.gson.JsonSyntaxException: Missing item, expected to find a string
[01Aug2026 04:31:47.483] [main/ERROR] [net.minecraft.world.item.crafting.RecipeManager/]: Parsing error loading recipe sullysmod:grindstone_polishing/galosphere/polished_pastel_pink_salt_slab_from_pastel_pink_salt_slab: com.google.gson.JsonSyntaxException: Invalid or unsupported recipe type 'sullysmod:grindstone_polishing'
[01Aug2026 04:31:47.484] [main/ERROR] [net.minecraft.world.item.crafting.RecipeManager/]: Parsing error loading recipe jeed:blast_endurance: com.google.gson.JsonSyntaxException: Unknown item 'habitat:kabloom_pulp_block'
[01Aug2026 04:31:47.490] [main/WARN] [com.mafuyu404.oneenoughitem.Oneenoughitem/]: ItemStackMixin: Replacement item is null for targetItemId: create_eternal_journey:weightless_sphere, original item: minecraft:elytra
[01Aug2026 04:31:47.499] [main/ERROR] [net.minecraft.world.item.crafting.RecipeManager/]: Parsing error loading recipe autumnity:wallpapers/green_wallpaper_roll: com.google.gson.JsonSyntaxException: Unknown item 'wallpapers:green_wallpaper_roll'
[01Aug2026 04:31:47.499] [main/ERROR] [net.minecraft.world.item.crafting.RecipeManager/]: Parsing error loading recipe sullysmod:grindstone_polishing/gelogicexpansion/green_polished_prismatic_stone_slab_from_green_prismatic_stone_slab: com.google.gson.JsonSyntaxException: Invalid or unsupported recipe type 'sullysmod:grindstone_polishing'
[01Aug2026 04:31:47.505] [main/WARN] [com.mafuyu404.oneenoughitem.Oneenoughitem/]: ItemStackMixin: Replacement item is null for targetItemId: create_eternal_journey:weightless_sphere, original item: minecraft:elytra
[01Aug2026 04:31:47.519] [main/ERROR] [net.minecraft.world.item.crafting.RecipeManager/]: Parsing error loading recipe sullysmod:grindstone_polishing/gelogicexpansion/light_blue_polished_prismatic_stone_from_light_blue_prismatic_stone: com.google.gson.JsonSyntaxException: Invalid or unsupported recipe type 'sullysmod:grindstone_polishing'
[01Aug2026 04:31:47.520] [main/INFO] [net.minecraft.world.item.crafting.RecipeManager/]: Skipping loading recipe endergetic:poise_button_from_poise_planks_sawing as it's serializer returned null
[01Aug2026 04:31:47.521] [main/ERROR] [net.minecraft.world.item.crafting.RecipeManager/]: Parsing error loading recipe extra_compat:cloggrum_spear: com.google.gson.JsonSyntaxException: Unknown item 'undergarden:cloggrum_ingot'
[01Aug2026 04:31:47.522] [main/ERROR] [net.minecraft.world.item.crafting.RecipeManager/]: Parsing error loading recipe sullysmod:grindstone_polishing/galosphere/polished_pastel_pink_salt_stairs_from_pastel_pink_salt_stairs: com.google.gson.JsonSyntaxException: Invalid or unsupported recipe type 'sullysmod:grindstone_polishing'
[01Aug2026 04:31:47.527] [main/WARN] [com.mafuyu404.oneenoughitem.Oneenoughitem/]: ItemStackMixin: Replacement item is null for targetItemId: create_eternal_journey:weightless_sphere, original item: minecraft:elytra
[01Aug2026 04:31:47.535] [main/ERROR] [net.minecraft.world.item.crafting.RecipeManager/]: Parsing error loading recipe extra_compat:cooked_chevon_chop_from_campfire_cooking: com.google.gson.JsonSyntaxException: Unknown item 'extra_compat:chevon_chop'
[01Aug2026 04:31:47.537] [main/ERROR] [net.minecraft.world.item.crafting.RecipeManager/]: Parsing error loading recipe farmersdelight:cutting/wilderness/overgrown_oak_wood: com.google.gson.JsonSyntaxException: Unknown item 'wilderness:overgrown_oak_wood'
[01Aug2026 04:31:47.543] [main/WARN] [com.mafuyu404.oneenoughitem.Oneenoughitem/]: ItemStackMixin: Replacement item is null for targetItemId: create_eternal_journey:weightless_sphere, original item: minecraft:elytra
[01Aug2026 04:31:47.552] [main/ERROR] [net.minecraft.world.item.crafting.RecipeManager/]: Parsing error loading recipe sullysmod:grindstone_polishing/gelogicexpansion/green_polished_prismatic_stone_stairs_from_green_prismatic_stone_stairs: com.google.gson.JsonSyntaxException: Invalid or unsupported recipe type 'sullysmod:grindstone_polishing'
[01Aug2026 04:31:47.552] [main/ERROR] [net.minecraft.world.item.crafting.RecipeManager/]: Parsing error loading recipe sullysmod:grindstone_polishing/gelogicexpansion/light_gray_polished_prismatic_stone_slab_from_light_gray_prismatic_stone_slab: com.google.gson.JsonSyntaxException: Invalid or unsupported recipe type 'sullysmod:grindstone_polishing'
[01Aug2026 04:31:47.553] [main/ERROR] [net.minecraft.world.item.crafting.RecipeManager/]: Parsing error loading recipe sullysmod:grindstone_polishing/gelogicexpansion/blue_polished_prismatic_stone_from_blue_prismatic_stone: com.google.gson.JsonSyntaxException: Invalid or unsupported recipe type 'sullysmod:grindstone_polishing'
[01Aug2026 04:31:47.558] [main/WARN] [com.mafuyu404.oneenoughitem.Oneenoughitem/]: ItemStackMixin: Replacement item is null for targetItemId: create_eternal_journey:weightless_sphere, original item: minecraft:elytra
[01Aug2026 04:31:47.567] [main/ERROR] [net.minecraft.world.item.crafting.RecipeManager/]: Parsing error loading recipe cgs:drilling/lead: com.google.gson.JsonSyntaxException: Invalid or unsupported recipe type 'createoreexcavation:drilling'
[01Aug2026 04:31:47.572] [main/WARN] [com.mafuyu404.oneenoughitem.Oneenoughitem/]: ItemStackMixin: Replacement item is null for targetItemId: create_eternal_journey:weightless_sphere, original item: minecraft:elytra
[01Aug2026 04:31:47.583] [main/ERROR] [net.minecraft.world.item.crafting.RecipeManager/]: Parsing error loading recipe culturaldelights:cutting/cut_pickle: com.google.gson.JsonSyntaxException: Unknown item 'vintagedelight:pickle'
[01Aug2026 04:31:47.590] [main/WARN] [com.mafuyu404.oneenoughitem.Oneenoughitem/]: ItemStackMixin: Replacement item is null for targetItemId: create_eternal_journey:weightless_sphere, original item: minecraft:elytra
[01Aug2026 04:31:47.600] [main/ERROR] [net.minecraft.world.item.crafting.RecipeManager/]: Parsing error loading recipe autumnity:wallpapers/gray_wallpaper_roll: com.google.gson.JsonSyntaxException: Unknown item 'wallpapers:gray_wallpaper_roll'
[01Aug2026 04:31:47.606] [main/WARN] [com.mafuyu404.oneenoughitem.Oneenoughitem/]: ItemStackMixin: Replacement item is null for targetItemId: create_eternal_journey:weightless_sphere, original item: minecraft:elytra
[01Aug2026 04:31:47.617] [main/ERROR] [net.minecraft.world.item.crafting.RecipeManager/]: Parsing error loading recipe sullysmod:grindstone_polishing/gelogicexpansion/red_polished_prismatic_stone_slab_from_red_prismatic_stone_slab: com.google.gson.JsonSyntaxException: Invalid or unsupported recipe type 'sullysmod:grindstone_polishing'
[01Aug2026 04:31:47.618] [main/WARN] [com.simibubi.create.Create/]: Your custom createaddition:rolling/gold_ingot recipe (createaddition:rolling/gold_ingot) specified a duration. Durations have no impact on this type of recipe.
[01Aug2026 04:31:47.618] [main/INFO] [net.minecraft.world.item.crafting.RecipeManager/]: Skipping loading recipe endergetic:poise_pressure_plate_from_poise_stems_sawing as it's serializer returned null
[01Aug2026 04:31:47.622] [main/WARN] [com.simibubi.create.Create/]: Your custom createaddition:rolling/straw recipe (createaddition:rolling/straw) specified a duration. Durations have no impact on this type of recipe.
[01Aug2026 04:31:47.622] [main/ERROR] [net.minecraft.world.item.crafting.RecipeManager/]: Parsing error loading recipe farmersdelight:cutting/habitat/red_anthurium: com.google.gson.JsonSyntaxException: Unknown item 'habitat:red_anthurium'
[01Aug2026 04:31:47.624] [main/ERROR] [net.minecraft.world.item.crafting.RecipeManager/]: Parsing error loading recipe jeed:debilitating_sting: com.google.gson.JsonSyntaxException: Unknown item 'alexsmobs:spawn_egg_tarantula_hawk'
[01Aug2026 04:31:47.632] [main/WARN] [com.mafuyu404.oneenoughitem.Oneenoughitem/]: ItemStackMixin: Replacement item is null for targetItemId: create_eternal_journey:weightless_sphere, original item: minecraft:elytra
[01Aug2026 04:31:47.642] [main/ERROR] [net.minecraft.world.item.crafting.RecipeManager/]: Parsing error loading recipe autumnity:wallpapers/magenta_wallpaper_roll: com.google.gson.JsonSyntaxException: Unknown item 'wallpapers:magenta_wallpaper_roll'
[01Aug2026 04:31:47.644] [main/ERROR] [net.minecraft.world.item.crafting.RecipeManager/]: Parsing error loading recipe sullysmod:grindstone_polishing/gelogicexpansion/pink_polished_prismatic_stone_from_pink_prismatic_stone: com.google.gson.JsonSyntaxException: Invalid or unsupported recipe type 'sullysmod:grindstone_polishing'
[01Aug2026 04:31:47.650] [main/WARN] [com.mafuyu404.oneenoughitem.Oneenoughitem/]: ItemStackMixin: Replacement item is null for targetItemId: create_eternal_journey:weightless_sphere, original item: minecraft:elytra
[01Aug2026 04:31:47.659] [main/ERROR] [net.minecraft.world.item.crafting.RecipeManager/]: Parsing error loading recipe farmersdelight:cutting/toughasnails/empty_canteen: com.google.gson.JsonSyntaxException: Unknown item 'toughasnails:empty_canteen'
[01Aug2026 04:31:47.659] [main/ERROR] [net.minecraft.world.item.crafting.RecipeManager/]: Parsing error loading recipe farmersdelight:cutting/alexsmobs/falconry_hood: com.google.gson.JsonSyntaxException: Unknown item 'alexsmobs:falconry_hood'
[01Aug2026 04:31:47.667] [main/WARN] [com.mafuyu404.oneenoughitem.Oneenoughitem/]: ItemStackMixin: Replacement item is null for targetItemId: create_eternal_journey:weightless_sphere, original item: minecraft:elytra
[01Aug2026 04:31:47.676] [main/ERROR] [net.minecraft.world.item.crafting.RecipeManager/]: Parsing error loading recipe extra_compat:cloggrum_hammer: com.google.gson.JsonSyntaxException: Unknown item 'undergarden:cloggrum_ingot'
[01Aug2026 04:31:47.682] [main/WARN] [com.mafuyu404.oneenoughitem.Oneenoughitem/]: ItemStackMixin: Replacement item is null for targetItemId: create_eternal_journey:weightless_sphere, original item: minecraft:elytra
[01Aug2026 04:31:47.696] [main/WARN] [com.mafuyu404.oneenoughitem.Oneenoughitem/]: ItemStackMixin: Replacement item is null for targetItemId: create_eternal_journey:weightless_sphere, original item: minecraft:elytra
[01Aug2026 04:31:47.707] [main/INFO] [net.minecraft.world.item.crafting.RecipeManager/]: Skipping loading recipe create_connected:crafting/palettes/copycat_block as it's serializer returned null
[01Aug2026 04:31:47.711] [main/WARN] [com.mafuyu404.oneenoughitem.Oneenoughitem/]: ItemStackMixin: Replacement item is null for targetItemId: create_eternal_journey:weightless_sphere, original item: minecraft:elytra
[01Aug2026 04:31:47.728] [main/WARN] [com.mafuyu404.oneenoughitem.Oneenoughitem/]: ItemStackMixin: Replacement item is null for targetItemId: create_eternal_journey:weightless_sphere, original item: minecraft:elytra
[01Aug2026 04:31:47.736] [main/ERROR] [net.minecraft.world.item.crafting.RecipeManager/]: Parsing error loading recipe sullysmod:grindstone_polishing/galosphere/polished_rose_pink_salt_stairs_from_rose_pink_salt_stairs: com.google.gson.JsonSyntaxException: Invalid or unsupported recipe type 'sullysmod:grindstone_polishing'
[01Aug2026 04:31:47.736] [main/INFO] [net.minecraft.world.item.crafting.RecipeManager/]: Skipping loading recipe create_connected:crafting/palettes/copycat_board as it's serializer returned null
[01Aug2026 04:31:47.738] [main/ERROR] [net.minecraft.world.item.crafting.RecipeManager/]: Parsing error loading recipe extra_compat:utherium_dagger: com.google.gson.JsonSyntaxException: Unknown item 'undergarden:utherium_crystal'
[01Aug2026 04:31:47.739] [main/INFO] [net.minecraft.world.item.crafting.RecipeManager/]: Skipping loading recipe endergetic:poise_slab_from_poise_stems_sawing as it's serializer returned null
[01Aug2026 04:31:47.741] [main/ERROR] [net.minecraft.world.item.crafting.RecipeManager/]: Parsing error loading recipe autumnity:wallpapers/red_wallpaper_roll: com.google.gson.JsonSyntaxException: Unknown item 'wallpapers:red_wallpaper_roll'
[01Aug2026 04:31:47.742] [main/ERROR] [net.minecraft.world.item.crafting.RecipeManager/]: Parsing error loading recipe farmersdelight:cutting/galosphere/sterling_horse_armor: com.google.gson.JsonSyntaxException: Unknown item 'galosphere:sterling_horse_armor'
[01Aug2026 04:31:47.743] [main/ERROR] [net.minecraft.world.item.crafting.RecipeManager/]: Parsing error loading recipe jeed:vampirism: com.google.gson.JsonSyntaxException: Unknown item 'netherdungeons:baby_ghast_spawn_egg'
[01Aug2026 04:31:47.743] [main/ERROR] [net.minecraft.world.item.crafting.RecipeManager/]: Parsing error loading recipe jeed:inked: com.google.gson.JsonSyntaxException: Unknown item 'theinkarena:ink_bucket'
[01Aug2026 04:31:47.745] [main/INFO] [net.minecraft.world.item.crafting.RecipeManager/]: Skipping loading recipe create_connected:crafting/palettes/copycat_fence as it's serializer returned null
[01Aug2026 04:31:47.745] [main/INFO] [net.minecraft.world.item.crafting.RecipeManager/]: Skipping loading recipe endergetic:poise_beehive as it's serializer returned null
[01Aug2026 04:31:47.750] [main/WARN] [com.mafuyu404.oneenoughitem.Oneenoughitem/]: ItemStackMixin: Replacement item is null for targetItemId: create_eternal_journey:weightless_sphere, original item: minecraft:elytra
[01Aug2026 04:31:47.766] [main/WARN] [com.mafuyu404.oneenoughitem.Oneenoughitem/]: ItemStackMixin: Replacement item is null for targetItemId: create_eternal_journey:weightless_sphere, original item: minecraft:elytra
[01Aug2026 04:31:47.778] [main/WARN] [com.mafuyu404.oneenoughitem.Oneenoughitem/]: ItemStackMixin: Replacement item is null for targetItemId: create_eternal_journey:weightless_sphere, original item: minecraft:elytra
[01Aug2026 04:31:47.785] [main/ERROR] [net.minecraft.world.item.crafting.RecipeManager/]: Parsing error loading recipe farmersdelight:cutting/habitat/purple_anthurium: com.google.gson.JsonSyntaxException: Unknown item 'habitat:purple_anthurium'
[01Aug2026 04:31:47.787] [main/ERROR] [net.minecraft.world.item.crafting.RecipeManager/]: Parsing error loading recipe sullysmod:grindstone_polishing/hearth_and_home/polished_blackstone_chimney_from_blackstone_chimney: com.google.gson.JsonSyntaxException: Invalid or unsupported recipe type 'sullysmod:grindstone_polishing'
[01Aug2026 04:31:47.787] [main/ERROR] [net.minecraft.world.item.crafting.RecipeManager/]: Parsing error loading recipe extra_compat:froststeel_great_axe: com.google.gson.JsonSyntaxException: Unknown item 'undergarden:froststeel_axe'
[01Aug2026 04:31:47.788] [main/ERROR] [net.minecraft.world.item.crafting.RecipeManager/]: Parsing error loading recipe sullysmod:grindstone_polishing/galosphere/polished_pink_salt_from_pink_salt: com.google.gson.JsonSyntaxException: Invalid or unsupported recipe type 'sullysmod:grindstone_polishing'
[01Aug2026 04:31:47.793] [main/WARN] [com.mafuyu404.oneenoughitem.Oneenoughitem/]: ItemStackMixin: Replacement item is null for targetItemId: create_eternal_journey:weightless_sphere, original item: minecraft:elytra
[01Aug2026 04:31:47.801] [main/ERROR] [net.minecraft.world.item.crafting.RecipeManager/]: Parsing error loading recipe sullysmod:grindstone_polishing/gelogicexpansion/yellow_polished_prismatic_stone_wall_from_yellow_prismatic_stone_wall: com.google.gson.JsonSyntaxException: Invalid or unsupported recipe type 'sullysmod:grindstone_polishing'
[01Aug2026 04:31:47.804] [main/ERROR] [net.minecraft.world.item.crafting.RecipeManager/]: Parsing error loading recipe sullysmod:grindstone_polishing/galosphere/polished_pink_salt_slab_from_pink_salt_slab: com.google.gson.JsonSyntaxException: Invalid or unsupported recipe type 'sullysmod:grindstone_polishing'
[01Aug2026 04:31:47.811] [main/WARN] [com.mafuyu404.oneenoughitem.Oneenoughitem/]: ItemStackMixin: Replacement item is null for targetItemId: create_eternal_journey:weightless_sphere, original item: minecraft:elytra
[01Aug2026 04:31:47.829] [main/WARN] [com.mafuyu404.oneenoughitem.Oneenoughitem/]: ItemStackMixin: Replacement item is null for targetItemId: create_eternal_journey:weightless_sphere, original item: minecraft:elytra
[01Aug2026 04:31:47.846] [main/WARN] [com.mafuyu404.oneenoughitem.Oneenoughitem/]: ItemStackMixin: Replacement item is null for targetItemId: create_eternal_journey:weightless_sphere, original item: minecraft:elytra
[01Aug2026 04:31:47.856] [main/ERROR] [net.minecraft.world.item.crafting.RecipeManager/]: Parsing error loading recipe extra_compat:utherium_quarterstaff: com.google.gson.JsonSyntaxException: Unknown item 'undergarden:utherium_crystal'
[01Aug2026 04:31:47.857] [main/ERROR] [net.minecraft.world.item.crafting.RecipeManager/]: Parsing error loading recipe extra_compat:forgotten_club_smithing: com.google.gson.JsonSyntaxException: Unknown item 'undergarden:forgotten_upgrade_smithing_template'
[01Aug2026 04:31:47.863] [main/WARN] [com.mafuyu404.oneenoughitem.Oneenoughitem/]: ItemStackMixin: Replacement item is null for targetItemId: create_eternal_journey:weightless_sphere, original item: minecraft:elytra
[01Aug2026 04:31:47.873] [main/ERROR] [net.minecraft.world.item.crafting.RecipeManager/]: Parsing error loading recipe farmersdelight:cutting/buzzier_bees/pink_clover: com.google.gson.JsonSyntaxException: Unknown item 'buzzier_bees:pink_clover'
[01Aug2026 04:31:47.875] [main/WARN] [com.mafuyu404.oneenoughitem.Oneenoughitem/]: ItemStackMixin: Replacement item is null for targetItemId: create_eternal_journey:weightless_sphere, original item: minecraft:elytra
[01Aug2026 04:31:47.876] [main/ERROR] [net.minecraft.world.item.crafting.RecipeManager/]: Parsing error loading recipe sullysmod:grindstone_polishing/hearth_and_home/polished_deepslate_chimney_from_cobbled_deepslate_chimney: com.google.gson.JsonSyntaxException: Invalid or unsupported recipe type 'sullysmod:grindstone_polishing'
[01Aug2026 04:31:47.882] [main/WARN] [com.mafuyu404.oneenoughitem.Oneenoughitem/]: ItemStackMixin: Replacement item is null for targetItemId: create_eternal_journey:weightless_sphere, original item: minecraft:elytra
[01Aug2026 04:31:47.891] [main/ERROR] [net.minecraft.world.item.crafting.RecipeManager/]: Parsing error loading recipe sullysmod:grindstone_polishing/galosphere/polished_rose_pink_salt_slab_from_rose_pink_salt_slab: com.google.gson.JsonSyntaxException: Invalid or unsupported recipe type 'sullysmod:grindstone_polishing'
[01Aug2026 04:31:47.896] [main/WARN] [com.mafuyu404.oneenoughitem.Oneenoughitem/]: ItemStackMixin: Replacement item is null for targetItemId: create_eternal_journey:weightless_sphere, original item: minecraft:elytra
[01Aug2026 04:31:47.909] [main/WARN] [com.mafuyu404.oneenoughitem.Oneenoughitem/]: ItemStackMixin: Replacement item is null for targetItemId: create_eternal_journey:weightless_sphere, original item: minecraft:elytra
[01Aug2026 04:31:47.921] [main/WARN] [com.mafuyu404.oneenoughitem.Oneenoughitem/]: ItemStackMixin: Replacement item is null for targetItemId: create_eternal_journey:weightless_sphere, original item: minecraft:elytra
[01Aug2026 04:31:47.935] [main/WARN] [com.mafuyu404.oneenoughitem.Oneenoughitem/]: ItemStackMixin: Replacement item is null for targetItemId: create_eternal_journey:weightless_sphere, original item: minecraft:elytra
[01Aug2026 04:31:47.942] [main/ERROR] [net.minecraft.world.item.crafting.RecipeManager/]: Parsing error loading recipe autumnity:wallpapers/black_wallpaper_roll: com.google.gson.JsonSyntaxException: Unknown item 'wallpapers:black_wallpaper_roll'
[01Aug2026 04:31:47.943] [main/ERROR] [net.minecraft.world.item.crafting.RecipeManager/]: Parsing error loading recipe sullysmod:grindstone_polishing/gelogicexpansion/blue_polished_prismatic_stone_slab_from_blue_prismatic_stone_slab: com.google.gson.JsonSyntaxException: Invalid or unsupported recipe type 'sullysmod:grindstone_polishing'
[01Aug2026 04:31:47.943] [main/INFO] [net.minecraft.world.item.crafting.RecipeManager/]: Skipping loading recipe create_connected:crafting/palettes/copycat_vertical_step as it's serializer returned null
[01Aug2026 04:31:47.943] [main/ERROR] [net.minecraft.world.item.crafting.RecipeManager/]: Parsing error loading recipe alexscaves:cooking/primordial_soup: com.google.gson.JsonSyntaxException: Unknown item 'alexscaves:trilocaris_tail'
[01Aug2026 04:31:47.950] [main/WARN] [com.mafuyu404.oneenoughitem.Oneenoughitem/]: ItemStackMixin: Replacement item is null for targetItemId: create_eternal_journey:weightless_sphere, original item: minecraft:elytra
[01Aug2026 04:31:47.958] [main/ERROR] [net.minecraft.world.item.crafting.RecipeManager/]: Parsing error loading recipe farmersdelight:cutting/autumnity/autumn_crocus: com.google.gson.JsonSyntaxException: Unknown item 'autumnity:autumn_crocus'
[01Aug2026 04:31:47.966] [main/ERROR] [net.minecraft.world.item.crafting.RecipeManager/]: Parsing error loading recipe extra_compat:utherium_spear: com.google.gson.JsonSyntaxException: Unknown item 'undergarden:utherium_crystal'
[01Aug2026 04:31:47.966] [main/ERROR] [net.minecraft.world.item.crafting.RecipeManager/]: Parsing error loading recipe miners_delight:calamari_roll: com.google.gson.JsonSyntaxException: Unknown item 'culturaldelights:calamari_roll'
[01Aug2026 04:31:47.973] [main/WARN] [com.mafuyu404.oneenoughitem.Oneenoughitem/]: ItemStackMixin: Replacement item is null for targetItemId: create_eternal_journey:weightless_sphere, original item: minecraft:elytra
[01Aug2026 04:31:47.985] [main/ERROR] [net.minecraft.world.item.crafting.RecipeManager/]: Parsing error loading recipe farmersdelight:cutting/buzzier_bees/buttercup: com.google.gson.JsonSyntaxException: Unknown item 'buzzier_bees:buttercup'
[01Aug2026 04:31:47.985] [main/ERROR] [net.minecraft.world.item.crafting.RecipeManager/]: Parsing error loading recipe sullysmod:grindstone_polishing/gelogicexpansion/gray_polished_prismatic_stone_wall_from_gray_prismatic_stone_wall: com.google.gson.JsonSyntaxException: Invalid or unsupported recipe type 'sullysmod:grindstone_polishing'
[01Aug2026 04:31:47.985] [main/INFO] [net.minecraft.world.item.crafting.RecipeManager/]: Skipping loading recipe create_connected:crafting/palettes/copycat_box as it's serializer returned null
[01Aug2026 04:31:47.992] [main/WARN] [com.mafuyu404.oneenoughitem.Oneenoughitem/]: ItemStackMixin: Replacement item is null for targetItemId: create_eternal_journey:weightless_sphere, original item: minecraft:elytra
[01Aug2026 04:31:48.003] [main/ERROR] [net.minecraft.world.item.crafting.RecipeManager/]: Parsing error loading recipe jeed:exsanguination: com.google.gson.JsonSyntaxException: Unknown item 'alexsmobs:spawn_egg_frilled_shark'
[01Aug2026 04:31:48.003] [main/INFO] [net.minecraft.world.item.crafting.RecipeManager/]: Skipping loading recipe create_connected:crafting/palettes/copycat_slab as it's serializer returned null
[01Aug2026 04:31:48.005] [main/ERROR] [net.minecraft.world.item.crafting.RecipeManager/]: Parsing error loading recipe jeed:resistance: com.google.gson.JsonSyntaxException: Unknown item 'enemyexpansion:phantasm_chestplate'
[01Aug2026 04:31:48.006] [main/INFO] [net.minecraft.world.item.crafting.RecipeManager/]: Skipping loading recipe endergetic:poise_fence_gate_from_poise_stems_sawing as it's serializer returned null
[01Aug2026 04:31:48.007] [main/ERROR] [net.minecraft.world.item.crafting.RecipeManager/]: Parsing error loading recipe sullysmod:grindstone_polishing/gelogicexpansion/magenta_polished_prismatic_stone_slab_from_magenta_prismatic_stone_slab: com.google.gson.JsonSyntaxException: Invalid or unsupported recipe type 'sullysmod:grindstone_polishing'
[01Aug2026 04:31:48.008] [main/ERROR] [net.minecraft.world.item.crafting.RecipeManager/]: Parsing error loading recipe extra_compat:forgotten_great_axe_smithing: com.google.gson.JsonSyntaxException: Unknown item 'undergarden:forgotten_upgrade_smithing_template'
[01Aug2026 04:31:48.009] [main/WARN] [com.simibubi.create.Create/]: Your custom createaddition:rolling/copper_plate recipe (createaddition:rolling/copper_plate) specified a duration. Durations have no impact on this type of recipe.
[01Aug2026 04:31:48.015] [main/WARN] [com.mafuyu404.oneenoughitem.Oneenoughitem/]: ItemStackMixin: Replacement item is null for targetItemId: create_eternal_journey:weightless_sphere, original item: minecraft:elytra
[01Aug2026 04:31:48.030] [main/WARN] [com.mafuyu404.oneenoughitem.Oneenoughitem/]: ItemStackMixin: Replacement item is null for targetItemId: create_eternal_journey:weightless_sphere, original item: minecraft:elytra
[01Aug2026 04:31:48.042] [main/ERROR] [net.minecraft.world.item.crafting.RecipeManager/]: Parsing error loading recipe extra_compat:cloggrum_great_sword: com.google.gson.JsonSyntaxException: Unknown item 'undergarden:cloggrum_sword'
[01Aug2026 04:31:48.043] [main/INFO] [net.minecraft.world.item.crafting.RecipeManager/]: Skipping loading recipe endergetic:poise_boards as it's serializer returned null
[01Aug2026 04:31:48.050] [main/WARN] [com.mafuyu404.oneenoughitem.Oneenoughitem/]: ItemStackMixin: Replacement item is null for targetItemId: create_eternal_journey:weightless_sphere, original item: minecraft:elytra
[01Aug2026 04:31:48.058] [main/ERROR] [net.minecraft.world.item.crafting.RecipeManager/]: Parsing error loading recipe sullysmod:grindstone_polishing/gelogicexpansion/light_gray_polished_prismatic_stone_stairs_from_light_gray_prismatic_stone_stairs: com.google.gson.JsonSyntaxException: Invalid or unsupported recipe type 'sullysmod:grindstone_polishing'
[01Aug2026 04:31:48.059] [main/ERROR] [net.minecraft.world.item.crafting.RecipeManager/]: Parsing error loading recipe sullysmod:grindstone_polishing/catacylsm/polished_endstone_from_endstone: com.google.gson.JsonSyntaxException: Invalid or unsupported recipe type 'sullysmod:grindstone_polishing'
[01Aug2026 04:31:48.060] [main/INFO] [net.minecraft.world.item.crafting.RecipeManager/]: Skipping loading recipe endergetic:poise_sign_from_poise_stems_sawing as it's serializer returned null
[01Aug2026 04:31:48.065] [main/WARN] [com.mafuyu404.oneenoughitem.Oneenoughitem/]: ItemStackMixin: Replacement item is null for targetItemId: create_eternal_journey:weightless_sphere, original item: minecraft:elytra
[01Aug2026 04:31:48.076] [main/ERROR] [net.minecraft.world.item.crafting.RecipeManager/]: Parsing error loading recipe sullysmod:grindstone_polishing/gelogicexpansion/polished_prismatic_stone_stairs_from_prismatic_stone_stairs: com.google.gson.JsonSyntaxException: Invalid or unsupported recipe type 'sullysmod:grindstone_polishing'
[01Aug2026 04:31:48.078] [main/INFO] [net.minecraft.world.item.crafting.RecipeManager/]: Skipping loading recipe create_connected:crafting/palettes/copycat_slab_from_panels as it's serializer returned null
[01Aug2026 04:31:48.078] [main/INFO] [net.minecraft.world.item.crafting.RecipeManager/]: Skipping loading recipe endergetic:poise_stairs_from_poise_stems_sawing as it's serializer returned null
[01Aug2026 04:31:48.083] [main/WARN] [com.mafuyu404.oneenoughitem.Oneenoughitem/]: ItemStackMixin: Replacement item is null for targetItemId: create_eternal_journey:weightless_sphere, original item: minecraft:elytra
[01Aug2026 04:31:48.098] [main/WARN] [com.mafuyu404.oneenoughitem.Oneenoughitem/]: ItemStackMixin: Replacement item is null for targetItemId: create_eternal_journey:weightless_sphere, original item: minecraft:elytra
[01Aug2026 04:31:48.109] [main/INFO] [net.minecraft.world.item.crafting.RecipeManager/]: Skipping loading recipe endergetic:poise_bookshelf as it's serializer returned null
[01Aug2026 04:31:48.116] [main/WARN] [com.mafuyu404.oneenoughitem.Oneenoughitem/]: ItemStackMixin: Replacement item is null for targetItemId: create_eternal_journey:weightless_sphere, original item: minecraft:elytra
[01Aug2026 04:31:48.127] [main/ERROR] [net.minecraft.world.item.crafting.RecipeManager/]: Parsing error loading recipe culturaldelights:hearty_salad: com.google.gson.JsonSyntaxException: Unknown item 'vintagedelight:cucumber'
[01Aug2026 04:31:48.129] [main/WARN] [com.mafuyu404.oneenoughitem.Oneenoughitem/]: ItemStackMixin: Replacement item is null for targetItemId: create_eternal_journey:weightless_sphere, original item: minecraft:elytra
[01Aug2026 04:31:48.132] [main/ERROR] [net.minecraft.world.item.crafting.RecipeManager/]: Parsing error loading recipe cgs:ore_vein_type/lead: com.google.gson.JsonSyntaxException: Invalid or unsupported recipe type 'createoreexcavation:vein'
[01Aug2026 04:31:48.132] [main/ERROR] [net.minecraft.world.item.crafting.RecipeManager/]: Parsing error loading recipe farmersdelight:cutting/marigolds/marigold: com.google.gson.JsonSyntaxException: Unknown item 'marigolds:marigold'
[01Aug2026 04:31:48.133] [main/ERROR] [net.minecraft.world.item.crafting.RecipeManager/]: Parsing error loading recipe createfisheryindustry:peeling/deadrock_powder_from_weathered: com.google.gson.JsonSyntaxException: Unknown item 'twilightforest:weathered_deadrock'
[01Aug2026 04:31:48.134] [main/ERROR] [net.minecraft.world.item.crafting.RecipeManager/]: Parsing error loading recipe sullysmod:grindstone_polishing/gelogicexpansion/cyan_polished_prismatic_stone_wall_from_cyan_prismatic_stone_wall: com.google.gson.JsonSyntaxException: Invalid or unsupported recipe type 'sullysmod:grindstone_polishing'
[01Aug2026 04:31:48.140] [main/WARN] [com.mafuyu404.oneenoughitem.Oneenoughitem/]: ItemStackMixin: Replacement item is null for targetItemId: create_eternal_journey:weightless_sphere, original item: minecraft:elytra
[01Aug2026 04:31:48.149] [main/ERROR] [net.minecraft.world.item.crafting.RecipeManager/]: Parsing error loading recipe sullysmod:grindstone_polishing/twigs/polished_calcite_stairs_from_calcite_stairs: com.google.gson.JsonSyntaxException: Invalid or unsupported recipe type 'sullysmod:grindstone_polishing'
[01Aug2026 04:31:48.150] [main/ERROR] [net.minecraft.world.item.crafting.RecipeManager/]: Parsing error loading recipe sullysmod:grindstone_polishing/gelogicexpansion/light_gray_polished_prismatic_stone_from_light_gray_prismatic_stone: com.google.gson.JsonSyntaxException: Invalid or unsupported recipe type 'sullysmod:grindstone_polishing'
[01Aug2026 04:31:48.150] [main/ERROR] [net.minecraft.world.item.crafting.RecipeManager/]: Parsing error loading recipe sullysmod:grindstone_polishing/gelogicexpansion/yellow_polished_prismatic_stone_from_yellow_prismatic_stone: com.google.gson.JsonSyntaxException: Invalid or unsupported recipe type 'sullysmod:grindstone_polishing'
[01Aug2026 04:31:48.151] [main/ERROR] [net.minecraft.world.item.crafting.RecipeManager/]: Parsing error loading recipe jeed:vulnerability: com.google.gson.JsonSyntaxException: Unknown item 'netherdungeons:sporeshroom'
[01Aug2026 04:31:48.152] [main/INFO] [net.minecraft.world.item.crafting.RecipeManager/]: Skipping loading recipe create_connected:crafting/palettes/copycat_block_from_slabs as it's serializer returned null
[01Aug2026 04:31:48.153] [main/ERROR] [net.minecraft.world.item.crafting.RecipeManager/]: Parsing error loading recipe sullysmod:grindstone_polishing/gelogicexpansion/polished_limestone_from_limestone: com.google.gson.JsonSyntaxException: Invalid or unsupported recipe type 'sullysmod:grindstone_polishing'
[01Aug2026 04:31:48.159] [main/WARN] [com.mafuyu404.oneenoughitem.Oneenoughitem/]: ItemStackMixin: Replacement item is null for targetItemId: create_eternal_journey:weightless_sphere, original item: minecraft:elytra
[01Aug2026 04:31:48.173] [main/WARN] [com.mafuyu404.oneenoughitem.Oneenoughitem/]: ItemStackMixin: Replacement item is null for targetItemId: create_eternal_journey:weightless_sphere, original item: minecraft:elytra
[01Aug2026 04:31:48.187] [main/WARN] [com.mafuyu404.oneenoughitem.Oneenoughitem/]: ItemStackMixin: Replacement item is null for targetItemId: create_eternal_journey:weightless_sphere, original item: minecraft:elytra
[01Aug2026 04:31:48.197] [main/ERROR] [net.minecraft.world.item.crafting.RecipeManager/]: Parsing error loading recipe sullysmod:grindstone_polishing/gelogicexpansion/cyan_polished_prismatic_stone_slab_from_cyan_prismatic_stone_slab: com.google.gson.JsonSyntaxException: Invalid or unsupported recipe type 'sullysmod:grindstone_polishing'
[01Aug2026 04:31:48.198] [main/ERROR] [net.minecraft.world.item.crafting.RecipeManager/]: Parsing error loading recipe autumnity:wallpapers/blue_wallpaper_roll: com.google.gson.JsonSyntaxException: Unknown item 'wallpapers:blue_wallpaper_roll'
[01Aug2026 04:31:48.206] [main/INFO] [net.minecraft.world.item.crafting.RecipeManager/]: Loaded 64 recipes
[01Aug2026 04:31:48.214] [main/INFO] [com.teamabnormals.blueprint.core.Blueprint/]: Advancement Modification Manager has loaded 5 modifier groups
[01Aug2026 04:31:48.214] [main/ERROR] [net.minecraft.server.ServerFunctionLibrary/]: Failed to load function create_ltab:evoker/evoker_tick
java.util.concurrent.CompletionException: java.lang.IllegalArgumentException: Whilst parsing command on line 26: Unknown selector type '@n' at position 12: ...ecute at @<--[HERE]
	at java.util.concurrent.CompletableFuture.encodeThrowable(CompletableFuture.java:315) ~[?:?]
	at java.util.concurrent.CompletableFuture.completeThrowable(CompletableFuture.java:320) ~[?:?]
	at java.util.concurrent.CompletableFuture$AsyncSupply.run(CompletableFuture.java:1770) ~[?:?]
	at java.util.concurrent.CompletableFuture$AsyncSupply.exec(CompletableFuture.java:1760) ~[?:?]
	at java.util.concurrent.ForkJoinTask.doExec(ForkJoinTask.java:373) ~[?:?]
	at java.util.concurrent.ForkJoinPool$WorkQueue.topLevelExec(ForkJoinPool.java:1182) ~[?:?]
	at java.util.concurrent.ForkJoinPool.scan(ForkJoinPool.java:1655) ~[?:?]
	at java.util.concurrent.ForkJoinPool.runWorker(ForkJoinPool.java:1622) ~[?:?]
	at java.util.concurrent.ForkJoinWorkerThread.run(ForkJoinWorkerThread.java:165) ~[?:?]
Caused by: java.lang.IllegalArgumentException: Whilst parsing command on line 26: Unknown selector type '@n' at position 12: ...ecute at @<--[HERE]
	at net.minecraft.commands.CommandFunction.m_77984_(CommandFunction.java:63) ~[server-1.20.1-20230612.114412-srg.jar%23690!/:?]
	at net.minecraft.server.ServerFunctionLibrary.m_214320_(ServerFunctionLibrary.java:83) ~[server-1.20.1-20230612.114412-srg.jar%23690!/:?]
	at java.util.concurrent.CompletableFuture$AsyncSupply.run(CompletableFuture.java:1768) ~[?:?]
	... 6 more
[01Aug2026 04:31:48.290] [main/WARN] [com.mafuyu404.oneenoughitem.Oneenoughitem/]: ItemStackMixin: Replacement item is null for targetItemId: create_eternal_journey:weightless_sphere, original item: minecraft:elytra
[01Aug2026 04:31:48.297] [main/ERROR] [net.minecraft.server.ServerAdvancementManager/]: Parsing error loading custom advancement farmersrespite:main/stunt_tea_bush: Invalid criterion trigger: farmersrespite:stunt_tea_bush
[01Aug2026 04:31:48.310] [main/WARN] [com.mafuyu404.oneenoughitem.Oneenoughitem/]: ItemStackMixin: Replacement item is null for targetItemId: create_eternal_journey:weightless_sphere, original item: minecraft:elytra
[01Aug2026 04:31:48.384] [main/ERROR] [net.minecraft.server.ServerAdvancementManager/]: Parsing error loading custom advancement extra_compat:overweight_farming_melon_juice: Unknown item id 'overweight_farming:melon_juice'
[01Aug2026 04:31:48.490] [main/ERROR] [net.minecraft.server.ServerAdvancementManager/]: Parsing error loading custom advancement legendary_monsters:defeat_ambusher: Expected item to be an item, was unknown string 'legendary_monsters:ancient_dripstone_shard'
[01Aug2026 04:31:48.509] [main/INFO] [quark/]: [Automatic Recipe Unlock] Removed 7285 recipe advancements
[01Aug2026 04:31:48.523] [main/INFO] [net.minecraft.advancements.AdvancementList/]: Loaded 860 advancements
[01Aug2026 04:31:48.532] [main/INFO] [com.adonis.fluid.CreateFluid/]: Loaded 0 atomizer compat datapack entries.
[01Aug2026 04:31:48.563] [main/WARN] [com.iafenvoy.jupiter.Jupiter/]: Cannot find suitable entry for key=inverse_potions, type=com.electronwill.nightconfig.core.SimpleCommentedConfig in config=amendments:COMMON
[01Aug2026 04:31:48.604] [main/WARN] [com.iafenvoy.jupiter.Jupiter/]: Cannot find suitable entry for key=special_blocks, type=com.electronwill.nightconfig.core.SimpleCommentedConfig in config=supplementaries:COMMON
[01Aug2026 04:31:48.611] [main/WARN] [com.iafenvoy.jupiter.Jupiter/]: Cannot find suitable entry for key=modded_biome_slice_sizes, type=com.electronwill.nightconfig.core.SimpleCommentedConfig in config=blueprint:COMMON
[01Aug2026 04:31:48.611] [main/ERROR] [com.iafenvoy.jupiter.Jupiter/]: Cannot load key=Health (default: 600.0), type=java.lang.Double in config=witherreincarnated:COMMON
java.lang.NullPointerException: Cannot invoke "Object.getClass()" because "value" is null
	at com.iafenvoy.jupiter.compat.forgeconfigspec.NightConfigHolder.processEntry(NightConfigHolder.java:157) ~[jupiter-2.3.7-1.20.1-forge.jar%23555!/:?]
	at com.iafenvoy.jupiter.compat.forgeconfigspec.NightConfigHolder.process(NightConfigHolder.java:126) ~[jupiter-2.3.7-1.20.1-forge.jar%23555!/:?]
	at com.iafenvoy.jupiter.compat.forgeconfigspec.NightConfigHolder.buildGroup(NightConfigHolder.java:98) ~[jupiter-2.3.7-1.20.1-forge.jar%23555!/:?]
	at com.iafenvoy.jupiter.compat.forgeconfigspec.NightConfigHolder.buildGroup(NightConfigHolder.java:113) ~[jupiter-2.3.7-1.20.1-forge.jar%23555!/:?]
	at com.iafenvoy.jupiter.compat.forgeconfigspec.NightConfigHolder.buildGroups(NightConfigHolder.java:87) ~[jupiter-2.3.7-1.20.1-forge.jar%23555!/:?]
	at com.iafenvoy.jupiter.compat.forgeconfigspec.NightConfigHolder.buildGroups(NightConfigHolder.java:33) ~[jupiter-2.3.7-1.20.1-forge.jar%23555!/:?]
	at com.iafenvoy.jupiter.config.container.wrapper.ExtraConfigWrapper.<init>(ExtraConfigWrapper.java:27) ~[jupiter-2.3.7-1.20.1-forge.jar%23555!/:?]
	at com.iafenvoy.jupiter.compat.forgeconfigspec.ConfigSpecLoader.scanConfig(ConfigSpecLoader.java:72) ~[jupiter-2.3.7-1.20.1-forge.jar%23555!/:?]
	at com.iafenvoy.jupiter.compat.ExtraConfigManager.scanConfigs(ExtraConfigManager.java:29) ~[jupiter-2.3.7-1.20.1-forge.jar%23555!/:?]
	at com.iafenvoy.jupiter.ServerConfigManager.m_6213_(ServerConfigManager.java:48) ~[jupiter-2.3.7-1.20.1-forge.jar%23555!/:?]
	at net.minecraft.server.packs.resources.ResourceManagerReloadListener.m_10759_(ResourceManagerReloadListener.java:15) ~[server-1.20.1-20230612.114412-srg.jar%23690!/:?]
	at java.util.concurrent.CompletableFuture$UniRun.tryFire(CompletableFuture.java:787) ~[?:?]
	at java.util.concurrent.CompletableFuture$Completion.run(CompletableFuture.java:482) ~[?:?]
	at net.minecraft.server.packs.resources.SimpleReloadInstance.m_143940_(SimpleReloadInstance.java:69) ~[server-1.20.1-20230612.114412-srg.jar%23690!/:?]
	at net.minecraft.Util.m_214652_(Util.java:783) ~[server-1.20.1-20230612.114412-srg.jar%23690!/:?]
	at net.minecraft.Util.m_214679_(Util.java:772) ~[server-1.20.1-20230612.114412-srg.jar%23690!/:?]
	at net.minecraft.server.Main.main(Main.java:166) ~[server-1.20.1-20230612.114412-srg.jar%23690!/:?]
	at jdk.internal.reflect.NativeMethodAccessorImpl.invoke0(Native Method) ~[?:?]
	at jdk.internal.reflect.NativeMethodAccessorImpl.invoke(NativeMethodAccessorImpl.java:77) ~[?:?]
	at jdk.internal.reflect.DelegatingMethodAccessorImpl.invoke(DelegatingMethodAccessorImpl.java:43) ~[?:?]
	at java.lang.reflect.Method.invoke(Method.java:569) ~[?:?]
	at net.minecraftforge.fml.loading.targets.CommonLaunchHandler.runTarget(CommonLaunchHandler.java:111) ~[fmlloader-1.20.1-47.4.22.jar%2367!/:?]
	at net.minecraftforge.fml.loading.targets.CommonLaunchHandler.serverService(CommonLaunchHandler.java:103) ~[fmlloader-1.20.1-47.4.22.jar%2367!/:?]
	at net.minecraftforge.fml.loading.targets.CommonServerLaunchHandler.lambda$makeService$0(CommonServerLaunchHandler.java:27) ~[fmlloader-1.20.1-47.4.22.jar%2367!/:?]
	at cpw.mods.modlauncher.LaunchServiceHandlerDecorator.launch(LaunchServiceHandlerDecorator.java:30) ~[modlauncher-10.0.9.jar%2353!/:?]
	at cpw.mods.modlauncher.LaunchServiceHandler.launch(LaunchServiceHandler.java:53) ~[modlauncher-10.0.9.jar%2353!/:?]
	at cpw.mods.modlauncher.LaunchServiceHandler.launch(LaunchServiceHandler.java:71) ~[modlauncher-10.0.9.jar%2353!/:?]
	at cpw.mods.modlauncher.Launcher.run(Launcher.java:108) ~[modlauncher-10.0.9.jar%2353!/:?]
	at cpw.mods.modlauncher.Launcher.main(Launcher.java:78) ~[modlauncher-10.0.9.jar%2353!/:?]
	at cpw.mods.modlauncher.BootstrapLaunchConsumer.accept(BootstrapLaunchConsumer.java:26) ~[modlauncher-10.0.9.jar%2353!/:?]
	at cpw.mods.modlauncher.BootstrapLaunchConsumer.accept(BootstrapLaunchConsumer.java:23) ~[modlauncher-10.0.9.jar%2353!/:?]
	at cpw.mods.bootstraplauncher.BootstrapLauncher.main(BootstrapLauncher.java:141) ~[bootstraplauncher-1.1.2.jar:?]
[01Aug2026 04:31:48.612] [main/ERROR] [com.iafenvoy.jupiter.Jupiter/]: Cannot load key=Movement Speed (default: 0.0675), type=java.lang.Double in config=witherreincarnated:COMMON
java.lang.NullPointerException: Cannot invoke "Object.getClass()" because "value" is null
	at com.iafenvoy.jupiter.compat.forgeconfigspec.NightConfigHolder.processEntry(NightConfigHolder.java:157) ~[jupiter-2.3.7-1.20.1-forge.jar%23555!/:?]
	at com.iafenvoy.jupiter.compat.forgeconfigspec.NightConfigHolder.process(NightConfigHolder.java:126) ~[jupiter-2.3.7-1.20.1-forge.jar%23555!/:?]
	at com.iafenvoy.jupiter.compat.forgeconfigspec.NightConfigHolder.buildGroup(NightConfigHolder.java:98) ~[jupiter-2.3.7-1.20.1-forge.jar%23555!/:?]
	at com.iafenvoy.jupiter.compat.forgeconfigspec.NightConfigHolder.buildGroup(NightConfigHolder.java:113) ~[jupiter-2.3.7-1.20.1-forge.jar%23555!/:?]
	at com.iafenvoy.jupiter.compat.forgeconfigspec.NightConfigHolder.buildGroups(NightConfigHolder.java:87) ~[jupiter-2.3.7-1.20.1-forge.jar%23555!/:?]
	at com.iafenvoy.jupiter.compat.forgeconfigspec.NightConfigHolder.buildGroups(NightConfigHolder.java:33) ~[jupiter-2.3.7-1.20.1-forge.jar%23555!/:?]
	at com.iafenvoy.jupiter.config.container.wrapper.ExtraConfigWrapper.<init>(ExtraConfigWrapper.java:27) ~[jupiter-2.3.7-1.20.1-forge.jar%23555!/:?]
	at com.iafenvoy.jupiter.compat.forgeconfigspec.ConfigSpecLoader.scanConfig(ConfigSpecLoader.java:72) ~[jupiter-2.3.7-1.20.1-forge.jar%23555!/:?]
	at com.iafenvoy.jupiter.compat.ExtraConfigManager.scanConfigs(ExtraConfigManager.java:29) ~[jupiter-2.3.7-1.20.1-forge.jar%23555!/:?]
	at com.iafenvoy.jupiter.ServerConfigManager.m_6213_(ServerConfigManager.java:48) ~[jupiter-2.3.7-1.20.1-forge.jar%23555!/:?]
	at net.minecraft.server.packs.resources.ResourceManagerReloadListener.m_10759_(ResourceManagerReloadListener.java:15) ~[server-1.20.1-20230612.114412-srg.jar%23690!/:?]
	at java.util.concurrent.CompletableFuture$UniRun.tryFire(CompletableFuture.java:787) ~[?:?]
	at java.util.concurrent.CompletableFuture$Completion.run(CompletableFuture.java:482) ~[?:?]
	at net.minecraft.server.packs.resources.SimpleReloadInstance.m_143940_(SimpleReloadInstance.java:69) ~[server-1.20.1-20230612.114412-srg.jar%23690!/:?]
	at net.minecraft.Util.m_214652_(Util.java:783) ~[server-1.20.1-20230612.114412-srg.jar%23690!/:?]
	at net.minecraft.Util.m_214679_(Util.java:772) ~[server-1.20.1-20230612.114412-srg.jar%23690!/:?]
	at net.minecraft.server.Main.main(Main.java:166) ~[server-1.20.1-20230612.114412-srg.jar%23690!/:?]
	at jdk.internal.reflect.NativeMethodAccessorImpl.invoke0(Native Method) ~[?:?]
	at jdk.internal.reflect.NativeMethodAccessorImpl.invoke(NativeMethodAccessorImpl.java:77) ~[?:?]
	at jdk.internal.reflect.DelegatingMethodAccessorImpl.invoke(DelegatingMethodAccessorImpl.java:43) ~[?:?]
	at java.lang.reflect.Method.invoke(Method.java:569) ~[?:?]
	at net.minecraftforge.fml.loading.targets.CommonLaunchHandler.runTarget(CommonLaunchHandler.java:111) ~[fmlloader-1.20.1-47.4.22.jar%2367!/:?]
	at net.minecraftforge.fml.loading.targets.CommonLaunchHandler.serverService(CommonLaunchHandler.java:103) ~[fmlloader-1.20.1-47.4.22.jar%2367!/:?]
	at net.minecraftforge.fml.loading.targets.CommonServerLaunchHandler.lambda$makeService$0(CommonServerLaunchHandler.java:27) ~[fmlloader-1.20.1-47.4.22.jar%2367!/:?]
	at cpw.mods.modlauncher.LaunchServiceHandlerDecorator.launch(LaunchServiceHandlerDecorator.java:30) ~[modlauncher-10.0.9.jar%2353!/:?]
	at cpw.mods.modlauncher.LaunchServiceHandler.launch(LaunchServiceHandler.java:53) ~[modlauncher-10.0.9.jar%2353!/:?]
	at cpw.mods.modlauncher.LaunchServiceHandler.launch(LaunchServiceHandler.java:71) ~[modlauncher-10.0.9.jar%2353!/:?]
	at cpw.mods.modlauncher.Launcher.run(Launcher.java:108) ~[modlauncher-10.0.9.jar%2353!/:?]
	at cpw.mods.modlauncher.Launcher.main(Launcher.java:78) ~[modlauncher-10.0.9.jar%2353!/:?]
	at cpw.mods.modlauncher.BootstrapLaunchConsumer.accept(BootstrapLaunchConsumer.java:26) ~[modlauncher-10.0.9.jar%2353!/:?]
	at cpw.mods.modlauncher.BootstrapLaunchConsumer.accept(BootstrapLaunchConsumer.java:23) ~[modlauncher-10.0.9.jar%2353!/:?]
	at cpw.mods.bootstraplauncher.BootstrapLauncher.main(BootstrapLauncher.java:141) ~[bootstraplauncher-1.1.2.jar:?]
[01Aug2026 04:31:48.613] [main/ERROR] [com.iafenvoy.jupiter.Jupiter/]: Cannot load key=Wither Skull Damage (default: 16.0), type=java.lang.Double in config=witherreincarnated:COMMON
java.lang.NullPointerException: Cannot invoke "Object.getClass()" because "value" is null
	at com.iafenvoy.jupiter.compat.forgeconfigspec.NightConfigHolder.processEntry(NightConfigHolder.java:157) ~[jupiter-2.3.7-1.20.1-forge.jar%23555!/:?]
	at com.iafenvoy.jupiter.compat.forgeconfigspec.NightConfigHolder.process(NightConfigHolder.java:126) ~[jupiter-2.3.7-1.20.1-forge.jar%23555!/:?]
	at com.iafenvoy.jupiter.compat.forgeconfigspec.NightConfigHolder.buildGroup(NightConfigHolder.java:98) ~[jupiter-2.3.7-1.20.1-forge.jar%23555!/:?]
	at com.iafenvoy.jupiter.compat.forgeconfigspec.NightConfigHolder.buildGroup(NightConfigHolder.java:113) ~[jupiter-2.3.7-1.20.1-forge.jar%23555!/:?]
	at com.iafenvoy.jupiter.compat.forgeconfigspec.NightConfigHolder.buildGroups(NightConfigHolder.java:87) ~[jupiter-2.3.7-1.20.1-forge.jar%23555!/:?]
	at com.iafenvoy.jupiter.compat.forgeconfigspec.NightConfigHolder.buildGroups(NightConfigHolder.java:33) ~[jupiter-2.3.7-1.20.1-forge.jar%23555!/:?]
	at com.iafenvoy.jupiter.config.container.wrapper.ExtraConfigWrapper.<init>(ExtraConfigWrapper.java:27) ~[jupiter-2.3.7-1.20.1-forge.jar%23555!/:?]
	at com.iafenvoy.jupiter.compat.forgeconfigspec.ConfigSpecLoader.scanConfig(ConfigSpecLoader.java:72) ~[jupiter-2.3.7-1.20.1-forge.jar%23555!/:?]
	at com.iafenvoy.jupiter.compat.ExtraConfigManager.scanConfigs(ExtraConfigManager.java:29) ~[jupiter-2.3.7-1.20.1-forge.jar%23555!/:?]
	at com.iafenvoy.jupiter.ServerConfigManager.m_6213_(ServerConfigManager.java:48) ~[jupiter-2.3.7-1.20.1-forge.jar%23555!/:?]
	at net.minecraft.server.packs.resources.ResourceManagerReloadListener.m_10759_(ResourceManagerReloadListener.java:15) ~[server-1.20.1-20230612.114412-srg.jar%23690!/:?]
	at java.util.concurrent.CompletableFuture$UniRun.tryFire(CompletableFuture.java:787) ~[?:?]
	at java.util.concurrent.CompletableFuture$Completion.run(CompletableFuture.java:482) ~[?:?]
	at net.minecraft.server.packs.resources.SimpleReloadInstance.m_143940_(SimpleReloadInstance.java:69) ~[server-1.20.1-20230612.114412-srg.jar%23690!/:?]
	at net.minecraft.Util.m_214652_(Util.java:783) ~[server-1.20.1-20230612.114412-srg.jar%23690!/:?]
	at net.minecraft.Util.m_214679_(Util.java:772) ~[server-1.20.1-20230612.114412-srg.jar%23690!/:?]
	at net.minecraft.server.Main.main(Main.java:166) ~[server-1.20.1-20230612.114412-srg.jar%23690!/:?]
	at jdk.internal.reflect.NativeMethodAccessorImpl.invoke0(Native Method) ~[?:?]
	at jdk.internal.reflect.NativeMethodAccessorImpl.invoke(NativeMethodAccessorImpl.java:77) ~[?:?]
	at jdk.internal.reflect.DelegatingMethodAccessorImpl.invoke(DelegatingMethodAccessorImpl.java:43) ~[?:?]
	at java.lang.reflect.Method.invoke(Method.java:569) ~[?:?]
	at net.minecraftforge.fml.loading.targets.CommonLaunchHandler.runTarget(CommonLaunchHandler.java:111) ~[fmlloader-1.20.1-47.4.22.jar%2367!/:?]
	at net.minecraftforge.fml.loading.targets.CommonLaunchHandler.serverService(CommonLaunchHandler.java:103) ~[fmlloader-1.20.1-47.4.22.jar%2367!/:?]
	at net.minecraftforge.fml.loading.targets.CommonServerLaunchHandler.lambda$makeService$0(CommonServerLaunchHandler.java:27) ~[fmlloader-1.20.1-47.4.22.jar%2367!/:?]
	at cpw.mods.modlauncher.LaunchServiceHandlerDecorator.launch(LaunchServiceHandlerDecorator.java:30) ~[modlauncher-10.0.9.jar%2353!/:?]
	at cpw.mods.modlauncher.LaunchServiceHandler.launch(LaunchServiceHandler.java:53) ~[modlauncher-10.0.9.jar%2353!/:?]
	at cpw.mods.modlauncher.LaunchServiceHandler.launch(LaunchServiceHandler.java:71) ~[modlauncher-10.0.9.jar%2353!/:?]
	at cpw.mods.modlauncher.Launcher.run(Launcher.java:108) ~[modlauncher-10.0.9.jar%2353!/:?]
	at cpw.mods.modlauncher.Launcher.main(Launcher.java:78) ~[modlauncher-10.0.9.jar%2353!/:?]
	at cpw.mods.modlauncher.BootstrapLaunchConsumer.accept(BootstrapLaunchConsumer.java:26) ~[modlauncher-10.0.9.jar%2353!/:?]
	at cpw.mods.modlauncher.BootstrapLaunchConsumer.accept(BootstrapLaunchConsumer.java:23) ~[modlauncher-10.0.9.jar%2353!/:?]
	at cpw.mods.bootstraplauncher.BootstrapLauncher.main(BootstrapLauncher.java:141) ~[bootstraplauncher-1.1.2.jar:?]
[01Aug2026 04:31:48.614] [main/ERROR] [com.iafenvoy.jupiter.Jupiter/]: Cannot load key=Wither Skull Explosion Damage (default: 12.0), type=java.lang.Double in config=witherreincarnated:COMMON
java.lang.NullPointerException: Cannot invoke "Object.getClass()" because "value" is null
	at com.iafenvoy.jupiter.compat.forgeconfigspec.NightConfigHolder.processEntry(NightConfigHolder.java:157) ~[jupiter-2.3.7-1.20.1-forge.jar%23555!/:?]
	at com.iafenvoy.jupiter.compat.forgeconfigspec.NightConfigHolder.process(NightConfigHolder.java:126) ~[jupiter-2.3.7-1.20.1-forge.jar%23555!/:?]
	at com.iafenvoy.jupiter.compat.forgeconfigspec.NightConfigHolder.buildGroup(NightConfigHolder.java:98) ~[jupiter-2.3.7-1.20.1-forge.jar%23555!/:?]
	at com.iafenvoy.jupiter.compat.forgeconfigspec.NightConfigHolder.buildGroup(NightConfigHolder.java:113) ~[jupiter-2.3.7-1.20.1-forge.jar%23555!/:?]
	at com.iafenvoy.jupiter.compat.forgeconfigspec.NightConfigHolder.buildGroups(NightConfigHolder.java:87) ~[jupiter-2.3.7-1.20.1-forge.jar%23555!/:?]
	at com.iafenvoy.jupiter.compat.forgeconfigspec.NightConfigHolder.buildGroups(NightConfigHolder.java:33) ~[jupiter-2.3.7-1.20.1-forge.jar%23555!/:?]
	at com.iafenvoy.jupiter.config.container.wrapper.ExtraConfigWrapper.<init>(ExtraConfigWrapper.java:27) ~[jupiter-2.3.7-1.20.1-forge.jar%23555!/:?]
	at com.iafenvoy.jupiter.compat.forgeconfigspec.ConfigSpecLoader.scanConfig(ConfigSpecLoader.java:72) ~[jupiter-2.3.7-1.20.1-forge.jar%23555!/:?]
	at com.iafenvoy.jupiter.compat.ExtraConfigManager.scanConfigs(ExtraConfigManager.java:29) ~[jupiter-2.3.7-1.20.1-forge.jar%23555!/:?]
	at com.iafenvoy.jupiter.ServerConfigManager.m_6213_(ServerConfigManager.java:48) ~[jupiter-2.3.7-1.20.1-forge.jar%23555!/:?]
	at net.minecraft.server.packs.resources.ResourceManagerReloadListener.m_10759_(ResourceManagerReloadListener.java:15) ~[server-1.20.1-20230612.114412-srg.jar%23690!/:?]
	at java.util.concurrent.CompletableFuture$UniRun.tryFire(CompletableFuture.java:787) ~[?:?]
	at java.util.concurrent.CompletableFuture$Completion.run(CompletableFuture.java:482) ~[?:?]
	at net.minecraft.server.packs.resources.SimpleReloadInstance.m_143940_(SimpleReloadInstance.java:69) ~[server-1.20.1-20230612.114412-srg.jar%23690!/:?]
	at net.minecraft.Util.m_214652_(Util.java:783) ~[server-1.20.1-20230612.114412-srg.jar%23690!/:?]
	at net.minecraft.Util.m_214679_(Util.java:772) ~[server-1.20.1-20230612.114412-srg.jar%23690!/:?]
	at net.minecraft.server.Main.main(Main.java:166) ~[server-1.20.1-20230612.114412-srg.jar%23690!/:?]
	at jdk.internal.reflect.NativeMethodAccessorImpl.invoke0(Native Method) ~[?:?]
	at jdk.internal.reflect.NativeMethodAccessorImpl.invoke(NativeMethodAccessorImpl.java:77) ~[?:?]
	at jdk.internal.reflect.DelegatingMethodAccessorImpl.invoke(DelegatingMethodAccessorImpl.java:43) ~[?:?]
	at java.lang.reflect.Method.invoke(Method.java:569) ~[?:?]
	at net.minecraftforge.fml.loading.targets.CommonLaunchHandler.runTarget(CommonLaunchHandler.java:111) ~[fmlloader-1.20.1-47.4.22.jar%2367!/:?]
	at net.minecraftforge.fml.loading.targets.CommonLaunchHandler.serverService(CommonLaunchHandler.java:103) ~[fmlloader-1.20.1-47.4.22.jar%2367!/:?]
	at net.minecraftforge.fml.loading.targets.CommonServerLaunchHandler.lambda$makeService$0(CommonServerLaunchHandler.java:27) ~[fmlloader-1.20.1-47.4.22.jar%2367!/:?]
	at cpw.mods.modlauncher.LaunchServiceHandlerDecorator.launch(LaunchServiceHandlerDecorator.java:30) ~[modlauncher-10.0.9.jar%2353!/:?]
	at cpw.mods.modlauncher.LaunchServiceHandler.launch(LaunchServiceHandler.java:53) ~[modlauncher-10.0.9.jar%2353!/:?]
	at cpw.mods.modlauncher.LaunchServiceHandler.launch(LaunchServiceHandler.java:71) ~[modlauncher-10.0.9.jar%2353!/:?]
	at cpw.mods.modlauncher.Launcher.run(Launcher.java:108) ~[modlauncher-10.0.9.jar%2353!/:?]
	at cpw.mods.modlauncher.Launcher.main(Launcher.java:78) ~[modlauncher-10.0.9.jar%2353!/:?]
	at cpw.mods.modlauncher.BootstrapLaunchConsumer.accept(BootstrapLaunchConsumer.java:26) ~[modlauncher-10.0.9.jar%2353!/:?]
	at cpw.mods.modlauncher.BootstrapLaunchConsumer.accept(BootstrapLaunchConsumer.java:23) ~[modlauncher-10.0.9.jar%2353!/:?]
	at cpw.mods.bootstraplauncher.BootstrapLauncher.main(BootstrapLauncher.java:141) ~[bootstraplauncher-1.1.2.jar:?]
[01Aug2026 04:31:48.615] [main/ERROR] [com.iafenvoy.jupiter.Jupiter/]: Cannot load key=Wither Skull Explosion Size (default: 2.0), type=java.lang.Double in config=witherreincarnated:COMMON
java.lang.NullPointerException: Cannot invoke "Object.getClass()" because "value" is null
	at com.iafenvoy.jupiter.compat.forgeconfigspec.NightConfigHolder.processEntry(NightConfigHolder.java:157) ~[jupiter-2.3.7-1.20.1-forge.jar%23555!/:?]
	at com.iafenvoy.jupiter.compat.forgeconfigspec.NightConfigHolder.process(NightConfigHolder.java:126) ~[jupiter-2.3.7-1.20.1-forge.jar%23555!/:?]
	at com.iafenvoy.jupiter.compat.forgeconfigspec.NightConfigHolder.buildGroup(NightConfigHolder.java:98) ~[jupiter-2.3.7-1.20.1-forge.jar%23555!/:?]
	at com.iafenvoy.jupiter.compat.forgeconfigspec.NightConfigHolder.buildGroup(NightConfigHolder.java:113) ~[jupiter-2.3.7-1.20.1-forge.jar%23555!/:?]
	at com.iafenvoy.jupiter.compat.forgeconfigspec.NightConfigHolder.buildGroups(NightConfigHolder.java:87) ~[jupiter-2.3.7-1.20.1-forge.jar%23555!/:?]
	at com.iafenvoy.jupiter.compat.forgeconfigspec.NightConfigHolder.buildGroups(NightConfigHolder.java:33) ~[jupiter-2.3.7-1.20.1-forge.jar%23555!/:?]
	at com.iafenvoy.jupiter.config.container.wrapper.ExtraConfigWrapper.<init>(ExtraConfigWrapper.java:27) ~[jupiter-2.3.7-1.20.1-forge.jar%23555!/:?]
	at com.iafenvoy.jupiter.compat.forgeconfigspec.ConfigSpecLoader.scanConfig(ConfigSpecLoader.java:72) ~[jupiter-2.3.7-1.20.1-forge.jar%23555!/:?]
	at com.iafenvoy.jupiter.compat.ExtraConfigManager.scanConfigs(ExtraConfigManager.java:29) ~[jupiter-2.3.7-1.20.1-forge.jar%23555!/:?]
	at com.iafenvoy.jupiter.ServerConfigManager.m_6213_(ServerConfigManager.java:48) ~[jupiter-2.3.7-1.20.1-forge.jar%23555!/:?]
	at net.minecraft.server.packs.resources.ResourceManagerReloadListener.m_10759_(ResourceManagerReloadListener.java:15) ~[server-1.20.1-20230612.114412-srg.jar%23690!/:?]
	at java.util.concurrent.CompletableFuture$UniRun.tryFire(CompletableFuture.java:787) ~[?:?]
	at java.util.concurrent.CompletableFuture$Completion.run(CompletableFuture.java:482) ~[?:?]
	at net.minecraft.server.packs.resources.SimpleReloadInstance.m_143940_(SimpleReloadInstance.java:69) ~[server-1.20.1-20230612.114412-srg.jar%23690!/:?]
	at net.minecraft.Util.m_214652_(Util.java:783) ~[server-1.20.1-20230612.114412-srg.jar%23690!/:?]
	at net.minecraft.Util.m_214679_(Util.java:772) ~[server-1.20.1-20230612.114412-srg.jar%23690!/:?]
	at net.minecraft.server.Main.main(Main.java:166) ~[server-1.20.1-20230612.114412-srg.jar%23690!/:?]
	at jdk.internal.reflect.NativeMethodAccessorImpl.invoke0(Native Method) ~[?:?]
	at jdk.internal.reflect.NativeMethodAccessorImpl.invoke(NativeMethodAccessorImpl.java:77) ~[?:?]
	at jdk.internal.reflect.DelegatingMethodAccessorImpl.invoke(DelegatingMethodAccessorImpl.java:43) ~[?:?]
	at java.lang.reflect.Method.invoke(Method.java:569) ~[?:?]
	at net.minecraftforge.fml.loading.targets.CommonLaunchHandler.runTarget(CommonLaunchHandler.java:111) ~[fmlloader-1.20.1-47.4.22.jar%2367!/:?]
	at net.minecraftforge.fml.loading.targets.CommonLaunchHandler.serverService(CommonLaunchHandler.java:103) ~[fmlloader-1.20.1-47.4.22.jar%2367!/:?]
	at net.minecraftforge.fml.loading.targets.CommonServerLaunchHandler.lambda$makeService$0(CommonServerLaunchHandler.java:27) ~[fmlloader-1.20.1-47.4.22.jar%2367!/:?]
	at cpw.mods.modlauncher.LaunchServiceHandlerDecorator.launch(LaunchServiceHandlerDecorator.java:30) ~[modlauncher-10.0.9.jar%2353!/:?]
	at cpw.mods.modlauncher.LaunchServiceHandler.launch(LaunchServiceHandler.java:53) ~[modlauncher-10.0.9.jar%2353!/:?]
	at cpw.mods.modlauncher.LaunchServiceHandler.launch(LaunchServiceHandler.java:71) ~[modlauncher-10.0.9.jar%2353!/:?]
	at cpw.mods.modlauncher.Launcher.run(Launcher.java:108) ~[modlauncher-10.0.9.jar%2353!/:?]
	at cpw.mods.modlauncher.Launcher.main(Launcher.java:78) ~[modlauncher-10.0.9.jar%2353!/:?]
	at cpw.mods.modlauncher.BootstrapLaunchConsumer.accept(BootstrapLaunchConsumer.java:26) ~[modlauncher-10.0.9.jar%2353!/:?]
	at cpw.mods.modlauncher.BootstrapLaunchConsumer.accept(BootstrapLaunchConsumer.java:23) ~[modlauncher-10.0.9.jar%2353!/:?]
	at cpw.mods.bootstraplauncher.BootstrapLauncher.main(BootstrapLauncher.java:141) ~[bootstraplauncher-1.1.2.jar:?]
[01Aug2026 04:31:48.615] [main/ERROR] [com.iafenvoy.jupiter.Jupiter/]: Cannot load key=Dangerous Wither Skull Damage (default: 22.0), type=java.lang.Double in config=witherreincarnated:COMMON
java.lang.NullPointerException: Cannot invoke "Object.getClass()" because "value" is null
	at com.iafenvoy.jupiter.compat.forgeconfigspec.NightConfigHolder.processEntry(NightConfigHolder.java:157) ~[jupiter-2.3.7-1.20.1-forge.jar%23555!/:?]
	at com.iafenvoy.jupiter.compat.forgeconfigspec.NightConfigHolder.process(NightConfigHolder.java:126) ~[jupiter-2.3.7-1.20.1-forge.jar%23555!/:?]
	at com.iafenvoy.jupiter.compat.forgeconfigspec.NightConfigHolder.buildGroup(NightConfigHolder.java:98) ~[jupiter-2.3.7-1.20.1-forge.jar%23555!/:?]
	at com.iafenvoy.jupiter.compat.forgeconfigspec.NightConfigHolder.buildGroup(NightConfigHolder.java:113) ~[jupiter-2.3.7-1.20.1-forge.jar%23555!/:?]
	at com.iafenvoy.jupiter.compat.forgeconfigspec.NightConfigHolder.buildGroups(NightConfigHolder.java:87) ~[jupiter-2.3.7-1.20.1-forge.jar%23555!/:?]
	at com.iafenvoy.jupiter.compat.forgeconfigspec.NightConfigHolder.buildGroups(NightConfigHolder.java:33) ~[jupiter-2.3.7-1.20.1-forge.jar%23555!/:?]
	at com.iafenvoy.jupiter.config.container.wrapper.ExtraConfigWrapper.<init>(ExtraConfigWrapper.java:27) ~[jupiter-2.3.7-1.20.1-forge.jar%23555!/:?]
	at com.iafenvoy.jupiter.compat.forgeconfigspec.ConfigSpecLoader.scanConfig(ConfigSpecLoader.java:72) ~[jupiter-2.3.7-1.20.1-forge.jar%23555!/:?]
	at com.iafenvoy.jupiter.compat.ExtraConfigManager.scanConfigs(ExtraConfigManager.java:29) ~[jupiter-2.3.7-1.20.1-forge.jar%23555!/:?]
	at com.iafenvoy.jupiter.ServerConfigManager.m_6213_(ServerConfigManager.java:48) ~[jupiter-2.3.7-1.20.1-forge.jar%23555!/:?]
	at net.minecraft.server.packs.resources.ResourceManagerReloadListener.m_10759_(ResourceManagerReloadListener.java:15) ~[server-1.20.1-20230612.114412-srg.jar%23690!/:?]
	at java.util.concurrent.CompletableFuture$UniRun.tryFire(CompletableFuture.java:787) ~[?:?]
	at java.util.concurrent.CompletableFuture$Completion.run(CompletableFuture.java:482) ~[?:?]
	at net.minecraft.server.packs.resources.SimpleReloadInstance.m_143940_(SimpleReloadInstance.java:69) ~[server-1.20.1-20230612.114412-srg.jar%23690!/:?]
	at net.minecraft.Util.m_214652_(Util.java:783) ~[server-1.20.1-20230612.114412-srg.jar%23690!/:?]
	at net.minecraft.Util.m_214679_(Util.java:772) ~[server-1.20.1-20230612.114412-srg.jar%23690!/:?]
	at net.minecraft.server.Main.main(Main.java:166) ~[server-1.20.1-20230612.114412-srg.jar%23690!/:?]
	at jdk.internal.reflect.NativeMethodAccessorImpl.invoke0(Native Method) ~[?:?]
	at jdk.internal.reflect.NativeMethodAccessorImpl.invoke(NativeMethodAccessorImpl.java:77) ~[?:?]
	at jdk.internal.reflect.DelegatingMethodAccessorImpl.invoke(DelegatingMethodAccessorImpl.java:43) ~[?:?]
	at java.lang.reflect.Method.invoke(Method.java:569) ~[?:?]
	at net.minecraftforge.fml.loading.targets.CommonLaunchHandler.runTarget(CommonLaunchHandler.java:111) ~[fmlloader-1.20.1-47.4.22.jar%2367!/:?]
	at net.minecraftforge.fml.loading.targets.CommonLaunchHandler.serverService(CommonLaunchHandler.java:103) ~[fmlloader-1.20.1-47.4.22.jar%2367!/:?]
	at net.minecraftforge.fml.loading.targets.CommonServerLaunchHandler.lambda$makeService$0(CommonServerLaunchHandler.java:27) ~[fmlloader-1.20.1-47.4.22.jar%2367!/:?]
	at cpw.mods.modlauncher.LaunchServiceHandlerDecorator.launch(LaunchServiceHandlerDecorator.java:30) ~[modlauncher-10.0.9.jar%2353!/:?]
	at cpw.mods.modlauncher.LaunchServiceHandler.launch(LaunchServiceHandler.java:53) ~[modlauncher-10.0.9.jar%2353!/:?]
	at cpw.mods.modlauncher.LaunchServiceHandler.launch(LaunchServiceHandler.java:71) ~[modlauncher-10.0.9.jar%2353!/:?]
	at cpw.mods.modlauncher.Launcher.run(Launcher.java:108) ~[modlauncher-10.0.9.jar%2353!/:?]
	at cpw.mods.modlauncher.Launcher.main(Launcher.java:78) ~[modlauncher-10.0.9.jar%2353!/:?]
	at cpw.mods.modlauncher.BootstrapLaunchConsumer.accept(BootstrapLaunchConsumer.java:26) ~[modlauncher-10.0.9.jar%2353!/:?]
	at cpw.mods.modlauncher.BootstrapLaunchConsumer.accept(BootstrapLaunchConsumer.java:23) ~[modlauncher-10.0.9.jar%2353!/:?]
	at cpw.mods.bootstraplauncher.BootstrapLauncher.main(BootstrapLauncher.java:141) ~[bootstraplauncher-1.1.2.jar:?]
[01Aug2026 04:31:48.616] [main/ERROR] [com.iafenvoy.jupiter.Jupiter/]: Cannot load key=Dangerous Wither Skull Explosion Damage (default: 18.0), type=java.lang.Double in config=witherreincarnated:COMMON
java.lang.NullPointerException: Cannot invoke "Object.getClass()" because "value" is null
	at com.iafenvoy.jupiter.compat.forgeconfigspec.NightConfigHolder.processEntry(NightConfigHolder.java:157) ~[jupiter-2.3.7-1.20.1-forge.jar%23555!/:?]
	at com.iafenvoy.jupiter.compat.forgeconfigspec.NightConfigHolder.process(NightConfigHolder.java:126) ~[jupiter-2.3.7-1.20.1-forge.jar%23555!/:?]
	at com.iafenvoy.jupiter.compat.forgeconfigspec.NightConfigHolder.buildGroup(NightConfigHolder.java:98) ~[jupiter-2.3.7-1.20.1-forge.jar%23555!/:?]
	at com.iafenvoy.jupiter.compat.forgeconfigspec.NightConfigHolder.buildGroup(NightConfigHolder.java:113) ~[jupiter-2.3.7-1.20.1-forge.jar%23555!/:?]
	at com.iafenvoy.jupiter.compat.forgeconfigspec.NightConfigHolder.buildGroups(NightConfigHolder.java:87) ~[jupiter-2.3.7-1.20.1-forge.jar%23555!/:?]
	at com.iafenvoy.jupiter.compat.forgeconfigspec.NightConfigHolder.buildGroups(NightConfigHolder.java:33) ~[jupiter-2.3.7-1.20.1-forge.jar%23555!/:?]
	at com.iafenvoy.jupiter.config.container.wrapper.ExtraConfigWrapper.<init>(ExtraConfigWrapper.java:27) ~[jupiter-2.3.7-1.20.1-forge.jar%23555!/:?]
	at com.iafenvoy.jupiter.compat.forgeconfigspec.ConfigSpecLoader.scanConfig(ConfigSpecLoader.java:72) ~[jupiter-2.3.7-1.20.1-forge.jar%23555!/:?]
	at com.iafenvoy.jupiter.compat.ExtraConfigManager.scanConfigs(ExtraConfigManager.java:29) ~[jupiter-2.3.7-1.20.1-forge.jar%23555!/:?]
	at com.iafenvoy.jupiter.ServerConfigManager.m_6213_(ServerConfigManager.java:48) ~[jupiter-2.3.7-1.20.1-forge.jar%23555!/:?]
	at net.minecraft.server.packs.resources.ResourceManagerReloadListener.m_10759_(ResourceManagerReloadListener.java:15) ~[server-1.20.1-20230612.114412-srg.jar%23690!/:?]
	at java.util.concurrent.CompletableFuture$UniRun.tryFire(CompletableFuture.java:787) ~[?:?]
	at java.util.concurrent.CompletableFuture$Completion.run(CompletableFuture.java:482) ~[?:?]
	at net.minecraft.server.packs.resources.SimpleReloadInstance.m_143940_(SimpleReloadInstance.java:69) ~[server-1.20.1-20230612.114412-srg.jar%23690!/:?]
	at net.minecraft.Util.m_214652_(Util.java:783) ~[server-1.20.1-20230612.114412-srg.jar%23690!/:?]
	at net.minecraft.Util.m_214679_(Util.java:772) ~[server-1.20.1-20230612.114412-srg.jar%23690!/:?]
	at net.minecraft.server.Main.main(Main.java:166) ~[server-1.20.1-20230612.114412-srg.jar%23690!/:?]
	at jdk.internal.reflect.NativeMethodAccessorImpl.invoke0(Native Method) ~[?:?]
	at jdk.internal.reflect.NativeMethodAccessorImpl.invoke(NativeMethodAccessorImpl.java:77) ~[?:?]
	at jdk.internal.reflect.DelegatingMethodAccessorImpl.invoke(DelegatingMethodAccessorImpl.java:43) ~[?:?]
	at java.lang.reflect.Method.invoke(Method.java:569) ~[?:?]
	at net.minecraftforge.fml.loading.targets.CommonLaunchHandler.runTarget(CommonLaunchHandler.java:111) ~[fmlloader-1.20.1-47.4.22.jar%2367!/:?]
	at net.minecraftforge.fml.loading.targets.CommonLaunchHandler.serverService(CommonLaunchHandler.java:103) ~[fmlloader-1.20.1-47.4.22.jar%2367!/:?]
	at net.minecraftforge.fml.loading.targets.CommonServerLaunchHandler.lambda$makeService$0(CommonServerLaunchHandler.java:27) ~[fmlloader-1.20.1-47.4.22.jar%2367!/:?]
	at cpw.mods.modlauncher.LaunchServiceHandlerDecorator.launch(LaunchServiceHandlerDecorator.java:30) ~[modlauncher-10.0.9.jar%2353!/:?]
	at cpw.mods.modlauncher.LaunchServiceHandler.launch(LaunchServiceHandler.java:53) ~[modlauncher-10.0.9.jar%2353!/:?]
	at cpw.mods.modlauncher.LaunchServiceHandler.launch(LaunchServiceHandler.java:71) ~[modlauncher-10.0.9.jar%2353!/:?]
	at cpw.mods.modlauncher.Launcher.run(Launcher.java:108) ~[modlauncher-10.0.9.jar%2353!/:?]
	at cpw.mods.modlauncher.Launcher.main(Launcher.java:78) ~[modlauncher-10.0.9.jar%2353!/:?]
	at cpw.mods.modlauncher.BootstrapLaunchConsumer.accept(BootstrapLaunchConsumer.java:26) ~[modlauncher-10.0.9.jar%2353!/:?]
	at cpw.mods.modlauncher.BootstrapLaunchConsumer.accept(BootstrapLaunchConsumer.java:23) ~[modlauncher-10.0.9.jar%2353!/:?]
	at cpw.mods.bootstraplauncher.BootstrapLauncher.main(BootstrapLauncher.java:141) ~[bootstraplauncher-1.1.2.jar:?]
[01Aug2026 04:31:48.617] [main/ERROR] [com.iafenvoy.jupiter.Jupiter/]: Cannot load key=Dangerous Wither Skull Explosion Size (default: 5.0), type=java.lang.Double in config=witherreincarnated:COMMON
java.lang.NullPointerException: Cannot invoke "Object.getClass()" because "value" is null
	at com.iafenvoy.jupiter.compat.forgeconfigspec.NightConfigHolder.processEntry(NightConfigHolder.java:157) ~[jupiter-2.3.7-1.20.1-forge.jar%23555!/:?]
	at com.iafenvoy.jupiter.compat.forgeconfigspec.NightConfigHolder.process(NightConfigHolder.java:126) ~[jupiter-2.3.7-1.20.1-forge.jar%23555!/:?]
	at com.iafenvoy.jupiter.compat.forgeconfigspec.NightConfigHolder.buildGroup(NightConfigHolder.java:98) ~[jupiter-2.3.7-1.20.1-forge.jar%23555!/:?]
	at com.iafenvoy.jupiter.compat.forgeconfigspec.NightConfigHolder.buildGroup(NightConfigHolder.java:113) ~[jupiter-2.3.7-1.20.1-forge.jar%23555!/:?]
	at com.iafenvoy.jupiter.compat.forgeconfigspec.NightConfigHolder.buildGroups(NightConfigHolder.java:87) ~[jupiter-2.3.7-1.20.1-forge.jar%23555!/:?]
	at com.iafenvoy.jupiter.compat.forgeconfigspec.NightConfigHolder.buildGroups(NightConfigHolder.java:33) ~[jupiter-2.3.7-1.20.1-forge.jar%23555!/:?]
	at com.iafenvoy.jupiter.config.container.wrapper.ExtraConfigWrapper.<init>(ExtraConfigWrapper.java:27) ~[jupiter-2.3.7-1.20.1-forge.jar%23555!/:?]
	at com.iafenvoy.jupiter.compat.forgeconfigspec.ConfigSpecLoader.scanConfig(ConfigSpecLoader.java:72) ~[jupiter-2.3.7-1.20.1-forge.jar%23555!/:?]
	at com.iafenvoy.jupiter.compat.ExtraConfigManager.scanConfigs(ExtraConfigManager.java:29) ~[jupiter-2.3.7-1.20.1-forge.jar%23555!/:?]
	at com.iafenvoy.jupiter.ServerConfigManager.m_6213_(ServerConfigManager.java:48) ~[jupiter-2.3.7-1.20.1-forge.jar%23555!/:?]
	at net.minecraft.server.packs.resources.ResourceManagerReloadListener.m_10759_(ResourceManagerReloadListener.java:15) ~[server-1.20.1-20230612.114412-srg.jar%23690!/:?]
	at java.util.concurrent.CompletableFuture$UniRun.tryFire(CompletableFuture.java:787) ~[?:?]
	at java.util.concurrent.CompletableFuture$Completion.run(CompletableFuture.java:482) ~[?:?]
	at net.minecraft.server.packs.resources.SimpleReloadInstance.m_143940_(SimpleReloadInstance.java:69) ~[server-1.20.1-20230612.114412-srg.jar%23690!/:?]
	at net.minecraft.Util.m_214652_(Util.java:783) ~[server-1.20.1-20230612.114412-srg.jar%23690!/:?]
	at net.minecraft.Util.m_214679_(Util.java:772) ~[server-1.20.1-20230612.114412-srg.jar%23690!/:?]
	at net.minecraft.server.Main.main(Main.java:166) ~[server-1.20.1-20230612.114412-srg.jar%23690!/:?]
	at jdk.internal.reflect.NativeMethodAccessorImpl.invoke0(Native Method) ~[?:?]
	at jdk.internal.reflect.NativeMethodAccessorImpl.invoke(NativeMethodAccessorImpl.java:77) ~[?:?]
	at jdk.internal.reflect.DelegatingMethodAccessorImpl.invoke(DelegatingMethodAccessorImpl.java:43) ~[?:?]
	at java.lang.reflect.Method.invoke(Method.java:569) ~[?:?]
	at net.minecraftforge.fml.loading.targets.CommonLaunchHandler.runTarget(CommonLaunchHandler.java:111) ~[fmlloader-1.20.1-47.4.22.jar%2367!/:?]
	at net.minecraftforge.fml.loading.targets.CommonLaunchHandler.serverService(CommonLaunchHandler.java:103) ~[fmlloader-1.20.1-47.4.22.jar%2367!/:?]
	at net.minecraftforge.fml.loading.targets.CommonServerLaunchHandler.lambda$makeService$0(CommonServerLaunchHandler.java:27) ~[fmlloader-1.20.1-47.4.22.jar%2367!/:?]
	at cpw.mods.modlauncher.LaunchServiceHandlerDecorator.launch(LaunchServiceHandlerDecorator.java:30) ~[modlauncher-10.0.9.jar%2353!/:?]
	at cpw.mods.modlauncher.LaunchServiceHandler.launch(LaunchServiceHandler.java:53) ~[modlauncher-10.0.9.jar%2353!/:?]
	at cpw.mods.modlauncher.LaunchServiceHandler.launch(LaunchServiceHandler.java:71) ~[modlauncher-10.0.9.jar%2353!/:?]
	at cpw.mods.modlauncher.Launcher.run(Launcher.java:108) ~[modlauncher-10.0.9.jar%2353!/:?]
	at cpw.mods.modlauncher.Launcher.main(Launcher.java:78) ~[modlauncher-10.0.9.jar%2353!/:?]
	at cpw.mods.modlauncher.BootstrapLaunchConsumer.accept(BootstrapLaunchConsumer.java:26) ~[modlauncher-10.0.9.jar%2353!/:?]
	at cpw.mods.modlauncher.BootstrapLaunchConsumer.accept(BootstrapLaunchConsumer.java:23) ~[modlauncher-10.0.9.jar%2353!/:?]
	at cpw.mods.bootstraplauncher.BootstrapLauncher.main(BootstrapLauncher.java:141) ~[bootstraplauncher-1.1.2.jar:?]
[01Aug2026 04:31:48.618] [main/ERROR] [com.iafenvoy.jupiter.Jupiter/]: Cannot load key=Dangerous Wither Skull Deflected Damage (default: 30.0), type=java.lang.Double in config=witherreincarnated:COMMON
java.lang.NullPointerException: Cannot invoke "Object.getClass()" because "value" is null
	at com.iafenvoy.jupiter.compat.forgeconfigspec.NightConfigHolder.processEntry(NightConfigHolder.java:157) ~[jupiter-2.3.7-1.20.1-forge.jar%23555!/:?]
	at com.iafenvoy.jupiter.compat.forgeconfigspec.NightConfigHolder.process(NightConfigHolder.java:126) ~[jupiter-2.3.7-1.20.1-forge.jar%23555!/:?]
	at com.iafenvoy.jupiter.compat.forgeconfigspec.NightConfigHolder.buildGroup(NightConfigHolder.java:98) ~[jupiter-2.3.7-1.20.1-forge.jar%23555!/:?]
	at com.iafenvoy.jupiter.compat.forgeconfigspec.NightConfigHolder.buildGroup(NightConfigHolder.java:113) ~[jupiter-2.3.7-1.20.1-forge.jar%23555!/:?]
	at com.iafenvoy.jupiter.compat.forgeconfigspec.NightConfigHolder.buildGroups(NightConfigHolder.java:87) ~[jupiter-2.3.7-1.20.1-forge.jar%23555!/:?]
	at com.iafenvoy.jupiter.compat.forgeconfigspec.NightConfigHolder.buildGroups(NightConfigHolder.java:33) ~[jupiter-2.3.7-1.20.1-forge.jar%23555!/:?]
	at com.iafenvoy.jupiter.config.container.wrapper.ExtraConfigWrapper.<init>(ExtraConfigWrapper.java:27) ~[jupiter-2.3.7-1.20.1-forge.jar%23555!/:?]
	at com.iafenvoy.jupiter.compat.forgeconfigspec.ConfigSpecLoader.scanConfig(ConfigSpecLoader.java:72) ~[jupiter-2.3.7-1.20.1-forge.jar%23555!/:?]
	at com.iafenvoy.jupiter.compat.ExtraConfigManager.scanConfigs(ExtraConfigManager.java:29) ~[jupiter-2.3.7-1.20.1-forge.jar%23555!/:?]
	at com.iafenvoy.jupiter.ServerConfigManager.m_6213_(ServerConfigManager.java:48) ~[jupiter-2.3.7-1.20.1-forge.jar%23555!/:?]
	at net.minecraft.server.packs.resources.ResourceManagerReloadListener.m_10759_(ResourceManagerReloadListener.java:15) ~[server-1.20.1-20230612.114412-srg.jar%23690!/:?]
	at java.util.concurrent.CompletableFuture$UniRun.tryFire(CompletableFuture.java:787) ~[?:?]
	at java.util.concurrent.CompletableFuture$Completion.run(CompletableFuture.java:482) ~[?:?]
	at net.minecraft.server.packs.resources.SimpleReloadInstance.m_143940_(SimpleReloadInstance.java:69) ~[server-1.20.1-20230612.114412-srg.jar%23690!/:?]
	at net.minecraft.Util.m_214652_(Util.java:783) ~[server-1.20.1-20230612.114412-srg.jar%23690!/:?]
	at net.minecraft.Util.m_214679_(Util.java:772) ~[server-1.20.1-20230612.114412-srg.jar%23690!/:?]
	at net.minecraft.server.Main.main(Main.java:166) ~[server-1.20.1-20230612.114412-srg.jar%23690!/:?]
	at jdk.internal.reflect.NativeMethodAccessorImpl.invoke0(Native Method) ~[?:?]
	at jdk.internal.reflect.NativeMethodAccessorImpl.invoke(NativeMethodAccessorImpl.java:77) ~[?:?]
	at jdk.internal.reflect.DelegatingMethodAccessorImpl.invoke(DelegatingMethodAccessorImpl.java:43) ~[?:?]
	at java.lang.reflect.Method.invoke(Method.java:569) ~[?:?]
	at net.minecraftforge.fml.loading.targets.CommonLaunchHandler.runTarget(CommonLaunchHandler.java:111) ~[fmlloader-1.20.1-47.4.22.jar%2367!/:?]
	at net.minecraftforge.fml.loading.targets.CommonLaunchHandler.serverService(CommonLaunchHandler.java:103) ~[fmlloader-1.20.1-47.4.22.jar%2367!/:?]
	at net.minecraftforge.fml.loading.targets.CommonServerLaunchHandler.lambda$makeService$0(CommonServerLaunchHandler.java:27) ~[fmlloader-1.20.1-47.4.22.jar%2367!/:?]
	at cpw.mods.modlauncher.LaunchServiceHandlerDecorator.launch(LaunchServiceHandlerDecorator.java:30) ~[modlauncher-10.0.9.jar%2353!/:?]
	at cpw.mods.modlauncher.LaunchServiceHandler.launch(LaunchServiceHandler.java:53) ~[modlauncher-10.0.9.jar%2353!/:?]
	at cpw.mods.modlauncher.LaunchServiceHandler.launch(LaunchServiceHandler.java:71) ~[modlauncher-10.0.9.jar%2353!/:?]
	at cpw.mods.modlauncher.Launcher.run(Launcher.java:108) ~[modlauncher-10.0.9.jar%2353!/:?]
	at cpw.mods.modlauncher.Launcher.main(Launcher.java:78) ~[modlauncher-10.0.9.jar%2353!/:?]
	at cpw.mods.modlauncher.BootstrapLaunchConsumer.accept(BootstrapLaunchConsumer.java:26) ~[modlauncher-10.0.9.jar%2353!/:?]
	at cpw.mods.modlauncher.BootstrapLaunchConsumer.accept(BootstrapLaunchConsumer.java:23) ~[modlauncher-10.0.9.jar%2353!/:?]
	at cpw.mods.bootstraplauncher.BootstrapLauncher.main(BootstrapLauncher.java:141) ~[bootstraplauncher-1.1.2.jar:?]
[01Aug2026 04:31:48.619] [main/ERROR] [com.iafenvoy.jupiter.Jupiter/]: Cannot load key=Laser Damage (default: 3.0), type=java.lang.Double in config=witherreincarnated:COMMON
java.lang.NullPointerException: Cannot invoke "Object.getClass()" because "value" is null
	at com.iafenvoy.jupiter.compat.forgeconfigspec.NightConfigHolder.processEntry(NightConfigHolder.java:157) ~[jupiter-2.3.7-1.20.1-forge.jar%23555!/:?]
	at com.iafenvoy.jupiter.compat.forgeconfigspec.NightConfigHolder.process(NightConfigHolder.java:126) ~[jupiter-2.3.7-1.20.1-forge.jar%23555!/:?]
	at com.iafenvoy.jupiter.compat.forgeconfigspec.NightConfigHolder.buildGroup(NightConfigHolder.java:98) ~[jupiter-2.3.7-1.20.1-forge.jar%23555!/:?]
	at com.iafenvoy.jupiter.compat.forgeconfigspec.NightConfigHolder.buildGroup(NightConfigHolder.java:113) ~[jupiter-2.3.7-1.20.1-forge.jar%23555!/:?]
	at com.iafenvoy.jupiter.compat.forgeconfigspec.NightConfigHolder.buildGroups(NightConfigHolder.java:87) ~[jupiter-2.3.7-1.20.1-forge.jar%23555!/:?]
	at com.iafenvoy.jupiter.compat.forgeconfigspec.NightConfigHolder.buildGroups(NightConfigHolder.java:33) ~[jupiter-2.3.7-1.20.1-forge.jar%23555!/:?]
	at com.iafenvoy.jupiter.config.container.wrapper.ExtraConfigWrapper.<init>(ExtraConfigWrapper.java:27) ~[jupiter-2.3.7-1.20.1-forge.jar%23555!/:?]
	at com.iafenvoy.jupiter.compat.forgeconfigspec.ConfigSpecLoader.scanConfig(ConfigSpecLoader.java:72) ~[jupiter-2.3.7-1.20.1-forge.jar%23555!/:?]
	at com.iafenvoy.jupiter.compat.ExtraConfigManager.scanConfigs(ExtraConfigManager.java:29) ~[jupiter-2.3.7-1.20.1-forge.jar%23555!/:?]
	at com.iafenvoy.jupiter.ServerConfigManager.m_6213_(ServerConfigManager.java:48) ~[jupiter-2.3.7-1.20.1-forge.jar%23555!/:?]
	at net.minecraft.server.packs.resources.ResourceManagerReloadListener.m_10759_(ResourceManagerReloadListener.java:15) ~[server-1.20.1-20230612.114412-srg.jar%23690!/:?]
	at java.util.concurrent.CompletableFuture$UniRun.tryFire(CompletableFuture.java:787) ~[?:?]
	at java.util.concurrent.CompletableFuture$Completion.run(CompletableFuture.java:482) ~[?:?]
	at net.minecraft.server.packs.resources.SimpleReloadInstance.m_143940_(SimpleReloadInstance.java:69) ~[server-1.20.1-20230612.114412-srg.jar%23690!/:?]
	at net.minecraft.Util.m_214652_(Util.java:783) ~[server-1.20.1-20230612.114412-srg.jar%23690!/:?]
	at net.minecraft.Util.m_214679_(Util.java:772) ~[server-1.20.1-20230612.114412-srg.jar%23690!/:?]
	at net.minecraft.server.Main.main(Main.java:166) ~[server-1.20.1-20230612.114412-srg.jar%23690!/:?]
	at jdk.internal.reflect.NativeMethodAccessorImpl.invoke0(Native Method) ~[?:?]
	at jdk.internal.reflect.NativeMethodAccessorImpl.invoke(NativeMethodAccessorImpl.java:77) ~[?:?]
	at jdk.internal.reflect.DelegatingMethodAccessorImpl.invoke(DelegatingMethodAccessorImpl.java:43) ~[?:?]
	at java.lang.reflect.Method.invoke(Method.java:569) ~[?:?]
	at net.minecraftforge.fml.loading.targets.CommonLaunchHandler.runTarget(CommonLaunchHandler.java:111) ~[fmlloader-1.20.1-47.4.22.jar%2367!/:?]
	at net.minecraftforge.fml.loading.targets.CommonLaunchHandler.serverService(CommonLaunchHandler.java:103) ~[fmlloader-1.20.1-47.4.22.jar%2367!/:?]
	at net.minecraftforge.fml.loading.targets.CommonServerLaunchHandler.lambda$makeService$0(CommonServerLaunchHandler.java:27) ~[fmlloader-1.20.1-47.4.22.jar%2367!/:?]
	at cpw.mods.modlauncher.LaunchServiceHandlerDecorator.launch(LaunchServiceHandlerDecorator.java:30) ~[modlauncher-10.0.9.jar%2353!/:?]
	at cpw.mods.modlauncher.LaunchServiceHandler.launch(LaunchServiceHandler.java:53) ~[modlauncher-10.0.9.jar%2353!/:?]
	at cpw.mods.modlauncher.LaunchServiceHandler.launch(LaunchServiceHandler.java:71) ~[modlauncher-10.0.9.jar%2353!/:?]
	at cpw.mods.modlauncher.Launcher.run(Launcher.java:108) ~[modlauncher-10.0.9.jar%2353!/:?]
	at cpw.mods.modlauncher.Launcher.main(Launcher.java:78) ~[modlauncher-10.0.9.jar%2353!/:?]
	at cpw.mods.modlauncher.BootstrapLaunchConsumer.accept(BootstrapLaunchConsumer.java:26) ~[modlauncher-10.0.9.jar%2353!/:?]
	at cpw.mods.modlauncher.BootstrapLaunchConsumer.accept(BootstrapLaunchConsumer.java:23) ~[modlauncher-10.0.9.jar%2353!/:?]
	at cpw.mods.bootstraplauncher.BootstrapLauncher.main(BootstrapLauncher.java:141) ~[bootstraplauncher-1.1.2.jar:?]
[01Aug2026 04:31:48.623] [main/ERROR] [com.iafenvoy.jupiter.Jupiter/]: Cannot load key=Charge Damage (default: 30.0), type=java.lang.Double in config=witherreincarnated:COMMON
java.lang.NullPointerException: Cannot invoke "Object.getClass()" because "value" is null
	at com.iafenvoy.jupiter.compat.forgeconfigspec.NightConfigHolder.processEntry(NightConfigHolder.java:157) ~[jupiter-2.3.7-1.20.1-forge.jar%23555!/:?]
	at com.iafenvoy.jupiter.compat.forgeconfigspec.NightConfigHolder.process(NightConfigHolder.java:126) ~[jupiter-2.3.7-1.20.1-forge.jar%23555!/:?]
	at com.iafenvoy.jupiter.compat.forgeconfigspec.NightConfigHolder.buildGroup(NightConfigHolder.java:98) ~[jupiter-2.3.7-1.20.1-forge.jar%23555!/:?]
	at com.iafenvoy.jupiter.compat.forgeconfigspec.NightConfigHolder.buildGroup(NightConfigHolder.java:113) ~[jupiter-2.3.7-1.20.1-forge.jar%23555!/:?]
	at com.iafenvoy.jupiter.compat.forgeconfigspec.NightConfigHolder.buildGroups(NightConfigHolder.java:87) ~[jupiter-2.3.7-1.20.1-forge.jar%23555!/:?]
	at com.iafenvoy.jupiter.compat.forgeconfigspec.NightConfigHolder.buildGroups(NightConfigHolder.java:33) ~[jupiter-2.3.7-1.20.1-forge.jar%23555!/:?]
	at com.iafenvoy.jupiter.config.container.wrapper.ExtraConfigWrapper.<init>(ExtraConfigWrapper.java:27) ~[jupiter-2.3.7-1.20.1-forge.jar%23555!/:?]
	at com.iafenvoy.jupiter.compat.forgeconfigspec.ConfigSpecLoader.scanConfig(ConfigSpecLoader.java:72) ~[jupiter-2.3.7-1.20.1-forge.jar%23555!/:?]
	at com.iafenvoy.jupiter.compat.ExtraConfigManager.scanConfigs(ExtraConfigManager.java:29) ~[jupiter-2.3.7-1.20.1-forge.jar%23555!/:?]
	at com.iafenvoy.jupiter.ServerConfigManager.m_6213_(ServerConfigManager.java:48) ~[jupiter-2.3.7-1.20.1-forge.jar%23555!/:?]
	at net.minecraft.server.packs.resources.ResourceManagerReloadListener.m_10759_(ResourceManagerReloadListener.java:15) ~[server-1.20.1-20230612.114412-srg.jar%23690!/:?]
	at java.util.concurrent.CompletableFuture$UniRun.tryFire(CompletableFuture.java:787) ~[?:?]
	at java.util.concurrent.CompletableFuture$Completion.run(CompletableFuture.java:482) ~[?:?]
	at net.minecraft.server.packs.resources.SimpleReloadInstance.m_143940_(SimpleReloadInstance.java:69) ~[server-1.20.1-20230612.114412-srg.jar%23690!/:?]
	at net.minecraft.Util.m_214652_(Util.java:783) ~[server-1.20.1-20230612.114412-srg.jar%23690!/:?]
	at net.minecraft.Util.m_214679_(Util.java:772) ~[server-1.20.1-20230612.114412-srg.jar%23690!/:?]
	at net.minecraft.server.Main.main(Main.java:166) ~[server-1.20.1-20230612.114412-srg.jar%23690!/:?]
	at jdk.internal.reflect.NativeMethodAccessorImpl.invoke0(Native Method) ~[?:?]
	at jdk.internal.reflect.NativeMethodAccessorImpl.invoke(NativeMethodAccessorImpl.java:77) ~[?:?]
	at jdk.internal.reflect.DelegatingMethodAccessorImpl.invoke(DelegatingMethodAccessorImpl.java:43) ~[?:?]
	at java.lang.reflect.Method.invoke(Method.java:569) ~[?:?]
	at net.minecraftforge.fml.loading.targets.CommonLaunchHandler.runTarget(CommonLaunchHandler.java:111) ~[fmlloader-1.20.1-47.4.22.jar%2367!/:?]
	at net.minecraftforge.fml.loading.targets.CommonLaunchHandler.serverService(CommonLaunchHandler.java:103) ~[fmlloader-1.20.1-47.4.22.jar%2367!/:?]
	at net.minecraftforge.fml.loading.targets.CommonServerLaunchHandler.lambda$makeService$0(CommonServerLaunchHandler.java:27) ~[fmlloader-1.20.1-47.4.22.jar%2367!/:?]
	at cpw.mods.modlauncher.LaunchServiceHandlerDecorator.launch(LaunchServiceHandlerDecorator.java:30) ~[modlauncher-10.0.9.jar%2353!/:?]
	at cpw.mods.modlauncher.LaunchServiceHandler.launch(LaunchServiceHandler.java:53) ~[modlauncher-10.0.9.jar%2353!/:?]
	at cpw.mods.modlauncher.LaunchServiceHandler.launch(LaunchServiceHandler.java:71) ~[modlauncher-10.0.9.jar%2353!/:?]
	at cpw.mods.modlauncher.Launcher.run(Launcher.java:108) ~[modlauncher-10.0.9.jar%2353!/:?]
	at cpw.mods.modlauncher.Launcher.main(Launcher.java:78) ~[modlauncher-10.0.9.jar%2353!/:?]
	at cpw.mods.modlauncher.BootstrapLaunchConsumer.accept(BootstrapLaunchConsumer.java:26) ~[modlauncher-10.0.9.jar%2353!/:?]
	at cpw.mods.modlauncher.BootstrapLaunchConsumer.accept(BootstrapLaunchConsumer.java:23) ~[modlauncher-10.0.9.jar%2353!/:?]
	at cpw.mods.bootstraplauncher.BootstrapLauncher.main(BootstrapLauncher.java:141) ~[bootstraplauncher-1.1.2.jar:?]
[01Aug2026 04:31:48.650] [main/WARN] [com.iafenvoy.jupiter.Jupiter/]: Cannot find suitable entry for key=swing_physics, type=com.electronwill.nightconfig.core.SimpleCommentedConfig in config=amendments:CLIENT
[01Aug2026 04:31:48.651] [main/WARN] [com.iafenvoy.jupiter.Jupiter/]: Cannot find suitable entry for key=swing_physics, type=com.electronwill.nightconfig.core.SimpleCommentedConfig in config=amendments:CLIENT
[01Aug2026 04:31:48.718] [main/WARN] [com.iafenvoy.jupiter.Jupiter/]: Notice: Jupiter cannot resolve 17 empty List<Enum> since technical issue in Java, it is recommended to add a value in default value list.
[01Aug2026 04:31:48.719] [main/INFO] [com.iafenvoy.jupiter.Jupiter/]: Config spec loading complete, found 70 configs from 69 mods.
[01Aug2026 04:31:48.730] [main/INFO] [com.iafenvoy.jupiter.Jupiter/]: Cloth Config loading complete, found 4 configs from 4 mods.
[01Aug2026 04:31:48.731] [main/INFO] [com.iafenvoy.jupiter.Jupiter/]: Successfully reload 74 server config(s).
[01Aug2026 04:31:49.081] [main/ERROR] [com.craisinlord.integrated_api.IntegratedAPI/]: Integrated API Error: Couldn't parse spawner mob list idas:dread_citadel
java.lang.Exception: Error: iceandfire:dread_lich is not a valid entity ID!
	at com.craisinlord.integrated_api.misc.mobspawners.MobSpawnerObj.setEntityType(MobSpawnerObj.java:37) ~[integrated_api-1.7.4+1.20.1-forge.jar%23545!/:?]
	at com.craisinlord.integrated_api.misc.mobspawners.MobSpawnerManager.lambda$apply$0(MobSpawnerManager.java:41) ~[integrated_api-1.7.4+1.20.1-forge.jar%23545!/:?]
	at java.util.HashMap.forEach(HashMap.java:1421) ~[?:?]
	at com.craisinlord.integrated_api.misc.mobspawners.MobSpawnerManager.apply(MobSpawnerManager.java:36) ~[integrated_api-1.7.4+1.20.1-forge.jar%23545!/:?]
	at com.craisinlord.integrated_api.misc.mobspawners.MobSpawnerManager.m_5787_(MobSpawnerManager.java:23) ~[integrated_api-1.7.4+1.20.1-forge.jar%23545!/:?]
	at net.minecraft.server.packs.resources.SimplePreparableReloadListener.m_10789_(SimplePreparableReloadListener.java:13) ~[server-1.20.1-20230612.114412-srg.jar%23690!/:?]
	at java.util.concurrent.CompletableFuture$UniAccept.tryFire(CompletableFuture.java:718) ~[?:?]
	at java.util.concurrent.CompletableFuture$Completion.run(CompletableFuture.java:482) ~[?:?]
	at net.minecraft.server.packs.resources.SimpleReloadInstance.m_143940_(SimpleReloadInstance.java:69) ~[server-1.20.1-20230612.114412-srg.jar%23690!/:?]
	at net.minecraft.Util.m_214652_(Util.java:783) ~[server-1.20.1-20230612.114412-srg.jar%23690!/:?]
	at net.minecraft.Util.m_214679_(Util.java:772) ~[server-1.20.1-20230612.114412-srg.jar%23690!/:?]
	at net.minecraft.server.Main.main(Main.java:166) ~[server-1.20.1-20230612.114412-srg.jar%23690!/:?]
	at jdk.internal.reflect.NativeMethodAccessorImpl.invoke0(Native Method) ~[?:?]
	at jdk.internal.reflect.NativeMethodAccessorImpl.invoke(NativeMethodAccessorImpl.java:77) ~[?:?]
	at jdk.internal.reflect.DelegatingMethodAccessorImpl.invoke(DelegatingMethodAccessorImpl.java:43) ~[?:?]
	at java.lang.reflect.Method.invoke(Method.java:569) ~[?:?]
	at net.minecraftforge.fml.loading.targets.CommonLaunchHandler.runTarget(CommonLaunchHandler.java:111) ~[fmlloader-1.20.1-47.4.22.jar%2367!/:?]
	at net.minecraftforge.fml.loading.targets.CommonLaunchHandler.serverService(CommonLaunchHandler.java:103) ~[fmlloader-1.20.1-47.4.22.jar%2367!/:?]
	at net.minecraftforge.fml.loading.targets.CommonServerLaunchHandler.lambda$makeService$0(CommonServerLaunchHandler.java:27) ~[fmlloader-1.20.1-47.4.22.jar%2367!/:?]
	at cpw.mods.modlauncher.LaunchServiceHandlerDecorator.launch(LaunchServiceHandlerDecorator.java:30) ~[modlauncher-10.0.9.jar%2353!/:?]
	at cpw.mods.modlauncher.LaunchServiceHandler.launch(LaunchServiceHandler.java:53) ~[modlauncher-10.0.9.jar%2353!/:?]
	at cpw.mods.modlauncher.LaunchServiceHandler.launch(LaunchServiceHandler.java:71) ~[modlauncher-10.0.9.jar%2353!/:?]
	at cpw.mods.modlauncher.Launcher.run(Launcher.java:108) ~[modlauncher-10.0.9.jar%2353!/:?]
	at cpw.mods.modlauncher.Launcher.main(Launcher.java:78) ~[modlauncher-10.0.9.jar%2353!/:?]
	at cpw.mods.modlauncher.BootstrapLaunchConsumer.accept(BootstrapLaunchConsumer.java:26) ~[modlauncher-10.0.9.jar%2353!/:?]
	at cpw.mods.modlauncher.BootstrapLaunchConsumer.accept(BootstrapLaunchConsumer.java:23) ~[modlauncher-10.0.9.jar%2353!/:?]
	at cpw.mods.bootstraplauncher.BootstrapLauncher.main(BootstrapLauncher.java:141) ~[bootstraplauncher-1.1.2.jar:?]
[01Aug2026 04:31:49.083] [main/ERROR] [com.craisinlord.integrated_api.IntegratedAPI/]: Integrated API Error: Couldn't parse spawner mob list idas:archmages_tower
java.lang.Exception: Error: ars_nouveau:wilden_hunter is not a valid entity ID!
	at com.craisinlord.integrated_api.misc.mobspawners.MobSpawnerObj.setEntityType(MobSpawnerObj.java:37) ~[integrated_api-1.7.4+1.20.1-forge.jar%23545!/:?]
	at com.craisinlord.integrated_api.misc.mobspawners.MobSpawnerManager.lambda$apply$0(MobSpawnerManager.java:41) ~[integrated_api-1.7.4+1.20.1-forge.jar%23545!/:?]
	at java.util.HashMap.forEach(HashMap.java:1421) ~[?:?]
	at com.craisinlord.integrated_api.misc.mobspawners.MobSpawnerManager.apply(MobSpawnerManager.java:36) ~[integrated_api-1.7.4+1.20.1-forge.jar%23545!/:?]
	at com.craisinlord.integrated_api.misc.mobspawners.MobSpawnerManager.m_5787_(MobSpawnerManager.java:23) ~[integrated_api-1.7.4+1.20.1-forge.jar%23545!/:?]
	at net.minecraft.server.packs.resources.SimplePreparableReloadListener.m_10789_(SimplePreparableReloadListener.java:13) ~[server-1.20.1-20230612.114412-srg.jar%23690!/:?]
	at java.util.concurrent.CompletableFuture$UniAccept.tryFire(CompletableFuture.java:718) ~[?:?]
	at java.util.concurrent.CompletableFuture$Completion.run(CompletableFuture.java:482) ~[?:?]
	at net.minecraft.server.packs.resources.SimpleReloadInstance.m_143940_(SimpleReloadInstance.java:69) ~[server-1.20.1-20230612.114412-srg.jar%23690!/:?]
	at net.minecraft.Util.m_214652_(Util.java:783) ~[server-1.20.1-20230612.114412-srg.jar%23690!/:?]
	at net.minecraft.Util.m_214679_(Util.java:772) ~[server-1.20.1-20230612.114412-srg.jar%23690!/:?]
	at net.minecraft.server.Main.main(Main.java:166) ~[server-1.20.1-20230612.114412-srg.jar%23690!/:?]
	at jdk.internal.reflect.NativeMethodAccessorImpl.invoke0(Native Method) ~[?:?]
	at jdk.internal.reflect.NativeMethodAccessorImpl.invoke(NativeMethodAccessorImpl.java:77) ~[?:?]
	at jdk.internal.reflect.DelegatingMethodAccessorImpl.invoke(DelegatingMethodAccessorImpl.java:43) ~[?:?]
	at java.lang.reflect.Method.invoke(Method.java:569) ~[?:?]
	at net.minecraftforge.fml.loading.targets.CommonLaunchHandler.runTarget(CommonLaunchHandler.java:111) ~[fmlloader-1.20.1-47.4.22.jar%2367!/:?]
	at net.minecraftforge.fml.loading.targets.CommonLaunchHandler.serverService(CommonLaunchHandler.java:103) ~[fmlloader-1.20.1-47.4.22.jar%2367!/:?]
	at net.minecraftforge.fml.loading.targets.CommonServerLaunchHandler.lambda$makeService$0(CommonServerLaunchHandler.java:27) ~[fmlloader-1.20.1-47.4.22.jar%2367!/:?]
	at cpw.mods.modlauncher.LaunchServiceHandlerDecorator.launch(LaunchServiceHandlerDecorator.java:30) ~[modlauncher-10.0.9.jar%2353!/:?]
	at cpw.mods.modlauncher.LaunchServiceHandler.launch(LaunchServiceHandler.java:53) ~[modlauncher-10.0.9.jar%2353!/:?]
	at cpw.mods.modlauncher.LaunchServiceHandler.launch(LaunchServiceHandler.java:71) ~[modlauncher-10.0.9.jar%2353!/:?]
	at cpw.mods.modlauncher.Launcher.run(Launcher.java:108) ~[modlauncher-10.0.9.jar%2353!/:?]
	at cpw.mods.modlauncher.Launcher.main(Launcher.java:78) ~[modlauncher-10.0.9.jar%2353!/:?]
	at cpw.mods.modlauncher.BootstrapLaunchConsumer.accept(BootstrapLaunchConsumer.java:26) ~[modlauncher-10.0.9.jar%2353!/:?]
	at cpw.mods.modlauncher.BootstrapLaunchConsumer.accept(BootstrapLaunchConsumer.java:23) ~[modlauncher-10.0.9.jar%2353!/:?]
	at cpw.mods.bootstraplauncher.BootstrapLauncher.main(BootstrapLauncher.java:141) ~[bootstraplauncher-1.1.2.jar:?]
[01Aug2026 04:31:49.093] [main/INFO] [oelib/]: Loading Replacements data from 13 files (namespaces: [oef, oei, oeb])
[01Aug2026 04:31:49.098] [main/WARN] [oelib/]: Invalid Replacements data in array[0] of oei:elytra_to_sphere: Target not exists: 'create_eternal_journey:weightless_sphere'
[01Aug2026 04:31:49.101] [main/INFO] [oelib/]: Loaded 14 valid Replacements entries, 0 deferred entries, 1 invalid entries were skipped
[01Aug2026 04:31:49.102] [main/INFO] [com.mafuyu404.oneenoughitem.Oneenoughitem/]: Added replacement rule for 1 items and 0 tags: [cgs:steel_nugget] -> alloyed:steel_nugget
[01Aug2026 04:31:49.102] [main/INFO] [com.mafuyu404.oneenoughitem.Oneenoughitem/]: Added replacement rule for 1 items and 0 tags: [cgs:steel_ingot] -> alloyed:steel_ingot
[01Aug2026 04:31:49.102] [main/INFO] [com.mafuyu404.oneenoughitem.Oneenoughitem/]: Added replacement rule for 2 items and 0 tags: [createaddition:zinc_sheet, createfisheryindustry:zinc_sheet] -> createdeco:zinc_sheet
[01Aug2026 04:31:49.102] [main/INFO] [com.mafuyu404.oneenoughitem.Oneenoughitem/]: Added replacement rule for 1 items and 0 tags: [cgs:steel_nugget] -> alloyed:steel_nugget
[01Aug2026 04:31:49.102] [main/INFO] [com.mafuyu404.oneenoughitem.Oneenoughitem/]: Added replacement rule for 1 items and 0 tags: [cgs:steel_sheet] -> alloyed:steel_sheet
[01Aug2026 04:31:49.103] [main/INFO] [com.mafuyu404.oneenoughitem.Oneenoughitem/]: Added replacement rule for 1 items and 0 tags: [protection_pixel:smallnetheritesheet] -> create_crush_everything:netherite_shard
[01Aug2026 04:31:49.103] [main/INFO] [com.mafuyu404.oneenoughitem.Oneenoughitem/]: Added replacement rule for 1 items and 0 tags: [dungeonsdelight:smoked_spider_meat] -> miners_delight:baked_spider_leg
[01Aug2026 04:31:49.103] [main/INFO] [com.mafuyu404.oneenoughitem.Oneenoughitem/]: Added replacement rule for 1 items and 0 tags: [dungeonsdelight:spider_meat] -> miners_delight:spider_leg
[01Aug2026 04:31:49.103] [main/INFO] [com.mafuyu404.oneenoughitem.Oneenoughitem/]: Added replacement rule for 1 items and 0 tags: [artifacts:aqua_dashers] -> relics:aqua_walker
[01Aug2026 04:31:49.103] [main/INFO] [com.mafuyu404.oneenoughitem.Oneenoughitem/]: Added replacement rule for 1 items and 0 tags: [clockwork:clockwork_gear] -> create:cogwheel
[01Aug2026 04:31:49.103] [main/INFO] [com.mafuyu404.oneenoughitem.Oneenoughitem/]: Added replacement rule for 1 items and 0 tags: [warriorsofpastepoch:batwing] -> miners_delight:bat_wing
[01Aug2026 04:31:49.103] [main/INFO] [com.mafuyu404.oneenoughitem.Oneenoughitem/]: Server replacement cache rebuilt due to data reload: 14 entries loaded, 1 invalid
[01Aug2026 04:31:49.103] [main/INFO] [com.mafuyu404.oneenoughitem.Oneenoughitem/]: Disabled reload-override mapping: 12 entries
[01Aug2026 04:31:49.109] [main/INFO] [oelib/]: Successfully reload 3 server config(s).
[01Aug2026 04:31:49.117] [main/INFO] [STDOUT/]: [com.azukaar.usefulluck.LuckLootModifier:<init>:64]: LuckLootModifier created!
[01Aug2026 04:31:49.117] [main/INFO] [STDOUT/]: [com.azukaar.usefulluck.LuckLootModifier:<init>:64]: LuckLootModifier created!
[01Aug2026 04:31:49.118] [main/INFO] [STDOUT/]: [com.azukaar.usefulluck.LuckLootModifier:<init>:64]: LuckLootModifier created!
[01Aug2026 04:31:49.123] [main/WARN] [net.minecraftforge.common.loot.LootModifierManager/]: Could not decode GlobalLootModifier with json id miners_delight:scavenging_cooked_bat_wing - error: Not a JSON object: null
[01Aug2026 04:31:49.124] [main/WARN] [net.minecraftforge.common.loot.LootModifierManager/]: Could not decode GlobalLootModifier with json id miners_delight:scavenging_cooked_squid - error: Not a JSON object: null
[01Aug2026 04:31:49.124] [main/WARN] [net.minecraftforge.common.loot.LootModifierManager/]: Could not decode GlobalLootModifier with json id miners_delight:scavenging_cooked_tentacles - error: Not a JSON object: null
[01Aug2026 04:31:49.124] [main/WARN] [net.minecraftforge.common.loot.LootModifierManager/]: Could not decode GlobalLootModifier with json id miners_delight:scavenging_cooked_arthropods - error: Not a JSON object: null
[01Aug2026 04:31:49.124] [main/WARN] [net.minecraftforge.common.loot.LootModifierManager/]: Could not decode GlobalLootModifier with json id miners_delight:scavenging_arthropods - error: Not a JSON object: null
[01Aug2026 04:31:49.133] [main/WARN] [Exile Log: com.robertx22.library_of_exile.custom_ser.GsonCustomSer/]: extra_content is not an existing serializer
[01Aug2026 04:31:49.134] [main/INFO] [STDERR/]: [com.robertx22.library_of_exile.registry.loaders.BaseDataPackLoader:apply:78]: java.lang.NullPointerException: Cannot invoke "com.robertx22.library_of_exile.custom_ser.GsonCustomSer.getClassForSerialization()" because "ser" is null
[01Aug2026 04:31:49.134] [main/INFO] [STDERR/]: [com.robertx22.library_of_exile.registry.loaders.BaseDataPackLoader:apply:78]: 	at TRANSFORMER/library_of_exile@2.1.5/com.robertx22.library_of_exile.custom_ser.GsonCustomSer.fromJson(GsonCustomSer.java:19)
[01Aug2026 04:31:49.134] [main/INFO] [STDERR/]: [com.robertx22.library_of_exile.registry.loaders.BaseDataPackLoader:apply:78]: 	at TRANSFORMER/library_of_exile@2.1.5/com.robertx22.library_of_exile.registry.loaders.BaseDataPackLoader.apply(BaseDataPackLoader.java:76)
[01Aug2026 04:31:49.134] [main/INFO] [STDERR/]: [com.robertx22.library_of_exile.registry.loaders.BaseDataPackLoader:apply:78]: 	at TRANSFORMER/library_of_exile@2.1.5/com.robertx22.library_of_exile.registry.loaders.BaseDataPackLoader.m_5787_(BaseDataPackLoader.java:18)
[01Aug2026 04:31:49.134] [main/INFO] [STDERR/]: [com.robertx22.library_of_exile.registry.loaders.BaseDataPackLoader:apply:78]: 	at TRANSFORMER/minecraft@1.20.1/net.minecraft.server.packs.resources.SimplePreparableReloadListener.m_10789_(SimplePreparableReloadListener.java:13)
[01Aug2026 04:31:49.134] [main/INFO] [STDERR/]: [com.robertx22.library_of_exile.registry.loaders.BaseDataPackLoader:apply:78]: 	at java.base/java.util.concurrent.CompletableFuture$UniAccept.tryFire(CompletableFuture.java:718)
[01Aug2026 04:31:49.134] [main/INFO] [STDERR/]: [com.robertx22.library_of_exile.registry.loaders.BaseDataPackLoader:apply:78]: 	at java.base/java.util.concurrent.CompletableFuture$Completion.run(CompletableFuture.java:482)
[01Aug2026 04:31:49.134] [main/INFO] [STDERR/]: [com.robertx22.library_of_exile.registry.loaders.BaseDataPackLoader:apply:78]: 	at TRANSFORMER/minecraft@1.20.1/net.minecraft.server.packs.resources.SimpleReloadInstance.m_143940_(SimpleReloadInstance.java:69)
[01Aug2026 04:31:49.134] [main/INFO] [STDERR/]: [com.robertx22.library_of_exile.registry.loaders.BaseDataPackLoader:apply:78]: 	at TRANSFORMER/minecraft@1.20.1/net.minecraft.Util.m_214652_(Util.java:783)
[01Aug2026 04:31:49.134] [main/INFO] [STDERR/]: [com.robertx22.library_of_exile.registry.loaders.BaseDataPackLoader:apply:78]: 	at TRANSFORMER/minecraft@1.20.1/net.minecraft.Util.m_214679_(Util.java:772)
[01Aug2026 04:31:49.134] [main/INFO] [STDERR/]: [com.robertx22.library_of_exile.registry.loaders.BaseDataPackLoader:apply:78]: 	at TRANSFORMER/minecraft@1.20.1/net.minecraft.server.Main.main(Main.java:166)
[01Aug2026 04:31:49.134] [main/INFO] [STDERR/]: [com.robertx22.library_of_exile.registry.loaders.BaseDataPackLoader:apply:78]: 	at java.base/jdk.internal.reflect.NativeMethodAccessorImpl.invoke0(Native Method)
[01Aug2026 04:31:49.135] [main/INFO] [STDERR/]: [com.robertx22.library_of_exile.registry.loaders.BaseDataPackLoader:apply:78]: 	at java.base/jdk.internal.reflect.NativeMethodAccessorImpl.invoke(NativeMethodAccessorImpl.java:77)
[01Aug2026 04:31:49.135] [main/INFO] [STDERR/]: [com.robertx22.library_of_exile.registry.loaders.BaseDataPackLoader:apply:78]: 	at java.base/jdk.internal.reflect.DelegatingMethodAccessorImpl.invoke(DelegatingMethodAccessorImpl.java:43)
[01Aug2026 04:31:49.135] [main/INFO] [STDERR/]: [com.robertx22.library_of_exile.registry.loaders.BaseDataPackLoader:apply:78]: 	at java.base/java.lang.reflect.Method.invoke(Method.java:569)
[01Aug2026 04:31:49.135] [main/INFO] [STDERR/]: [com.robertx22.library_of_exile.registry.loaders.BaseDataPackLoader:apply:78]: 	at MC-BOOTSTRAP/fmlloader@1.20.1-47.4.22/net.minecraftforge.fml.loading.targets.CommonLaunchHandler.runTarget(CommonLaunchHandler.java:111)
[01Aug2026 04:31:49.135] [main/INFO] [STDERR/]: [com.robertx22.library_of_exile.registry.loaders.BaseDataPackLoader:apply:78]: 	at MC-BOOTSTRAP/fmlloader@1.20.1-47.4.22/net.minecraftforge.fml.loading.targets.CommonLaunchHandler.serverService(CommonLaunchHandler.java:103)
[01Aug2026 04:31:49.135] [main/INFO] [STDERR/]: [com.robertx22.library_of_exile.registry.loaders.BaseDataPackLoader:apply:78]: 	at MC-BOOTSTRAP/fmlloader@1.20.1-47.4.22/net.minecraftforge.fml.loading.targets.CommonServerLaunchHandler.lambda$makeService$0(CommonServerLaunchHandler.java:27)
[01Aug2026 04:31:49.135] [main/INFO] [STDERR/]: [com.robertx22.library_of_exile.registry.loaders.BaseDataPackLoader:apply:78]: 	at MC-BOOTSTRAP/cpw.mods.modlauncher@10.0.9/cpw.mods.modlauncher.LaunchServiceHandlerDecorator.launch(LaunchServiceHandlerDecorator.java:30)
[01Aug2026 04:31:49.135] [main/INFO] [STDERR/]: [com.robertx22.library_of_exile.registry.loaders.BaseDataPackLoader:apply:78]: 	at MC-BOOTSTRAP/cpw.mods.modlauncher@10.0.9/cpw.mods.modlauncher.LaunchServiceHandler.launch(LaunchServiceHandler.java:53)
[01Aug2026 04:31:49.135] [main/INFO] [STDERR/]: [com.robertx22.library_of_exile.registry.loaders.BaseDataPackLoader:apply:78]: 	at MC-BOOTSTRAP/cpw.mods.modlauncher@10.0.9/cpw.mods.modlauncher.LaunchServiceHandler.launch(LaunchServiceHandler.java:71)
[01Aug2026 04:31:49.135] [main/INFO] [STDERR/]: [com.robertx22.library_of_exile.registry.loaders.BaseDataPackLoader:apply:78]: 	at MC-BOOTSTRAP/cpw.mods.modlauncher@10.0.9/cpw.mods.modlauncher.Launcher.run(Launcher.java:108)
[01Aug2026 04:31:49.135] [main/INFO] [STDERR/]: [com.robertx22.library_of_exile.registry.loaders.BaseDataPackLoader:apply:78]: 	at MC-BOOTSTRAP/cpw.mods.modlauncher@10.0.9/cpw.mods.modlauncher.Launcher.main(Launcher.java:78)
[01Aug2026 04:31:49.135] [main/INFO] [STDERR/]: [com.robertx22.library_of_exile.registry.loaders.BaseDataPackLoader:apply:78]: 	at MC-BOOTSTRAP/cpw.mods.modlauncher@10.0.9/cpw.mods.modlauncher.BootstrapLaunchConsumer.accept(BootstrapLaunchConsumer.java:26)
[01Aug2026 04:31:49.135] [main/INFO] [STDERR/]: [com.robertx22.library_of_exile.registry.loaders.BaseDataPackLoader:apply:78]: 	at MC-BOOTSTRAP/cpw.mods.modlauncher@10.0.9/cpw.mods.modlauncher.BootstrapLaunchConsumer.accept(BootstrapLaunchConsumer.java:23)
[01Aug2026 04:31:49.135] [main/INFO] [STDERR/]: [com.robertx22.library_of_exile.registry.loaders.BaseDataPackLoader:apply:78]: 	at cpw.mods.bootstraplauncher@1.1.2/cpw.mods.bootstraplauncher.BootstrapLauncher.main(BootstrapLauncher.java:141)
[01Aug2026 04:31:49.136] [main/WARN] [Exile Log: com.robertx22.library_of_exile.custom_ser.GsonCustomSer/]: content_weight is not an existing serializer
[01Aug2026 04:31:49.136] [main/INFO] [STDERR/]: [com.robertx22.library_of_exile.registry.loaders.BaseDataPackLoader:apply:78]: java.lang.NullPointerException: Cannot invoke "com.robertx22.library_of_exile.custom_ser.GsonCustomSer.getClassForSerialization()" because "ser" is null
[01Aug2026 04:31:49.136] [main/INFO] [STDERR/]: [com.robertx22.library_of_exile.registry.loaders.BaseDataPackLoader:apply:78]: 	at TRANSFORMER/library_of_exile@2.1.5/com.robertx22.library_of_exile.custom_ser.GsonCustomSer.fromJson(GsonCustomSer.java:19)
[01Aug2026 04:31:49.136] [main/INFO] [STDERR/]: [com.robertx22.library_of_exile.registry.loaders.BaseDataPackLoader:apply:78]: 	at TRANSFORMER/library_of_exile@2.1.5/com.robertx22.library_of_exile.registry.loaders.BaseDataPackLoader.apply(BaseDataPackLoader.java:76)
[01Aug2026 04:31:49.136] [main/INFO] [STDERR/]: [com.robertx22.library_of_exile.registry.loaders.BaseDataPackLoader:apply:78]: 	at TRANSFORMER/library_of_exile@2.1.5/com.robertx22.library_of_exile.registry.loaders.BaseDataPackLoader.m_5787_(BaseDataPackLoader.java:18)
[01Aug2026 04:31:49.136] [main/INFO] [STDERR/]: [com.robertx22.library_of_exile.registry.loaders.BaseDataPackLoader:apply:78]: 	at TRANSFORMER/minecraft@1.20.1/net.minecraft.server.packs.resources.SimplePreparableReloadListener.m_10789_(SimplePreparableReloadListener.java:13)
[01Aug2026 04:31:49.136] [main/INFO] [STDERR/]: [com.robertx22.library_of_exile.registry.loaders.BaseDataPackLoader:apply:78]: 	at java.base/java.util.concurrent.CompletableFuture$UniAccept.tryFire(CompletableFuture.java:718)
[01Aug2026 04:31:49.136] [main/INFO] [STDERR/]: [com.robertx22.library_of_exile.registry.loaders.BaseDataPackLoader:apply:78]: 	at java.base/java.util.concurrent.CompletableFuture$Completion.run(CompletableFuture.java:482)
[01Aug2026 04:31:49.136] [main/INFO] [STDERR/]: [com.robertx22.library_of_exile.registry.loaders.BaseDataPackLoader:apply:78]: 	at TRANSFORMER/minecraft@1.20.1/net.minecraft.server.packs.resources.SimpleReloadInstance.m_143940_(SimpleReloadInstance.java:69)
[01Aug2026 04:31:49.136] [main/INFO] [STDERR/]: [com.robertx22.library_of_exile.registry.loaders.BaseDataPackLoader:apply:78]: 	at TRANSFORMER/minecraft@1.20.1/net.minecraft.Util.m_214652_(Util.java:783)
[01Aug2026 04:31:49.137] [main/INFO] [STDERR/]: [com.robertx22.library_of_exile.registry.loaders.BaseDataPackLoader:apply:78]: 	at TRANSFORMER/minecraft@1.20.1/net.minecraft.Util.m_214679_(Util.java:772)
[01Aug2026 04:31:49.137] [main/INFO] [STDERR/]: [com.robertx22.library_of_exile.registry.loaders.BaseDataPackLoader:apply:78]: 	at TRANSFORMER/minecraft@1.20.1/net.minecraft.server.Main.main(Main.java:166)
[01Aug2026 04:31:49.137] [main/INFO] [STDERR/]: [com.robertx22.library_of_exile.registry.loaders.BaseDataPackLoader:apply:78]: 	at java.base/jdk.internal.reflect.NativeMethodAccessorImpl.invoke0(Native Method)
[01Aug2026 04:31:49.137] [main/INFO] [STDERR/]: [com.robertx22.library_of_exile.registry.loaders.BaseDataPackLoader:apply:78]: 	at java.base/jdk.internal.reflect.NativeMethodAccessorImpl.invoke(NativeMethodAccessorImpl.java:77)
[01Aug2026 04:31:49.137] [main/INFO] [STDERR/]: [com.robertx22.library_of_exile.registry.loaders.BaseDataPackLoader:apply:78]: 	at java.base/jdk.internal.reflect.DelegatingMethodAccessorImpl.invoke(DelegatingMethodAccessorImpl.java:43)
[01Aug2026 04:31:49.137] [main/INFO] [STDERR/]: [com.robertx22.library_of_exile.registry.loaders.BaseDataPackLoader:apply:78]: 	at java.base/java.lang.reflect.Method.invoke(Method.java:569)
[01Aug2026 04:31:49.137] [main/INFO] [STDERR/]: [com.robertx22.library_of_exile.registry.loaders.BaseDataPackLoader:apply:78]: 	at MC-BOOTSTRAP/fmlloader@1.20.1-47.4.22/net.minecraftforge.fml.loading.targets.CommonLaunchHandler.runTarget(CommonLaunchHandler.java:111)
[01Aug2026 04:31:49.137] [main/INFO] [STDERR/]: [com.robertx22.library_of_exile.registry.loaders.BaseDataPackLoader:apply:78]: 	at MC-BOOTSTRAP/fmlloader@1.20.1-47.4.22/net.minecraftforge.fml.loading.targets.CommonLaunchHandler.serverService(CommonLaunchHandler.java:103)
[01Aug2026 04:31:49.137] [main/INFO] [STDERR/]: [com.robertx22.library_of_exile.registry.loaders.BaseDataPackLoader:apply:78]: 	at MC-BOOTSTRAP/fmlloader@1.20.1-47.4.22/net.minecraftforge.fml.loading.targets.CommonServerLaunchHandler.lambda$makeService$0(CommonServerLaunchHandler.java:27)
[01Aug2026 04:31:49.137] [main/INFO] [STDERR/]: [com.robertx22.library_of_exile.registry.loaders.BaseDataPackLoader:apply:78]: 	at MC-BOOTSTRAP/cpw.mods.modlauncher@10.0.9/cpw.mods.modlauncher.LaunchServiceHandlerDecorator.launch(LaunchServiceHandlerDecorator.java:30)
[01Aug2026 04:31:49.137] [main/INFO] [STDERR/]: [com.robertx22.library_of_exile.registry.loaders.BaseDataPackLoader:apply:78]: 	at MC-BOOTSTRAP/cpw.mods.modlauncher@10.0.9/cpw.mods.modlauncher.LaunchServiceHandler.launch(LaunchServiceHandler.java:53)
[01Aug2026 04:31:49.137] [main/INFO] [STDERR/]: [com.robertx22.library_of_exile.registry.loaders.BaseDataPackLoader:apply:78]: 	at MC-BOOTSTRAP/cpw.mods.modlauncher@10.0.9/cpw.mods.modlauncher.LaunchServiceHandler.launch(LaunchServiceHandler.java:71)
[01Aug2026 04:31:49.137] [main/INFO] [STDERR/]: [com.robertx22.library_of_exile.registry.loaders.BaseDataPackLoader:apply:78]: 	at MC-BOOTSTRAP/cpw.mods.modlauncher@10.0.9/cpw.mods.modlauncher.Launcher.run(Launcher.java:108)
[01Aug2026 04:31:49.137] [main/INFO] [STDERR/]: [com.robertx22.library_of_exile.registry.loaders.BaseDataPackLoader:apply:78]: 	at MC-BOOTSTRAP/cpw.mods.modlauncher@10.0.9/cpw.mods.modlauncher.Launcher.main(Launcher.java:78)
[01Aug2026 04:31:49.138] [main/INFO] [STDERR/]: [com.robertx22.library_of_exile.registry.loaders.BaseDataPackLoader:apply:78]: 	at MC-BOOTSTRAP/cpw.mods.modlauncher@10.0.9/cpw.mods.modlauncher.BootstrapLaunchConsumer.accept(BootstrapLaunchConsumer.java:26)
[01Aug2026 04:31:49.138] [main/INFO] [STDERR/]: [com.robertx22.library_of_exile.registry.loaders.BaseDataPackLoader:apply:78]: 	at MC-BOOTSTRAP/cpw.mods.modlauncher@10.0.9/cpw.mods.modlauncher.BootstrapLaunchConsumer.accept(BootstrapLaunchConsumer.java:23)
[01Aug2026 04:31:49.138] [main/INFO] [STDERR/]: [com.robertx22.library_of_exile.registry.loaders.BaseDataPackLoader:apply:78]: 	at cpw.mods.bootstraplauncher@1.1.2/cpw.mods.bootstraplauncher.BootstrapLauncher.main(BootstrapLauncher.java:141)
[01Aug2026 04:31:49.138] [main/WARN] [Exile Log: com.robertx22.library_of_exile.custom_ser.GsonCustomSer/]: manual_stat is not an existing serializer
[01Aug2026 04:31:49.138] [main/INFO] [STDERR/]: [com.robertx22.library_of_exile.registry.loaders.BaseDataPackLoader:apply:78]: java.lang.NullPointerException: Cannot invoke "com.robertx22.library_of_exile.custom_ser.GsonCustomSer.getClassForSerialization()" because "ser" is null
[01Aug2026 04:31:49.138] [main/INFO] [STDERR/]: [com.robertx22.library_of_exile.registry.loaders.BaseDataPackLoader:apply:78]: 	at TRANSFORMER/library_of_exile@2.1.5/com.robertx22.library_of_exile.custom_ser.GsonCustomSer.fromJson(GsonCustomSer.java:19)
[01Aug2026 04:31:49.138] [main/INFO] [STDERR/]: [com.robertx22.library_of_exile.registry.loaders.BaseDataPackLoader:apply:78]: 	at TRANSFORMER/library_of_exile@2.1.5/com.robertx22.library_of_exile.registry.loaders.BaseDataPackLoader.apply(BaseDataPackLoader.java:76)
[01Aug2026 04:31:49.138] [main/INFO] [STDERR/]: [com.robertx22.library_of_exile.registry.loaders.BaseDataPackLoader:apply:78]: 	at TRANSFORMER/library_of_exile@2.1.5/com.robertx22.library_of_exile.registry.loaders.BaseDataPackLoader.m_5787_(BaseDataPackLoader.java:18)
[01Aug2026 04:31:49.138] [main/INFO] [STDERR/]: [com.robertx22.library_of_exile.registry.loaders.BaseDataPackLoader:apply:78]: 	at TRANSFORMER/minecraft@1.20.1/net.minecraft.server.packs.resources.SimplePreparableReloadListener.m_10789_(SimplePreparableReloadListener.java:13)
[01Aug2026 04:31:49.138] [main/INFO] [STDERR/]: [com.robertx22.library_of_exile.registry.loaders.BaseDataPackLoader:apply:78]: 	at java.base/java.util.concurrent.CompletableFuture$UniAccept.tryFire(CompletableFuture.java:718)
[01Aug2026 04:31:49.138] [main/INFO] [STDERR/]: [com.robertx22.library_of_exile.registry.loaders.BaseDataPackLoader:apply:78]: 	at java.base/java.util.concurrent.CompletableFuture$Completion.run(CompletableFuture.java:482)
[01Aug2026 04:31:49.138] [main/INFO] [STDERR/]: [com.robertx22.library_of_exile.registry.loaders.BaseDataPackLoader:apply:78]: 	at TRANSFORMER/minecraft@1.20.1/net.minecraft.server.packs.resources.SimpleReloadInstance.m_143940_(SimpleReloadInstance.java:69)
[01Aug2026 04:31:49.139] [main/INFO] [STDERR/]: [com.robertx22.library_of_exile.registry.loaders.BaseDataPackLoader:apply:78]: 	at TRANSFORMER/minecraft@1.20.1/net.minecraft.Util.m_214652_(Util.java:783)
[01Aug2026 04:31:49.139] [main/INFO] [STDERR/]: [com.robertx22.library_of_exile.registry.loaders.BaseDataPackLoader:apply:78]: 	at TRANSFORMER/minecraft@1.20.1/net.minecraft.Util.m_214679_(Util.java:772)
[01Aug2026 04:31:49.139] [main/INFO] [STDERR/]: [com.robertx22.library_of_exile.registry.loaders.BaseDataPackLoader:apply:78]: 	at TRANSFORMER/minecraft@1.20.1/net.minecraft.server.Main.main(Main.java:166)
[01Aug2026 04:31:49.139] [main/INFO] [STDERR/]: [com.robertx22.library_of_exile.registry.loaders.BaseDataPackLoader:apply:78]: 	at java.base/jdk.internal.reflect.NativeMethodAccessorImpl.invoke0(Native Method)
[01Aug2026 04:31:49.139] [main/INFO] [STDERR/]: [com.robertx22.library_of_exile.registry.loaders.BaseDataPackLoader:apply:78]: 	at java.base/jdk.internal.reflect.NativeMethodAccessorImpl.invoke(NativeMethodAccessorImpl.java:77)
[01Aug2026 04:31:49.139] [main/INFO] [STDERR/]: [com.robertx22.library_of_exile.registry.loaders.BaseDataPackLoader:apply:78]: 	at java.base/jdk.internal.reflect.DelegatingMethodAccessorImpl.invoke(DelegatingMethodAccessorImpl.java:43)
[01Aug2026 04:31:49.139] [main/INFO] [STDERR/]: [com.robertx22.library_of_exile.registry.loaders.BaseDataPackLoader:apply:78]: 	at java.base/java.lang.reflect.Method.invoke(Method.java:569)
[01Aug2026 04:31:49.139] [main/INFO] [STDERR/]: [com.robertx22.library_of_exile.registry.loaders.BaseDataPackLoader:apply:78]: 	at MC-BOOTSTRAP/fmlloader@1.20.1-47.4.22/net.minecraftforge.fml.loading.targets.CommonLaunchHandler.runTarget(CommonLaunchHandler.java:111)
[01Aug2026 04:31:49.139] [main/INFO] [STDERR/]: [com.robertx22.library_of_exile.registry.loaders.BaseDataPackLoader:apply:78]: 	at MC-BOOTSTRAP/fmlloader@1.20.1-47.4.22/net.minecraftforge.fml.loading.targets.CommonLaunchHandler.serverService(CommonLaunchHandler.java:103)
[01Aug2026 04:31:49.139] [main/INFO] [STDERR/]: [com.robertx22.library_of_exile.registry.loaders.BaseDataPackLoader:apply:78]: 	at MC-BOOTSTRAP/fmlloader@1.20.1-47.4.22/net.minecraftforge.fml.loading.targets.CommonServerLaunchHandler.lambda$makeService$0(CommonServerLaunchHandler.java:27)
[01Aug2026 04:31:49.139] [main/INFO] [STDERR/]: [com.robertx22.library_of_exile.registry.loaders.BaseDataPackLoader:apply:78]: 	at MC-BOOTSTRAP/cpw.mods.modlauncher@10.0.9/cpw.mods.modlauncher.LaunchServiceHandlerDecorator.launch(LaunchServiceHandlerDecorator.java:30)
[01Aug2026 04:31:49.139] [main/INFO] [STDERR/]: [com.robertx22.library_of_exile.registry.loaders.BaseDataPackLoader:apply:78]: 	at MC-BOOTSTRAP/cpw.mods.modlauncher@10.0.9/cpw.mods.modlauncher.LaunchServiceHandler.launch(LaunchServiceHandler.java:53)
[01Aug2026 04:31:49.139] [main/INFO] [STDERR/]: [com.robertx22.library_of_exile.registry.loaders.BaseDataPackLoader:apply:78]: 	at MC-BOOTSTRAP/cpw.mods.modlauncher@10.0.9/cpw.mods.modlauncher.LaunchServiceHandler.launch(LaunchServiceHandler.java:71)
[01Aug2026 04:31:49.140] [main/INFO] [STDERR/]: [com.robertx22.library_of_exile.registry.loaders.BaseDataPackLoader:apply:78]: 	at MC-BOOTSTRAP/cpw.mods.modlauncher@10.0.9/cpw.mods.modlauncher.Launcher.run(Launcher.java:108)
[01Aug2026 04:31:49.140] [main/INFO] [STDERR/]: [com.robertx22.library_of_exile.registry.loaders.BaseDataPackLoader:apply:78]: 	at MC-BOOTSTRAP/cpw.mods.modlauncher@10.0.9/cpw.mods.modlauncher.Launcher.main(Launcher.java:78)
[01Aug2026 04:31:49.140] [main/INFO] [STDERR/]: [com.robertx22.library_of_exile.registry.loaders.BaseDataPackLoader:apply:78]: 	at MC-BOOTSTRAP/cpw.mods.modlauncher@10.0.9/cpw.mods.modlauncher.BootstrapLaunchConsumer.accept(BootstrapLaunchConsumer.java:26)
[01Aug2026 04:31:49.140] [main/INFO] [STDERR/]: [com.robertx22.library_of_exile.registry.loaders.BaseDataPackLoader:apply:78]: 	at MC-BOOTSTRAP/cpw.mods.modlauncher@10.0.9/cpw.mods.modlauncher.BootstrapLaunchConsumer.accept(BootstrapLaunchConsumer.java:23)
[01Aug2026 04:31:49.140] [main/INFO] [STDERR/]: [com.robertx22.library_of_exile.registry.loaders.BaseDataPackLoader:apply:78]: 	at cpw.mods.bootstraplauncher@1.1.2/cpw.mods.bootstraplauncher.BootstrapLauncher.main(BootstrapLauncher.java:141)
[01Aug2026 04:31:49.140] [main/WARN] [Exile Log: com.robertx22.library_of_exile.custom_ser.GsonCustomSer/]: extra_content is not an existing serializer
[01Aug2026 04:31:49.140] [main/INFO] [STDERR/]: [com.robertx22.library_of_exile.registry.loaders.BaseDataPackLoader:apply:78]: java.lang.NullPointerException: Cannot invoke "com.robertx22.library_of_exile.custom_ser.GsonCustomSer.getClassForSerialization()" because "ser" is null
[01Aug2026 04:31:49.140] [main/INFO] [STDERR/]: [com.robertx22.library_of_exile.registry.loaders.BaseDataPackLoader:apply:78]: 	at TRANSFORMER/library_of_exile@2.1.5/com.robertx22.library_of_exile.custom_ser.GsonCustomSer.fromJson(GsonCustomSer.java:19)
[01Aug2026 04:31:49.140] [main/INFO] [STDERR/]: [com.robertx22.library_of_exile.registry.loaders.BaseDataPackLoader:apply:78]: 	at TRANSFORMER/library_of_exile@2.1.5/com.robertx22.library_of_exile.registry.loaders.BaseDataPackLoader.apply(BaseDataPackLoader.java:76)
[01Aug2026 04:31:49.140] [main/INFO] [STDERR/]: [com.robertx22.library_of_exile.registry.loaders.BaseDataPackLoader:apply:78]: 	at TRANSFORMER/library_of_exile@2.1.5/com.robertx22.library_of_exile.registry.loaders.BaseDataPackLoader.m_5787_(BaseDataPackLoader.java:18)
[01Aug2026 04:31:49.140] [main/INFO] [STDERR/]: [com.robertx22.library_of_exile.registry.loaders.BaseDataPackLoader:apply:78]: 	at TRANSFORMER/minecraft@1.20.1/net.minecraft.server.packs.resources.SimplePreparableReloadListener.m_10789_(SimplePreparableReloadListener.java:13)
[01Aug2026 04:31:49.141] [main/INFO] [STDERR/]: [com.robertx22.library_of_exile.registry.loaders.BaseDataPackLoader:apply:78]: 	at java.base/java.util.concurrent.CompletableFuture$UniAccept.tryFire(CompletableFuture.java:718)
[01Aug2026 04:31:49.141] [main/INFO] [STDERR/]: [com.robertx22.library_of_exile.registry.loaders.BaseDataPackLoader:apply:78]: 	at java.base/java.util.concurrent.CompletableFuture$Completion.run(CompletableFuture.java:482)
[01Aug2026 04:31:49.141] [main/INFO] [STDERR/]: [com.robertx22.library_of_exile.registry.loaders.BaseDataPackLoader:apply:78]: 	at TRANSFORMER/minecraft@1.20.1/net.minecraft.server.packs.resources.SimpleReloadInstance.m_143940_(SimpleReloadInstance.java:69)
[01Aug2026 04:31:49.141] [main/INFO] [STDERR/]: [com.robertx22.library_of_exile.registry.loaders.BaseDataPackLoader:apply:78]: 	at TRANSFORMER/minecraft@1.20.1/net.minecraft.Util.m_214652_(Util.java:783)
[01Aug2026 04:31:49.141] [main/INFO] [STDERR/]: [com.robertx22.library_of_exile.registry.loaders.BaseDataPackLoader:apply:78]: 	at TRANSFORMER/minecraft@1.20.1/net.minecraft.Util.m_214679_(Util.java:772)
[01Aug2026 04:31:49.141] [main/INFO] [STDERR/]: [com.robertx22.library_of_exile.registry.loaders.BaseDataPackLoader:apply:78]: 	at TRANSFORMER/minecraft@1.20.1/net.minecraft.server.Main.main(Main.java:166)
[01Aug2026 04:31:49.141] [main/INFO] [STDERR/]: [com.robertx22.library_of_exile.registry.loaders.BaseDataPackLoader:apply:78]: 	at java.base/jdk.internal.reflect.NativeMethodAccessorImpl.invoke0(Native Method)
[01Aug2026 04:31:49.141] [main/INFO] [STDERR/]: [com.robertx22.library_of_exile.registry.loaders.BaseDataPackLoader:apply:78]: 	at java.base/jdk.internal.reflect.NativeMethodAccessorImpl.invoke(NativeMethodAccessorImpl.java:77)
[01Aug2026 04:31:49.141] [main/INFO] [STDERR/]: [com.robertx22.library_of_exile.registry.loaders.BaseDataPackLoader:apply:78]: 	at java.base/jdk.internal.reflect.DelegatingMethodAccessorImpl.invoke(DelegatingMethodAccessorImpl.java:43)
[01Aug2026 04:31:49.141] [main/INFO] [STDERR/]: [com.robertx22.library_of_exile.registry.loaders.BaseDataPackLoader:apply:78]: 	at java.base/java.lang.reflect.Method.invoke(Method.java:569)
[01Aug2026 04:31:49.141] [main/INFO] [STDERR/]: [com.robertx22.library_of_exile.registry.loaders.BaseDataPackLoader:apply:78]: 	at MC-BOOTSTRAP/fmlloader@1.20.1-47.4.22/net.minecraftforge.fml.loading.targets.CommonLaunchHandler.runTarget(CommonLaunchHandler.java:111)
[01Aug2026 04:31:49.141] [main/INFO] [STDERR/]: [com.robertx22.library_of_exile.registry.loaders.BaseDataPackLoader:apply:78]: 	at MC-BOOTSTRAP/fmlloader@1.20.1-47.4.22/net.minecraftforge.fml.loading.targets.CommonLaunchHandler.serverService(CommonLaunchHandler.java:103)
[01Aug2026 04:31:49.141] [main/INFO] [STDERR/]: [com.robertx22.library_of_exile.registry.loaders.BaseDataPackLoader:apply:78]: 	at MC-BOOTSTRAP/fmlloader@1.20.1-47.4.22/net.minecraftforge.fml.loading.targets.CommonServerLaunchHandler.lambda$makeService$0(CommonServerLaunchHandler.java:27)
[01Aug2026 04:31:49.141] [main/INFO] [STDERR/]: [com.robertx22.library_of_exile.registry.loaders.BaseDataPackLoader:apply:78]: 	at MC-BOOTSTRAP/cpw.mods.modlauncher@10.0.9/cpw.mods.modlauncher.LaunchServiceHandlerDecorator.launch(LaunchServiceHandlerDecorator.java:30)
[01Aug2026 04:31:49.142] [main/INFO] [STDERR/]: [com.robertx22.library_of_exile.registry.loaders.BaseDataPackLoader:apply:78]: 	at MC-BOOTSTRAP/cpw.mods.modlauncher@10.0.9/cpw.mods.modlauncher.LaunchServiceHandler.launch(LaunchServiceHandler.java:53)
[01Aug2026 04:31:49.142] [main/INFO] [STDERR/]: [com.robertx22.library_of_exile.registry.loaders.BaseDataPackLoader:apply:78]: 	at MC-BOOTSTRAP/cpw.mods.modlauncher@10.0.9/cpw.mods.modlauncher.LaunchServiceHandler.launch(LaunchServiceHandler.java:71)
[01Aug2026 04:31:49.142] [main/INFO] [STDERR/]: [com.robertx22.library_of_exile.registry.loaders.BaseDataPackLoader:apply:78]: 	at MC-BOOTSTRAP/cpw.mods.modlauncher@10.0.9/cpw.mods.modlauncher.Launcher.run(Launcher.java:108)
[01Aug2026 04:31:49.142] [main/INFO] [STDERR/]: [com.robertx22.library_of_exile.registry.loaders.BaseDataPackLoader:apply:78]: 	at MC-BOOTSTRAP/cpw.mods.modlauncher@10.0.9/cpw.mods.modlauncher.Launcher.main(Launcher.java:78)
[01Aug2026 04:31:49.142] [main/INFO] [STDERR/]: [com.robertx22.library_of_exile.registry.loaders.BaseDataPackLoader:apply:78]: 	at MC-BOOTSTRAP/cpw.mods.modlauncher@10.0.9/cpw.mods.modlauncher.BootstrapLaunchConsumer.accept(BootstrapLaunchConsumer.java:26)
[01Aug2026 04:31:49.142] [main/INFO] [STDERR/]: [com.robertx22.library_of_exile.registry.loaders.BaseDataPackLoader:apply:78]: 	at MC-BOOTSTRAP/cpw.mods.modlauncher@10.0.9/cpw.mods.modlauncher.BootstrapLaunchConsumer.accept(BootstrapLaunchConsumer.java:23)
[01Aug2026 04:31:49.142] [main/INFO] [STDERR/]: [com.robertx22.library_of_exile.registry.loaders.BaseDataPackLoader:apply:78]: 	at cpw.mods.bootstraplauncher@1.1.2/cpw.mods.bootstraplauncher.BootstrapLauncher.main(BootstrapLauncher.java:141)
[01Aug2026 04:31:49.148] [main/INFO] [com.adonis.createfisheryindustry.CreateFisheryMod/]: Loaded 2 peeler entity processing entries
[01Aug2026 04:31:49.176] [main/INFO] [top.theillusivec4.curios.Curios/]: Loaded 14 curio slots
[01Aug2026 04:31:49.184] [main/INFO] [top.theillusivec4.curios.Curios/]: Loaded 11 curio entities
[01Aug2026 04:31:49.195] [main/INFO] [com.teamabnormals.blueprint.core.Blueprint/]: Chunk Generator Modification Manager has loaded 2 modifier groups
[01Aug2026 04:31:49.211] [main/INFO] [quark-zeta/]: Modified advancement minecraft:husbandry/wax_on with 2 patches
[01Aug2026 04:31:49.212] [main/INFO] [quark-zeta/]: Modified advancement minecraft:adventure/kill_a_mob with 3 patches
[01Aug2026 04:31:49.212] [main/INFO] [quark-zeta/]: Modified advancement minecraft:husbandry/bred_all_animals with 3 patches
[01Aug2026 04:31:49.212] [main/INFO] [quark-zeta/]: Modified advancement minecraft:adventure/kill_all_mobs with 3 patches
[01Aug2026 04:31:49.212] [main/INFO] [quark-zeta/]: Modified advancement minecraft:husbandry/balanced_diet with 3 patches
[01Aug2026 04:31:49.213] [main/INFO] [quark-zeta/]: Modified advancement minecraft:husbandry/plant_seed with 1 patches
[01Aug2026 04:31:49.213] [main/INFO] [quark-zeta/]: Modified advancement minecraft:nether/all_effects with 2 patches
[01Aug2026 04:31:49.213] [main/INFO] [quark-zeta/]: Modified advancement minecraft:husbandry/wax_off with 2 patches
[01Aug2026 04:31:49.213] [main/INFO] [quark-zeta/]: Modified advancement minecraft:adventure/adventuring_time with 1 patches
[01Aug2026 04:31:49.213] [main/INFO] [quark-zeta/]: Modified advancement minecraft:nether/all_potions with 1 patches
[01Aug2026 04:31:49.215] [main/INFO] [Diet/]: Loaded 5 diet groups
[01Aug2026 04:31:49.222] [main/INFO] [Diet/]: Loaded 1 diet suites
[01Aug2026 04:31:49.227] [main/INFO] [Supplementaries/]: Loaded 27 flute songs
[01Aug2026 04:31:49.278] [main/INFO] [rechiseled/]: Loaded 66 chiseling recipes
[01Aug2026 04:31:49.348] [main/WARN] [net.minecraft.core.MappedRegistry/]: Not all defined tags for registry ResourceKey[minecraft:root / minecraft:worldgen/biome] are present in data pack: idas:has_structure/bopmahogany_biomes, idas:has_structure/bopredwood_biomes, idas:has_structure/bygmahogany_biomes, idas:has_structure/bygredwood_biomes
[01Aug2026 04:31:49.432] [main/INFO] [Moonlight/]: Applied 17 data villager trades
[01Aug2026 04:31:49.585] [main/INFO] [Supplementaries/]: Finished additional setup in 0 ms
[01Aug2026 04:31:49.717] [main/INFO] [structurify/]: Loading Structurify config...
[01Aug2026 04:31:49.916] [main/INFO] [structurify/]: Structurify config loaded
[01Aug2026 04:31:49.918] [main/INFO] [structurify/]: Disabled 4 structures: [block_factorys_bosses:kraken_ship, idas:castle, idas:tinkers_workshop, underground_village:underground_village]
[01Aug2026 04:31:49.929] [main/INFO] [structurify/]: Enabled structure overlap prevention
[01Aug2026 04:31:49.929] [main/INFO] [structurify/]: Enabled global spacing and separation modifier with value of 2.0
[01Aug2026 04:31:49.929] [main/INFO] [structurify/]: Changed settings of 7 structures: [block_factorys_bosses:kraken_ship, cataclysm:ruined_citadel, create_easy_structures:big_1, idas:castle, idas:tinkers_workshop, nova_structures:illager_camp, underground_village:underground_village]
[01Aug2026 04:31:49.929] [main/INFO] [structurify/]: Changed settings of 7 structure namespaces: [block_factorys_bosses:kraken_ship, cataclysm:ruined_citadel, create_easy_structures:big_1, idas:castle, idas:tinkers_workshop, nova_structures:illager_camp, underground_village:underground_village]
[01Aug2026 04:31:49.929] [main/INFO] [structurify/]: Changed settings of 53 structures sets: [betterarcheology:archeology_sites, born_in_chaos_v1:clown_caravan_plains, born_in_chaos_v1:clown_caravan_savanna, born_in_chaos_v1:clown_caravan_taiga, born_in_chaos_v1:dark_tower_forest, born_in_chaos_v1:dark_tower_taiga, born_in_chaos_v1:farm, born_in_chaos_v1:firewell, born_in_chaos_v1:mound_of_hounds, born_in_chaos_v1:observation_tower_forest, cataclysm:abandoned_structures, cataclysm:acropolis, cataclysm:amethyst_nest, cataclysm:ancient_factory, cataclysm:cursed_pyramid, cataclysm:desert_structures, cataclysm:frosted_prison, cataclysm:ruined_citadel, cataclysm:soul_black_smith, cataclysm:sunken_city, clifftree:beached_treasure, clifftree:camel, create_easy_structures:big_1, create_rustic_structures:rustic_smithy, create_rustic_structures:rustic_well, idas:idas_common, idas:idas_nether, idas:idas_ocean, idas:idas_rare, idas:idas_small, idas:idas_small_nether, integrated_stronghold:stronghold, medieval_nether:houses, medievalend:houses, minecraft:ancient_cities, minecraft:desert_pyramids, minecraft:end_cities, minecraft:igloos, minecraft:jungle_temples, minecraft:nether_complexes, minecraft:nether_fossils, minecraft:ocean_monuments, minecraft:ocean_ruins, minecraft:pillager_outposts, minecraft:ruined_portals, minecraft:shipwrecks, minecraft:shipwrecks_stone_ocean, minecraft:swamp_huts, minecraft:trail_ruins, minecraft:villages, minecraft:woodland_mansions, nova_structures:nether_structures, ribbits:ribbit_village]
[01Aug2026 04:31:49.934] [main/INFO] [com.possible_triangle.sliceanddice.SliceAndDice/]: Injecting recipes
[01Aug2026 04:31:49.957] [main/INFO] [STDOUT/]: [earth.terrarium.botarium.common.energy.EnergyApi:finalizeItemRegistration:54]: Finalizing energy item registration
[01Aug2026 04:31:49.959] [main/INFO] [STDOUT/]: [earth.terrarium.botarium.common.fluid.FluidApi:finalizeItemRegistration:55]: Finalizing fluid item registration
[01Aug2026 04:31:50.059] [main/WARN] [ModernFix/]: Initial datapack load took 15.54 s
[01Aug2026 04:31:50.390] [main/INFO] [majruszlibrary/]: [majruszsdifficulty.json] Reloading configuration file took 9 milliseconds
[01Aug2026 04:31:50.395] [main/INFO] [majruszlibrary/]: [majruszlibrary.json] Reloading configuration file took 1 milliseconds
[01Aug2026 04:31:50.523] [Server thread/INFO] [net.minecraft.server.dedicated.DedicatedServer/]: Starting minecraft server version 1.20.1
[01Aug2026 04:31:50.523] [Server thread/INFO] [net.minecraft.server.dedicated.DedicatedServer/]: Loading properties
[01Aug2026 04:31:50.523] [Server thread/INFO] [net.minecraft.server.dedicated.DedicatedServer/]: Default game type: SURVIVAL
[01Aug2026 04:31:50.523] [Server thread/INFO] [net.minecraft.server.MinecraftServer/]: Generating keypair
[01Aug2026 04:31:50.601] [Server thread/INFO] [net.minecraft.server.dedicated.DedicatedServer/]: Starting Minecraft server on *:25565
[01Aug2026 04:31:50.673] [Server thread/INFO] [net.minecraft.server.network.ServerConnectionListener/]: Using epoll channel type
[01Aug2026 04:31:50.820] [Server thread/WARN] [net.minecraft.server.dedicated.DedicatedServer/]: **** SERVER IS RUNNING IN OFFLINE/INSECURE MODE!
[01Aug2026 04:31:50.821] [Server thread/WARN] [net.minecraft.server.dedicated.DedicatedServer/]: The server will make no attempt to authenticate usernames. Beware.
[01Aug2026 04:31:50.821] [Server thread/WARN] [net.minecraft.server.dedicated.DedicatedServer/]: While this makes the game possible to play without internet access, it also opens up the ability for hackers to connect with any username they choose.
[01Aug2026 04:31:50.821] [Server thread/WARN] [net.minecraft.server.dedicated.DedicatedServer/]: To change this, set "online-mode" to "true" in the server.properties file.
[01Aug2026 04:31:50.844] [Server thread/INFO] [Cold Sweat/]: Loading registries from configs...
[01Aug2026 04:31:50.845] [Server thread/INFO] [Cold Sweat/]: Loading registries from data resources...
[01Aug2026 04:31:50.852] [Server thread/INFO] [Cold Sweat/]: Handling registry modifiers...
[01Aug2026 04:31:50.853] [Server thread/INFO] [Cold Sweat/]: Loaded 6 insulators: [cold_sweat:aquamirae/three_bolt_boots, cold_sweat:aquamirae/three_bolt_helmet, cold_sweat:aquamirae/three_bolt_leggings, cold_sweat:aquamirae/three_bolt_suit, cold_sweat:create/netherite_backtank, cold_sweat:create_sa/netherite_jetpack_chestplate]
[01Aug2026 04:31:50.854] [Server thread/INFO] [Cold Sweat/]: Loaded 0 fuels.
[01Aug2026 04:31:50.854] [Server thread/INFO] [Cold Sweat/]: Loaded 0 foods.
[01Aug2026 04:31:50.854] [Server thread/INFO] [Cold Sweat/]: Loaded 0 item temperatures.
[01Aug2026 04:31:50.855] [Server thread/INFO] [Cold Sweat/]: Loaded 0 drying items.
[01Aug2026 04:31:50.855] [Server thread/INFO] [Cold Sweat/]: Loaded 0 insulation slots configs.
[01Aug2026 04:31:50.855] [Server thread/INFO] [Cold Sweat/]: Loaded 0 block temperatures.
[01Aug2026 04:31:50.856] [Server thread/INFO] [Cold Sweat/]: Loaded 0 biome temperatures.
[01Aug2026 04:31:50.856] [Server thread/INFO] [Cold Sweat/]: Loaded 0 dimension temperatures.
[01Aug2026 04:31:50.857] [Server thread/INFO] [Cold Sweat/]: Loaded 0 structure temperatures.
[01Aug2026 04:31:50.862] [Server thread/INFO] [Cold Sweat/]: Loaded 1 depth temperatures: [cold_sweat:default]
[01Aug2026 04:31:50.862] [Server thread/INFO] [Cold Sweat/]: Loaded 1 insulated mounts: [cold_sweat:strider]
[01Aug2026 04:31:50.863] [Server thread/INFO] [Cold Sweat/]: Loaded 0 entity spawn biomes.
[01Aug2026 04:31:50.863] [Server thread/INFO] [Cold Sweat/]: Loaded 2 entity temperatures: [cold_sweat:furnace_minecart, cold_sweat:on_fire]
[01Aug2026 04:31:50.864] [Server thread/INFO] [Cold Sweat/]: Loaded 0 entity climates.
[01Aug2026 04:31:50.864] [Server thread/INFO] [Cold Sweat/]: Loaded 2 temp effects: [cold_sweat:default_entity, cold_sweat:default_player]
[01Aug2026 04:31:50.865] [Server thread/INFO] [Cold Sweat/]: Loading TOML configs...
[01Aug2026 04:31:50.894] [Server thread/INFO] [Cold Sweat/]: Loading BlockTemps...
[01Aug2026 04:31:51.273] [Server thread/INFO] [spark/]: Starting background profiler...
[01Aug2026 04:31:52.339] [Server thread/INFO] [net.jrdemiurge.enigmaticdice.EnigmaticDice/]: Enigmatic Dice config loading...
[01Aug2026 04:31:52.359] [Server thread/INFO] [zeta/]: Server starting, accepting filewatcher changes for zeta's config
[01Aug2026 04:31:52.364] [Server thread/INFO] [Framework/]: Loading server configs...
[01Aug2026 04:31:52.377] [Server thread/INFO] [quark-zeta/]: Server starting, accepting filewatcher changes for quark's config
[01Aug2026 04:31:52.385] [Server thread/INFO] [structurify/]: Updating registries...
[01Aug2026 04:31:52.386] [Server thread/INFO] [structurify/]: Structure registries updated
[01Aug2026 04:31:52.388] [Server thread/INFO] [structurify/]: Structure Sets registries updated
[01Aug2026 04:31:52.392] [Server thread/INFO] [structurify/]: Structure Template Pools registries updated
[01Aug2026 04:31:52.392] [Server thread/INFO] [structurify/]: Registries updated
[01Aug2026 04:31:52.677] [Server thread/INFO] [terrablender/]: Initialized TerraBlender biomes for level stem minecraft:overworld
[01Aug2026 04:31:52.677] [Server thread/INFO] [terrablender/]: Initialized TerraBlender biomes for level stem minecraft:the_nether
[01Aug2026 04:31:52.679] [Server thread/INFO] [net.jadenxgamer.elysium_api.Elysium/]: ElysiumBiomeSource successfully initialized for minecraft:overworld
[01Aug2026 04:31:52.680] [Server thread/INFO] [net.jadenxgamer.elysium_api.Elysium/]: ElysiumBiomeSource successfully initialized for minecraft:the_nether
[01Aug2026 04:31:52.680] [Server thread/INFO] [net.minecraft.server.dedicated.DedicatedServer/]: Preparing level "world"
[01Aug2026 04:31:53.341] [Server thread/INFO] [net.bananemdnsa.historystages.HistoryStages/]: [HistoryStages] Server cache initialized.
[01Aug2026 04:31:53.391] [Server thread/INFO] [net.minecraft.server.MinecraftServer/]: Preparing start region for dimension minecraft:overworld
[01Aug2026 04:31:53.398] [Server thread/WARN] [mixin/]: Method overwrite conflict for removeIf in lithium.mixins.json:world.chunk_tickets.SortedArraySetMixin from mod radium, previously written by org.embeddedt.modernfix.common.mixin.bugfix.paper_chunk_patches.SortedArraySetMixin. Skipping method.
[01Aug2026 04:31:53.401] [Server thread/INFO] [KubeJS Server/]: Server resource reload complete!
[01Aug2026 04:31:56.230] [Server thread/INFO] [STDOUT/]: [earth.terrarium.botarium.common.energy.EnergyApi:finalizeBlockRegistration:39]: Finalizing energy block registration
[01Aug2026 04:31:56.230] [Server thread/INFO] [STDOUT/]: [earth.terrarium.botarium.common.fluid.FluidApi:finalizeBlockRegistration:42]: Finalizing fluid block registration
[01Aug2026 04:31:56.674] [Server thread/INFO] [net.minecraft.server.level.progress.LoggerChunkProgressListener/]: Time elapsed: 721987 ms
[01Aug2026 04:31:56.674] [Server thread/INFO] [net.minecraft.server.dedicated.DedicatedServer/]: Done (5.833s)! For help, type "help"
[01Aug2026 04:31:57.031] [Server thread/INFO] [net.minecraftforge.server.permission.PermissionAPI/]: Successfully initialized permission handler forge:default_handler
[01Aug2026 04:31:57.036] [Server thread/INFO] [com.azukaar.usefulluck.UsefulLuck/]: UsefulLuck Mod Loading!
[01Aug2026 04:31:57.077] [Server thread/INFO] [com.yanny.aci.manager.CorePluginManager/]: Registering server plugin data...
[01Aug2026 04:31:57.142] [Server thread/INFO] [com.yanny.aci.manager.ManagedRegistry/]: Registered 8/9 entry factories
[01Aug2026 04:31:57.142] [Server thread/INFO] [com.yanny.aci.manager.ManagedRegistry/]: Registered 4/4 number converters
[01Aug2026 04:31:57.143] [Server thread/INFO] [com.yanny.aci.manager.ManagedRegistry/]: Registered 10 trade item listings
[01Aug2026 04:31:57.143] [Server thread/INFO] [com.yanny.aci.manager.ManagedRegistry/]: Registered 8 entry item collectors
[01Aug2026 04:31:57.143] [Server thread/INFO] [com.yanny.aci.manager.ManagedRegistry/]: Registered 1 function item collectors
[01Aug2026 04:31:57.143] [Server thread/INFO] [com.yanny.aci.manager.ManagedRegistry/]: Registered 10 trade item collectors
[01Aug2026 04:31:57.143] [Server thread/INFO] [com.yanny.aci.manager.ManagedRegistry/]: Registered 30/41 function tooltips
[01Aug2026 04:31:57.143] [Server thread/INFO] [com.yanny.aci.manager.ManagedRegistry/]: Registered 37/40 condition tooltips
[01Aug2026 04:31:57.143] [Server thread/INFO] [com.yanny.aci.manager.ManagedRegistry/]: Registered 1 ingredient tooltips
[01Aug2026 04:31:57.143] [Server thread/INFO] [com.yanny.aci.manager.ManagedRegistry/]: Registered 68 value tooltips
[01Aug2026 04:31:57.143] [Server thread/INFO] [com.yanny.aci.manager.ManagedRegistry/]: Registered 3 chance modifiers
[01Aug2026 04:31:57.144] [Server thread/INFO] [com.yanny.aci.manager.ManagedRegistry/]: Registered 4 count modifiers
[01Aug2026 04:31:57.144] [Server thread/INFO] [com.yanny.aci.manager.ManagedRegistry/]: Registered 7 item stack modifiers
[01Aug2026 04:31:57.154] [Server thread/WARN] [com.yanny.ali.forge.plugin.ForgePlugin/]: Unable to locate destination for auto GLM usefulluck:luck_modifier
[01Aug2026 04:31:57.154] [Server thread/WARN] [com.yanny.ali.forge.plugin.ForgePlugin/]: Unable to locate destination for auto GLM relics:relic_loot
[01Aug2026 04:31:57.154] [Server thread/WARN] [com.yanny.ali.forge.plugin.ForgePlugin/]: Unable to locate destination for auto GLM mynethersdelight:remplace_item
[01Aug2026 04:31:57.155] [Server thread/WARN] [com.yanny.ali.forge.plugin.ForgePlugin/]: Unable to locate destination for auto GLM artifacts:smelt_ores_with_pickaxe_heater
[01Aug2026 04:31:57.156] [Server thread/WARN] [com.yanny.ali.forge.plugin.ForgePlugin/]: Unable to locate destination for auto GLM usefulluck:luck_modifier
[01Aug2026 04:31:57.156] [Server thread/WARN] [com.yanny.ali.forge.plugin.ForgePlugin/]: Unable to locate destination for auto GLM usefulluck:luck_modifier
[01Aug2026 04:31:57.156] [Server thread/WARN] [com.yanny.ali.forge.plugin.ForgePlugin/]: Unable to locate destination for auto GLM mynethersdelight:remplace_item
[01Aug2026 04:31:57.157] [Server thread/WARN] [com.yanny.ali.forge.plugin.ForgePlugin/]: Unable to locate destination for auto GLM supplementaries:replace_rope
[01Aug2026 04:31:57.157] [Server thread/WARN] [com.yanny.ali.forge.plugin.ForgePlugin/]: Unable to locate destination for auto GLM moonlight:add_item
[01Aug2026 04:31:57.158] [Server thread/WARN] [com.yanny.ali.forge.plugin.ForgePlugin/]: Unable to locate destination for auto GLM knightlib:add_item
[01Aug2026 04:31:57.158] [Server thread/WARN] [com.yanny.ali.forge.plugin.ForgePlugin/]: Unable to locate destination for auto GLM miners_delight:add_items
[01Aug2026 04:31:57.158] [Server thread/WARN] [com.yanny.ali.forge.plugin.ForgePlugin/]: Missing GLM for com.sammy.minersdelight.content.loot.AddSeveralItemsModifier
[01Aug2026 04:31:57.159] [Server thread/WARN] [com.yanny.ali.forge.plugin.ForgePlugin/]: Missing GLM for net.mehvahdjukaar.supplementaries.forge.ReplaceRopeByConfigModifier
[01Aug2026 04:31:57.159] [Server thread/WARN] [com.yanny.ali.forge.plugin.ForgePlugin/]: Missing GLM for com.momosoftworks.coldsweat.data.loot.modifier.AddDropsModifier
[01Aug2026 04:31:57.159] [Server thread/WARN] [com.yanny.ali.forge.plugin.ForgePlugin/]: Missing GLM for com.azukaar.usefulluck.LuckLootModifier
[01Aug2026 04:31:57.159] [Server thread/WARN] [com.yanny.ali.forge.plugin.ForgePlugin/]: Missing GLM for net.mcreator.protectionpixel.init.ProtectionPixelModLootModifier$ProtectionPixelModLootTableModifier
[01Aug2026 04:31:57.159] [Server thread/WARN] [com.yanny.ali.forge.plugin.ForgePlugin/]: Missing GLM for net.jadenxgamer.netherexp.registry.loot.custom.AddItemModifier
[01Aug2026 04:31:57.159] [Server thread/WARN] [com.yanny.ali.forge.plugin.ForgePlugin/]: Missing GLM for umpaz.brewinandchewin.common.loot.modifier.BnCSlicingModifier
[01Aug2026 04:31:57.159] [Server thread/WARN] [com.yanny.ali.forge.plugin.ForgePlugin/]: Missing GLM for artifacts.forge.loot.RollLootTableModifier
[01Aug2026 04:31:57.159] [Server thread/WARN] [com.yanny.ali.forge.plugin.ForgePlugin/]: Missing GLM for artifacts.forge.loot.SmeltOresWithPickaxeHeaterModifier
[01Aug2026 04:31:57.159] [Server thread/WARN] [com.yanny.ali.forge.plugin.ForgePlugin/]: Missing GLM for com.teamremastered.endrem.utils.LootInjector$LootInjectorModifier
[01Aug2026 04:31:57.159] [Server thread/WARN] [com.yanny.ali.forge.plugin.ForgePlugin/]: Missing GLM for net.mcreator.unusualend.init.UnusualendModLootModifier$UnusualendModLootTableModifier
[01Aug2026 04:31:57.160] [Server thread/WARN] [com.yanny.ali.forge.plugin.ForgePlugin/]: Missing GLM for net.p3pp3rf1y.sophisticatedbackpacks.data.SBLootModifierProvider$InjectLootModifier
[01Aug2026 04:31:57.160] [Server thread/WARN] [com.yanny.ali.forge.plugin.ForgePlugin/]: Missing GLM for com.soytutta.mynethersdelight.common.loot.RemplaceLootModifier
[01Aug2026 04:31:57.160] [Server thread/WARN] [com.yanny.ali.forge.plugin.ForgePlugin/]: Missing GLM for net.mcreator.ancientforgemastery.init.AncientForgemasteryModLootModifier$AncientForgemasteryModLootTableModifier
[01Aug2026 04:31:57.160] [Server thread/WARN] [com.yanny.ali.forge.plugin.ForgePlugin/]: Missing GLM for com.momosoftworks.coldsweat.data.loot.modifier.AddPiglinBartersModifier
[01Aug2026 04:31:57.160] [Server thread/WARN] [com.yanny.ali.forge.plugin.ForgePlugin/]: Missing GLM for dev.xylonity.knightlib.datagen.KnightLibAddItemModifier
[01Aug2026 04:31:57.160] [Server thread/WARN] [com.yanny.ali.forge.plugin.ForgePlugin/]: Missing GLM for net.davio.aquaticambitions.infrastructure.loot.AddItemModifier
[01Aug2026 04:31:57.160] [Server thread/WARN] [com.yanny.ali.forge.plugin.ForgePlugin/]: Missing GLM for com.soytutta.mynethersdelight.common.loot.MNDPastrySlicingModifier
[01Aug2026 04:31:57.160] [Server thread/WARN] [com.yanny.ali.forge.plugin.ForgePlugin/]: Missing GLM for it.hurts.sskirillss.relics.level.RelicLootModifier
[01Aug2026 04:31:57.160] [Server thread/WARN] [com.yanny.ali.forge.plugin.ForgePlugin/]: Missing GLM for net.mehvahdjukaar.moonlight.core.misc.forge.ModLootModifiers$AddItemModifier
[01Aug2026 04:31:57.160] [Server thread/WARN] [com.yanny.ali.forge.plugin.ForgePlugin/]: Missing GLM for com.sammy.minersdelight.content.loot.ReplaceDroppedLootModifier
[01Aug2026 04:31:57.160] [Server thread/WARN] [com.yanny.ali.forge.plugin.ForgePlugin/]: Missing GLM for net.jadenxgamer.netherexp.registry.loot.custom.AddEnchantedItemModifier
[01Aug2026 04:31:57.160] [Server thread/WARN] [com.yanny.ali.forge.plugin.ForgePlugin/]: Missing GLM for io.github.mortuusars.exposure.forge.loot.ConfigurableAddTableLootModifier
[01Aug2026 04:31:57.161] [Server thread/INFO] [com.yanny.ali.manager.AliServerRegistry/]: Registered 247 loot modifiers
[01Aug2026 04:31:57.161] [Server thread/INFO] [com.yanny.aci.manager.CorePluginManager/]: Registering server plugin data finished
[01Aug2026 04:31:57.161] [Server thread/INFO] [com.yanny.ali.network.AbstractServer/]: Started reading loot info
[01Aug2026 04:31:59.677] [Server thread/INFO] [com.yanny.ali.network.AbstractServer/]: Skipped 134 empty or hidden loot tables and 44 injected loot tables
[01Aug2026 04:31:59.695] [Server thread/WARN] [com.yanny.ali.network.AbstractServer/]: No trades defined for minecraft:nitwit
[01Aug2026 04:31:59.696] [Server thread/WARN] [com.yanny.ali.network.AbstractServer/]: No trades defined for minecraft:none
[01Aug2026 04:31:59.698] [Server thread/INFO] [com.yanny.ali.network.AbstractServer/]: Processing 11015 loot tables, 16 fake loot tables and 20 trades took 2537ms
[01Aug2026 04:32:02.039] [Server thread/INFO] [com.yanny.ali.network.AbstractServer/]: Compressed loot data (2.66 MB -> 0.57 MB) and stored in 19 chunk(s)
[01Aug2026 04:32:02.040] [Server thread/WARN] [com.yanny.aci.manager.ManagedRegistry/]: Missing entry factories for net.mehvahdjukaar.moonlight.core.loot.OptionalItemPool
[01Aug2026 04:32:02.040] [Server thread/WARN] [com.yanny.aci.manager.ManagedRegistry/]: Missing trade item listings for net.Pandarix.betterarcheology.event.ModEvents$$Lambda$36644/0x000072977c07fba8
[01Aug2026 04:32:02.041] [Server thread/WARN] [com.yanny.aci.manager.ManagedRegistry/]: Missing trade item listings for com.teamremastered.endrem.events.ModEvents$EREyeTrade
[01Aug2026 04:32:02.041] [Server thread/WARN] [com.yanny.aci.manager.ManagedRegistry/]: Missing trade item listings for com.jesz.createdieselgenerators.events.ForgeEvents$$Lambda$36631/0x000072977c07dba8
[01Aug2026 04:32:02.041] [Server thread/WARN] [com.yanny.aci.manager.ManagedRegistry/]: Missing trade item listings for net.satisfy.vinery.core.util.VillagerUtil$BuyForOneEmeraldFactory
[01Aug2026 04:32:02.041] [Server thread/WARN] [com.yanny.aci.manager.ManagedRegistry/]: Missing trade item listings for org.violetmoon.quark.content.tools.module.PathfinderMapsModule$PathfinderQuillTrade
[01Aug2026 04:32:02.041] [Server thread/WARN] [com.yanny.aci.manager.ManagedRegistry/]: Missing trade item listings for net.Pandarix.betterarcheology.event.ModEvents$$Lambda$36633/0x000072977c07e448
[01Aug2026 04:32:02.041] [Server thread/WARN] [com.yanny.aci.manager.ManagedRegistry/]: Missing trade item listings for net.Pandarix.betterarcheology.event.ModEvents$$Lambda$36639/0x000072977c07f108
[01Aug2026 04:32:02.041] [Server thread/WARN] [com.yanny.aci.manager.ManagedRegistry/]: Missing trade item listings for net.minecraftforge.common.BasicItemListing
[01Aug2026 04:32:02.041] [Server thread/WARN] [com.yanny.aci.manager.ManagedRegistry/]: Missing trade item listings for com.craisinlord.integrated_api.misc.maptrades.StructureSpecificMaps$TreasureMapForEmeralds
[01Aug2026 04:32:02.041] [Server thread/WARN] [com.yanny.aci.manager.ManagedRegistry/]: Missing trade item listings for net.Pandarix.betterarcheology.event.ModEvents$$Lambda$36646/0x000072977c084000
[01Aug2026 04:32:02.042] [Server thread/WARN] [com.yanny.aci.manager.ManagedRegistry/]: Missing trade item listings for net.mehvahdjukaar.supplementaries.common.entities.trades.RandomAdventurerMapListing
[01Aug2026 04:32:02.042] [Server thread/WARN] [com.yanny.aci.manager.ManagedRegistry/]: Missing trade item listings for net.satisfy.vinery.core.util.VillagerUtil$SellItemFactory
[01Aug2026 04:32:02.042] [Server thread/WARN] [com.yanny.aci.manager.ManagedRegistry/]: Missing trade item listings for net.Pandarix.betterarcheology.event.ModEvents$$Lambda$36643/0x000072977c07f988
[01Aug2026 04:32:02.042] [Server thread/WARN] [com.yanny.aci.manager.ManagedRegistry/]: Missing trade item listings for org.violetmoon.quark.content.tools.module.AncientTomesModule$ExchangeAncientTomesTrade
[01Aug2026 04:32:02.042] [Server thread/WARN] [com.yanny.aci.manager.ManagedRegistry/]: Missing trade item listings for net.Pandarix.betterarcheology.event.ModEvents$$Lambda$36632/0x000072977c07e228
[01Aug2026 04:32:02.042] [Server thread/WARN] [com.yanny.aci.manager.ManagedRegistry/]: Missing trade item listings for net.Pandarix.betterarcheology.event.ModEvents$$Lambda$36636/0x000072977c07eaa8
[01Aug2026 04:32:02.042] [Server thread/WARN] [com.yanny.aci.manager.ManagedRegistry/]: Missing trade item listings for net.Pandarix.betterarcheology.event.ModEvents$$Lambda$36641/0x000072977c07f548
[01Aug2026 04:32:02.042] [Server thread/WARN] [com.yanny.aci.manager.ManagedRegistry/]: Missing trade item listings for net.mehvahdjukaar.moonlight.api.trades.SimpleItemListing
[01Aug2026 04:32:02.043] [Server thread/WARN] [com.yanny.aci.manager.ManagedRegistry/]: Missing trade item listings for net.Pandarix.betterarcheology.event.ModEvents$$Lambda$36635/0x000072977c07e888
[01Aug2026 04:32:02.043] [Server thread/WARN] [com.yanny.aci.manager.ManagedRegistry/]: Missing trade item listings for net.Pandarix.betterarcheology.event.ModEvents$$Lambda$36640/0x000072977c07f328
[01Aug2026 04:32:02.043] [Server thread/WARN] [com.yanny.aci.manager.ManagedRegistry/]: Missing trade item listings for net.Pandarix.betterarcheology.event.ModEvents$$Lambda$36642/0x000072977c07f768
[01Aug2026 04:32:02.043] [Server thread/WARN] [com.yanny.aci.manager.ManagedRegistry/]: Missing trade item listings for net.Pandarix.betterarcheology.event.ModEvents$$Lambda$36638/0x000072977c07eee8
[01Aug2026 04:32:02.043] [Server thread/WARN] [com.yanny.aci.manager.ManagedRegistry/]: Missing trade item listings for net.Pandarix.betterarcheology.event.ModEvents$$Lambda$36634/0x000072977c07e668
[01Aug2026 04:32:02.043] [Server thread/WARN] [com.yanny.aci.manager.ManagedRegistry/]: Missing trade item listings for net.Pandarix.betterarcheology.event.ModEvents$$Lambda$36647/0x000072977c084220
[01Aug2026 04:32:02.043] [Server thread/WARN] [com.yanny.aci.manager.ManagedRegistry/]: Missing trade item listings for net.Pandarix.betterarcheology.event.ModEvents$$Lambda$36637/0x000072977c07ecc8
[01Aug2026 04:32:02.043] [Server thread/WARN] [com.yanny.aci.manager.ManagedRegistry/]: Missing trade item listings for net.Pandarix.betterarcheology.event.ModEvents$$Lambda$36645/0x000072977c07fdc8
[01Aug2026 04:32:02.044] [Server thread/WARN] [com.yanny.aci.manager.ManagedRegistry/]: Missing function tooltips for com.majruszsdifficulty.loot.CurseRandomly
[01Aug2026 04:32:02.044] [Server thread/WARN] [com.yanny.aci.manager.ManagedRegistry/]: Missing function tooltips for net.mehvahdjukaar.supplementaries.common.items.loot.CurseLootFunction
[01Aug2026 04:32:02.044] [Server thread/WARN] [com.yanny.aci.manager.ManagedRegistry/]: Missing function tooltips for net.yirmiri.dungeonsdelight.common.util.misc.CopyMonsterMealFunction
[01Aug2026 04:32:02.044] [Server thread/WARN] [com.yanny.aci.manager.ManagedRegistry/]: Missing function tooltips for net.mehvahdjukaar.supplementaries.common.items.loot.RandomArrowFunction
[01Aug2026 04:32:02.044] [Server thread/WARN] [com.yanny.aci.manager.ManagedRegistry/]: Missing function tooltips for org.violetmoon.quark.content.tools.loot.EnchantTome
[01Aug2026 04:32:02.044] [Server thread/WARN] [com.yanny.aci.manager.ManagedRegistry/]: Missing function tooltips for com.sammy.minersdelight.content.block.copper_pot.CopperPotCopyMealFunction
[01Aug2026 04:32:02.044] [Server thread/WARN] [com.yanny.aci.manager.ManagedRegistry/]: Missing function tooltips for net.p3pp3rf1y.sophisticatedbackpacks.data.CopyBackpackDataFunction
[01Aug2026 04:32:02.044] [Server thread/WARN] [com.yanny.aci.manager.ManagedRegistry/]: Missing function tooltips for umpaz.brewinandchewin.common.loot.CopyDrinkFunction
[01Aug2026 04:32:02.044] [Server thread/WARN] [com.yanny.aci.manager.ManagedRegistry/]: Missing condition tooltips for artifacts.loot.ConfigValueChance
[01Aug2026 04:32:02.045] [Server thread/WARN] [com.yanny.aci.manager.ManagedRegistry/]: Missing condition tooltips for org.violetmoon.zeta.config.FlagLootCondition
[01Aug2026 04:32:02.045] [Server thread/WARN] [com.yanny.aci.manager.ManagedRegistry/]: Missing condition tooltips for artifacts.loot.IsAprilFools
[01Aug2026 04:32:02.045] [Server thread/WARN] [com.yanny.aci.manager.ManagedRegistry/]: Missing condition tooltips for org.violetmoon.quark.content.tools.loot.InBiomeCondition
[01Aug2026 04:32:02.045] [Server thread/WARN] [com.yanny.aci.manager.ManagedRegistry/]: Missing condition tooltips for artifacts.loot.ArtifactRarityAdjustedChance
[01Aug2026 04:32:02.045] [Server thread/WARN] [com.yanny.aci.manager.ManagedRegistry/]: Missing value tooltips for org.violetmoon.quark.content.tools.module.PathfinderMapsModule$TradeInfo
[01Aug2026 04:32:02.112] [Server thread/INFO] [org.infernalstudios.questlog.Questlog/]: Loaded 48 quests and 3 chapters from config.
[01Aug2026 04:32:02.116] [Server thread/INFO] [Diet/]: Generating diet values...
[01Aug2026 04:32:02.117] [Server thread/INFO] [Diet/]: Finding ungrouped food items...
[01Aug2026 04:32:02.140] [Server thread/INFO] [Diet/]: Found 401 ungrouped food items
[01Aug2026 04:32:02.140] [Server thread/INFO] [Diet/]: Building item-to-recipes map...
[01Aug2026 04:32:02.211] [Server thread/INFO] [Diet/]: Found 6691 valid items with recipes
[01Aug2026 04:32:02.211] [Server thread/INFO] [Diet/]: Processing items...
[01Aug2026 04:32:02.221] [Server thread/INFO] [Diet/]: Processed 660 items
[01Aug2026 04:32:02.222] [Server thread/INFO] [Diet/]: Generating diet values took 105.0 ms
[01Aug2026 04:32:02.222] [Server thread/INFO] [org.ddkolbb.createartifacts.Createartifacts/]: CreateArtifacts: Server starting.
[01Aug2026 04:32:02.500] [Server thread/INFO] [com.adonis.fluid.CreateFluid/]: Added 113 runtime sandblasting recipes.
[01Aug2026 04:32:02.500] [Server thread/INFO] [com.mafuyu404.oneenoughitem.Oneenoughitem/]: Cleared 11 cached item mappings and 0 cached tag mappings
[01Aug2026 04:32:02.501] [Server thread/INFO] [com.mafuyu404.oneenoughitem.Oneenoughitem/]: Added replacement rule for 1 items and 0 tags: [cgs:steel_nugget] -> alloyed:steel_nugget
[01Aug2026 04:32:02.501] [Server thread/INFO] [com.mafuyu404.oneenoughitem.Oneenoughitem/]: Added replacement rule for 1 items and 0 tags: [cgs:steel_ingot] -> alloyed:steel_ingot
[01Aug2026 04:32:02.501] [Server thread/INFO] [com.mafuyu404.oneenoughitem.Oneenoughitem/]: Added replacement rule for 2 items and 0 tags: [createaddition:zinc_sheet, createfisheryindustry:zinc_sheet] -> createdeco:zinc_sheet
[01Aug2026 04:32:02.501] [Server thread/INFO] [com.mafuyu404.oneenoughitem.Oneenoughitem/]: Added replacement rule for 1 items and 0 tags: [cgs:steel_nugget] -> alloyed:steel_nugget
[01Aug2026 04:32:02.502] [Server thread/INFO] [com.mafuyu404.oneenoughitem.Oneenoughitem/]: Added replacement rule for 1 items and 0 tags: [cgs:steel_sheet] -> alloyed:steel_sheet
[01Aug2026 04:32:02.502] [Server thread/INFO] [com.mafuyu404.oneenoughitem.Oneenoughitem/]: Added replacement rule for 1 items and 0 tags: [protection_pixel:smallnetheritesheet] -> create_crush_everything:netherite_shard
[01Aug2026 04:32:02.502] [Server thread/INFO] [com.mafuyu404.oneenoughitem.Oneenoughitem/]: Added replacement rule for 1 items and 0 tags: [dungeonsdelight:smoked_spider_meat] -> miners_delight:baked_spider_leg
[01Aug2026 04:32:02.502] [Server thread/INFO] [com.mafuyu404.oneenoughitem.Oneenoughitem/]: Added replacement rule for 1 items and 0 tags: [dungeonsdelight:spider_meat] -> miners_delight:spider_leg
[01Aug2026 04:32:02.502] [Server thread/INFO] [com.mafuyu404.oneenoughitem.Oneenoughitem/]: Added replacement rule for 1 items and 0 tags: [artifacts:aqua_dashers] -> relics:aqua_walker
[01Aug2026 04:32:02.502] [Server thread/INFO] [com.mafuyu404.oneenoughitem.Oneenoughitem/]: Added replacement rule for 1 items and 0 tags: [clockwork:clockwork_gear] -> create:cogwheel
[01Aug2026 04:32:02.503] [Server thread/INFO] [com.mafuyu404.oneenoughitem.Oneenoughitem/]: Added replacement rule for 1 items and 0 tags: [warriorsofpastepoch:batwing] -> miners_delight:bat_wing
[01Aug2026 04:32:02.525] [Server thread/INFO] [com.finderfeed.fdlib.FDLib/]: Loading FD configs...
[01Aug2026 04:32:02.526] [Server thread/INFO] [com.finderfeed.fdlib.FDLib/]: Loading config fdlib:test
[01Aug2026 04:32:02.527] [Server thread/INFO] [com.finderfeed.fdlib.FDLib/]: Loading config fdlib:fdlib_client
[01Aug2026 04:32:02.528] [Server thread/INFO] [com.finderfeed.fdlib.FDLib/]: Loaded FD configs.
[01Aug2026 04:32:02.564] [Server thread/INFO] [com.cupboard.Cupboard/]: Loaded config for: smoothchunk.json
[01Aug2026 04:32:02.564] [Server thread/INFO] [com.cupboard.Cupboard/]: Loaded config for: chunksending.json
[01Aug2026 04:32:02.829] [Server thread/WARN] [ModernFix/]: Dedicated server took 116.041 seconds to load
[01Aug2026 04:33:43.687] [Server thread/INFO] [net.minecraft.server.players.PlayerList/]: Megatuber06[/10.166.13.253:56917] logged in with entity id 1018 at (-903.148478512211, 64.0, -1268.1121625497678)
[01Aug2026 04:33:43.837] [Server thread/INFO] [ModernFix/]: Using enhanced recipe sync for player Megatuber06
[01Aug2026 04:33:43.872] [Server thread/INFO] [net.minecraft.server.MinecraftServer/]: Megatuber06 joined the game
[01Aug2026 04:33:43.987] [Server thread/INFO] [oelib/]: Sending Replacements data: 14 entries, 1536 bytes
[01Aug2026 04:33:44.310] [Server thread/INFO] [Jade/]: Syncing config to Megatuber06 (cc4f017b-a0d9-329f-93d3-a66a4f71e13c)
[01Aug2026 04:33:46.122] [Server thread/WARN] [net.minecraft.server.MinecraftServer/]: Can't keep up! Is the server overloaded? Running 2042ms or 40 ticks behind
[01Aug2026 04:33:51.925] [Server thread/INFO] [com.yanny.ali.network.AbstractServer/]: Started syncing loot info to Megatuber06
[01Aug2026 04:33:51.927] [Server thread/INFO] [com.yanny.ali.network.AbstractServer/]: Finished syncing loot info to Megatuber06
[01Aug2026 04:39:05.109] [Server thread/INFO] [net.minecraft.server.MinecraftServer/]: [Not Secure] [Server] bro prosteta
[01Aug2026 04:39:09.144] [Server thread/INFO] [net.minecraft.server.MinecraftServer/]: [Not Secure] <Megatuber06> LOCO
[01Aug2026 04:39:14.250] [Server thread/INFO] [net.minecraft.server.MinecraftServer/]: [Not Secure] <Megatuber06> un night stalker
[01Aug2026 04:39:24.173] [Server thread/INFO] [net.minecraft.server.MinecraftServer/]: [Not Secure] <Megatuber06> me tiene atrapado en la puerta de mi casa
[01Aug2026 04:39:25.345] [Server thread/INFO] [net.minecraft.server.MinecraftServer/]: [Not Secure] [Server] pasa coords o te papeo
[01Aug2026 04:39:27.771] [Server thread/INFO] [net.minecraft.server.MinecraftServer/]: [Not Secure] <Megatuber06> tus sabe
[01Aug2026 04:39:36.395] [Server thread/INFO] [net.minecraft.server.MinecraftServer/]: [Not Secure] [Server] q
[01Aug2026 04:39:45.096] [Server thread/INFO] [net.minecraft.server.MinecraftServer/]: [Not Secure] <Megatuber06> -1099 104 -1533
[01Aug2026 04:39:53.210] [Server thread/INFO] [net.minecraft.server.MinecraftServer/]: [Not Secure] <Megatuber06> jeremy todavia no ha entrado
[01Aug2026 04:39:59.180] [Server thread/INFO] [net.minecraft.server.MinecraftServer/]: [Not Secure] <Megatuber06> esta descargando la vaina
[01Aug2026 04:40:10.962] [Server thread/INFO] [net.minecraft.server.MinecraftServer/]: [Not Secure] [Server] ok
[01Aug2026 04:44:30.796] [Server thread/INFO] [net.minecraft.server.MinecraftServer/]: [Not Secure] [Server] jeregey se unio?
[01Aug2026 04:44:37.766] [Server thread/INFO] [net.minecraft.server.MinecraftServer/]: [Not Secure] <Megatuber06> JAJAJAJAJJ
[01Aug2026 04:44:39.460] [Server thread/INFO] [net.minecraft.server.MinecraftServer/]: [Not Secure] <Megatuber06> no
[01Aug2026 04:47:28.131] [Worker-Main-6/WARN] [mixin/]: Discarding @Unique public method getEnhancedJunctionIterator in moogs_structures-common.mixins.json:terrainadaptation.BeardifierMixin from mod moogs_structures because it already exists in net.minecraft.world.level.levelgen.Beardifier
[01Aug2026 04:47:28.132] [Worker-Main-6/WARN] [mixin/]: Discarding @Unique public method setEnhancedJunctionIterator in moogs_structures-common.mixins.json:terrainadaptation.BeardifierMixin from mod moogs_structures because it already exists in net.minecraft.world.level.levelgen.Beardifier
[01Aug2026 04:47:31.871] [Worker-Main-4/WARN] [net.minecraft.world.level.levelgen.heightproviders.UniformHeight/]: Empty height range: [-55 absolute--60 absolute]
[01Aug2026 04:47:31.871] [Worker-Main-4/WARN] [net.minecraft.world.level.levelgen.heightproviders.UniformHeight/]: Empty height range: [-55 absolute--60 absolute]
[01Aug2026 04:47:31.871] [Worker-Main-4/WARN] [net.minecraft.world.level.levelgen.heightproviders.UniformHeight/]: Empty height range: [-55 absolute--60 absolute]
[01Aug2026 04:47:55.095] [Server thread/INFO] [net.minecraft.server.MinecraftServer/]: [Not Secure] [Server] ya?
[01Aug2026 04:47:57.304] [Server thread/INFO] [net.minecraft.server.MinecraftServer/]: [Not Secure] <Megatuber06> no
[01Aug2026 04:48:16.495] [Server thread/INFO] [net.minecraft.server.MinecraftServer/]: [Not Secure] [Server] lo voy a diddy matar
[01Aug2026 04:48:28.792] [Server thread/INFO] [net.minecraft.server.MinecraftServer/]: [Not Secure] <Megatuber06> por eso te dije
[01Aug2026 04:48:32.301] [Server thread/INFO] [net.minecraft.server.MinecraftServer/]: [Not Secure] <Megatuber06> entra a llamada
[01Aug2026 04:48:35.891] [Server thread/INFO] [net.minecraft.server.MinecraftServer/]: [Not Secure] <Megatuber06> y escucha
[01Aug2026 04:49:16.710] [Server thread/ERROR] [net.minecraft.Util/]: POI data mismatch: already registered at BlockPos{x=-565, y=-7, z=-1229}
[01Aug2026 04:55:48.708] [Server thread/WARN] [net.minecraft.server.network.ServerGamePacketListenerImpl/]: Horse (vehicle of Megatuber06) moved wrongly! 0.34827874598568087
[01Aug2026 04:55:48.903] [Server thread/WARN] [net.minecraft.server.network.ServerGamePacketListenerImpl/]: Horse (vehicle of Megatuber06) moved wrongly! 0.6440817198858895
[01Aug2026 04:55:48.956] [Server thread/WARN] [net.minecraft.server.network.ServerGamePacketListenerImpl/]: Horse (vehicle of Megatuber06) moved wrongly! 0.3488039289391054
[01Aug2026 04:55:49.105] [Server thread/WARN] [net.minecraft.server.network.ServerGamePacketListenerImpl/]: Horse (vehicle of Megatuber06) moved wrongly! 0.2532129953431195
[01Aug2026 04:55:49.157] [Server thread/WARN] [net.minecraft.server.network.ServerGamePacketListenerImpl/]: Horse (vehicle of Megatuber06) moved wrongly! 0.7514235602163808
[01Aug2026 05:03:04.297] [Server thread/INFO] [net.minecraft.server.MinecraftServer/]: [Not Secure] [Server] ban zarek vazques
[01Aug2026 05:03:08.202] [Server thread/INFO] [net.minecraft.server.MinecraftServer/]: [Not Secure] <Megatuber06> bro
[01Aug2026 05:03:58.694] [Server thread/INFO] [net.minecraft.server.MinecraftServer/]: [Not Secure] [Server] respeta?
[01Aug2026 05:04:11.998] [Server thread/INFO] [net.minecraft.server.MinecraftServer/]: [Not Secure] [Server] lol el server te papeo
[01Aug2026 05:04:43.299] [Server thread/INFO] [net.minecraft.server.MinecraftServer/]: [Not Secure] [Server] tp zarek to my dick
[01Aug2026 05:10:18.096] [Server thread/INFO] [net.minecraft.server.MinecraftServer/]: [Not Secure] [Server] spawn jenny hentai gugugaga
[01Aug2026 05:11:23.248] [Server thread/INFO] [net.minecraft.server.MinecraftServer/]: [Not Secure] [Server] violar a zarek mojilla
[01Aug2026 05:12:01.295] [Server thread/INFO] [net.minecraft.server.MinecraftServer/]: [Not Secure] [Server] quackisa se unio al juego
[01Aug2026 05:13:14.801] [Server thread/INFO] [net.minecraft.server.players.PlayerList/]: Anubis_11[/10.166.13.177:65487] logged in with entity id 11608 at (7.5, 77.0, 2.5)
[01Aug2026 05:13:14.832] [Server thread/INFO] [ModernFix/]: Using enhanced recipe sync for player Anubis_11
[01Aug2026 05:13:14.835] [Server thread/INFO] [net.minecraft.server.MinecraftServer/]: Anubis_11 joined the game
[01Aug2026 05:13:14.918] [Server thread/INFO] [oelib/]: Sending Replacements data: 14 entries, 1536 bytes
[01Aug2026 05:13:14.936] [Server thread/INFO] [Jade/]: Syncing config to Anubis_11 (0bdc3c98-e4a0-3902-8d49-26ad96fa683f)
[01Aug2026 05:13:41.368] [Server thread/INFO] [net.minecraft.server.MinecraftServer/]: Teleported Anubis_11 to -1098.500000, 104.000000, -1532.500000
[01Aug2026 05:13:41.808] [Server thread/INFO] [net.minecraft.server.MinecraftServer/]: Anubis_11 has made the advancement [Fruits of the Field]
[01Aug2026 05:13:44.294] [Server thread/INFO] [com.yanny.ali.network.AbstractServer/]: Started syncing loot info to Anubis_11
[01Aug2026 05:13:44.295] [Server thread/INFO] [com.yanny.ali.network.AbstractServer/]: Finished syncing loot info to Anubis_11
[01Aug2026 05:28:46.806] [Server thread/INFO] [net.minecraft.server.MinecraftServer/]: Anubis_11 has made the advancement [Sweet Dreams]
[01Aug2026 05:28:52.792] [Server thread/INFO] [net.minecraft.server.MinecraftServer/]: Anubis_11 has made the advancement [Inhospitable]
[01Aug2026 05:34:57.293] [Server thread/INFO] [net.minecraft.server.MinecraftServer/]: Anubis_11 has made the advancement [Diamonds!]
[01Aug2026 05:36:06.946] [Server thread/INFO] [net.minecraft.server.MinecraftServer/]: Anubis_11 has made the advancement [Getting an Upgrade]
[01Aug2026 05:41:27.736] [Server thread/INFO] [net.minecraft.server.MinecraftServer/]: Anubis_11 has made the advancement [The Noble Drop]
[01Aug2026 05:41:29.945] [Server thread/INFO] [net.minecraft.server.MinecraftServer/]: Anubis_11 has made the advancement [Acquired Taste]
[01Aug2026 05:43:46.030] [Server thread/INFO] [net.minecraft.world.entity.LivingEntity/]: Named entity Witherskeletonpose1Entity['Megatuber06's corpse'/7679, l='ServerLevel[world]', x=-937.50, y=71.00, z=-1654.50] died: Megatuber06's corpse was slain by Megatuber06
[01Aug2026 05:47:49.970] [Server thread/ERROR] [net.minecraft.Util/]: POI data mismatch: already registered at BlockPos{x=-1446, y=19, z=-1651}
[01Aug2026 05:48:02.650] [Server thread/ERROR] [net.minecraft.Util/]: POI data mismatch: already registered at BlockPos{x=-1469, y=-39, z=-1457}
[01Aug2026 05:49:41.357] [Server thread/INFO] [net.minecraft.server.MinecraftServer/]: Anubis_11 was shot by Supreme Bonescaller
[01Aug2026 05:50:34.509] [Server thread/INFO] [net.minecraft.server.MinecraftServer/]: Anubis_11 has reached the goal [Senior Summoner]
[01Aug2026 05:51:55.105] [Server thread/INFO] [net.minecraft.server.MinecraftServer/]: Anubis_11 has made the advancement [Monster Hunter]
[01Aug2026 05:52:17.104] [Server thread/WARN] [net.minecraft.server.network.ServerGamePacketListenerImpl/]: Horse (vehicle of Anubis_11) moved wrongly! 0.3944222472068759
[01Aug2026 05:52:49.871] [Server thread/INFO] [net.jrdemiurge.enigmaticdice.EnigmaticDice/]: Config minecraft_teleport_to_world_edge is disabled.
[01Aug2026 05:52:49.875] [Server thread/INFO] [net.jrdemiurge.enigmaticdice.EnigmaticDice/]: Config minecraft_accelerate_day_cycle is disabled.
[01Aug2026 05:52:49.877] [Server thread/INFO] [net.jrdemiurge.enigmaticdice.EnigmaticDice/]: Skipping event enigmaticlegacy_eternal_binding: required mod enigmaticlegacy is missing.
[01Aug2026 05:52:49.877] [Server thread/INFO] [net.jrdemiurge.enigmaticdice.EnigmaticDice/]: Skipping event alexsmobs_summon_warped_toads: required mod alexsmobs is missing.
[01Aug2026 05:52:49.877] [Server thread/INFO] [net.jrdemiurge.enigmaticdice.EnigmaticDice/]: Skipping event alexsmobs_summon_centipede: required mod alexsmobs is missing.
[01Aug2026 05:52:49.877] [Server thread/INFO] [net.jrdemiurge.enigmaticdice.EnigmaticDice/]: Skipping event alexscaves_nuclear_bomb: required mod alexscaves is missing.
[01Aug2026 05:52:49.877] [Server thread/INFO] [net.jrdemiurge.enigmaticdice.EnigmaticDice/]: Skipping event alexscaves_summon_raycat: required mod alexscaves is missing.
[01Aug2026 05:52:49.877] [Server thread/INFO] [net.jrdemiurge.enigmaticdice.EnigmaticDice/]: Skipping event alexscaves_summon_subterranodon: required mod alexscaves is missing.
[01Aug2026 05:52:49.877] [Server thread/INFO] [net.jrdemiurge.enigmaticdice.EnigmaticDice/]: Skipping event alexscaves_summon_vallumraptor: required mod alexscaves is missing.
[01Aug2026 05:52:49.877] [Server thread/INFO] [net.jrdemiurge.enigmaticdice.EnigmaticDice/]: Skipping event alexscaves_summon_candicorn: required mod alexscaves is missing.
[01Aug2026 05:52:49.879] [Server thread/INFO] [net.jrdemiurge.enigmaticdice.EnigmaticDice/]: Skipping event terramity_black_hole_bomb: required mod terramity is missing.
[01Aug2026 05:52:49.880] [Server thread/INFO] [net.jrdemiurge.enigmaticdice.EnigmaticDice/]: Skipping event terramity_macro_black_hole_bomb: required mod terramity is missing.
[01Aug2026 05:52:49.880] [Server thread/INFO] [net.jrdemiurge.enigmaticdice.EnigmaticDice/]: Skipping event terramity_antimatter_bomb: required mod terramity is missing.
[01Aug2026 05:52:49.881] [Server thread/INFO] [net.jrdemiurge.enigmaticdice.EnigmaticDice/]: Config enigmaticdice_give_kyomu is disabled.
[01Aug2026 05:52:49.881] [Server thread/INFO] [net.jrdemiurge.enigmaticdice.EnigmaticDice/]: Config enigmaticdice_give_phoenix is disabled.
[01Aug2026 05:52:49.881] [Server thread/INFO] [net.jrdemiurge.enigmaticdice.EnigmaticDice/]: Config enigmaticdice_give_fire_crystal_greatsword is disabled.
[01Aug2026 05:52:49.881] [Server thread/INFO] [net.jrdemiurge.enigmaticdice.EnigmaticDice/]: Config enigmaticdice_give_fire_crystal_spear is disabled.
[01Aug2026 05:52:49.881] [Server thread/INFO] [net.jrdemiurge.enigmaticdice.EnigmaticDice/]: Skipping event enigmaticlegacy_give_twisted_potion: required mod enigmaticlegacy is missing.
[01Aug2026 05:52:49.882] [Server thread/INFO] [net.jrdemiurge.enigmaticdice.EnigmaticDice/]: Skipping event enigmaticlegacy_give_golem_heart: required mod enigmaticlegacy is missing.
[01Aug2026 05:52:49.882] [Server thread/INFO] [net.jrdemiurge.enigmaticdice.EnigmaticDice/]: Skipping event enigmaticlegacy_give_angel_blessing: required mod enigmaticlegacy is missing.
[01Aug2026 05:52:49.882] [Server thread/INFO] [net.jrdemiurge.enigmaticdice.EnigmaticDice/]: Skipping event enigmaticlegacy_give_ocean_stone: required mod enigmaticlegacy is missing.
[01Aug2026 05:52:49.882] [Server thread/INFO] [net.jrdemiurge.enigmaticdice.EnigmaticDice/]: Skipping event enigmaticlegacy_give_blazing_core: required mod enigmaticlegacy is missing.
[01Aug2026 05:52:49.882] [Server thread/INFO] [net.jrdemiurge.enigmaticdice.EnigmaticDice/]: Skipping event enigmaticlegacy_give_eye_of_nebula: required mod enigmaticlegacy is missing.
[01Aug2026 05:52:49.882] [Server thread/INFO] [net.jrdemiurge.enigmaticdice.EnigmaticDice/]: Skipping event enigmaticlegacy_give_void_pearl: required mod enigmaticlegacy is missing.
[01Aug2026 05:52:49.882] [Server thread/INFO] [net.jrdemiurge.enigmaticdice.EnigmaticDice/]: Skipping event enigmaticlegacy_give_cosmic_cake: required mod enigmaticlegacy is missing.
[01Aug2026 05:52:49.882] [Server thread/INFO] [net.jrdemiurge.enigmaticdice.EnigmaticDice/]: Skipping event enigmaticlegacy_give_redemption_potion: required mod enigmaticlegacy is missing.
[01Aug2026 05:52:49.882] [Server thread/INFO] [net.jrdemiurge.enigmaticdice.EnigmaticDice/]: Skipping event enigmaticlegacy_give_soul_crystal: required mod enigmaticlegacy is missing.
[01Aug2026 05:52:49.882] [Server thread/INFO] [net.jrdemiurge.enigmaticdice.EnigmaticDice/]: Skipping event enigmaticlegacy_give_earth_heart: required mod enigmaticlegacy is missing.
[01Aug2026 05:52:49.882] [Server thread/INFO] [net.jrdemiurge.enigmaticdice.EnigmaticDice/]: Skipping event enigmaticlegacy_give_golden_ring: required mod enigmaticlegacy is missing.
[01Aug2026 05:52:49.882] [Server thread/INFO] [net.jrdemiurge.enigmaticdice.EnigmaticDice/]: Skipping event simplyswords_give_brimstone_claymore: required mod simplyswords is missing.
[01Aug2026 05:52:49.882] [Server thread/INFO] [net.jrdemiurge.enigmaticdice.EnigmaticDice/]: Skipping event simplyswords_give_watcher_claymore: required mod simplyswords is missing.
[01Aug2026 05:52:49.882] [Server thread/INFO] [net.jrdemiurge.enigmaticdice.EnigmaticDice/]: Skipping event simplyswords_give_storms_edge: required mod simplyswords is missing.
[01Aug2026 05:52:49.882] [Server thread/INFO] [net.jrdemiurge.enigmaticdice.EnigmaticDice/]: Skipping event simplyswords_give_stormbringer: required mod simplyswords is missing.
[01Aug2026 05:52:49.882] [Server thread/INFO] [net.jrdemiurge.enigmaticdice.EnigmaticDice/]: Skipping event simplyswords_give_bramblethorn: required mod simplyswords is missing.
[01Aug2026 05:52:49.882] [Server thread/INFO] [net.jrdemiurge.enigmaticdice.EnigmaticDice/]: Skipping event simplyswords_give_watching_warglaive: required mod simplyswords is missing.
[01Aug2026 05:52:49.882] [Server thread/INFO] [net.jrdemiurge.enigmaticdice.EnigmaticDice/]: Skipping event simplyswords_give_toxic_longsword: required mod simplyswords is missing.
[01Aug2026 05:52:49.882] [Server thread/INFO] [net.jrdemiurge.enigmaticdice.EnigmaticDice/]: Skipping event simplyswords_give_twisted_blade: required mod simplyswords is missing.
[01Aug2026 05:52:49.882] [Server thread/INFO] [net.jrdemiurge.enigmaticdice.EnigmaticDice/]: Skipping event simplyswords_give_soulrender: required mod simplyswords is missing.
[01Aug2026 05:52:49.882] [Server thread/INFO] [net.jrdemiurge.enigmaticdice.EnigmaticDice/]: Skipping event simplyswords_give_soulpyre: required mod simplyswords is missing.
[01Aug2026 05:52:49.883] [Server thread/INFO] [net.jrdemiurge.enigmaticdice.EnigmaticDice/]: Skipping event simplyswords_give_molten_edge: required mod simplyswords is missing.
[01Aug2026 05:52:49.883] [Server thread/INFO] [net.jrdemiurge.enigmaticdice.EnigmaticDice/]: Skipping event simplyswords_give_mjolnir: required mod simplyswords is missing.
[01Aug2026 05:52:49.883] [Server thread/INFO] [net.jrdemiurge.enigmaticdice.EnigmaticDice/]: Skipping event simplyswords_give_shadowsting: required mod simplyswords is missing.
[01Aug2026 05:52:49.883] [Server thread/INFO] [net.jrdemiurge.enigmaticdice.EnigmaticDice/]: Skipping event simplyswords_give_whisperwind: required mod simplyswords is missing.
[01Aug2026 05:52:49.883] [Server thread/INFO] [net.jrdemiurge.enigmaticdice.EnigmaticDice/]: Skipping event simplyswords_give_emberlash: required mod simplyswords is missing.
[01Aug2026 05:52:49.883] [Server thread/INFO] [net.jrdemiurge.enigmaticdice.EnigmaticDice/]: Skipping event simplyswords_give_stars_edge: required mod simplyswords is missing.
[01Aug2026 05:52:49.883] [Server thread/INFO] [net.jrdemiurge.enigmaticdice.EnigmaticDice/]: Skipping event simplyswords_give_tempest: required mod simplyswords is missing.
[01Aug2026 05:52:49.883] [Server thread/INFO] [net.jrdemiurge.enigmaticdice.EnigmaticDice/]: Skipping event simplyswords_give_ribboncleaver: required mod simplyswords is missing.
[01Aug2026 05:52:49.883] [Server thread/INFO] [net.jrdemiurge.enigmaticdice.EnigmaticDice/]: Skipping event simplyswords_give_runic_tablet: required mod simplyswords is missing.
[01Aug2026 05:52:49.883] [Server thread/INFO] [net.jrdemiurge.enigmaticdice.EnigmaticDice/]: Skipping event alexscaves_give_desolate_dagger: required mod alexscaves is missing.
[01Aug2026 05:52:49.883] [Server thread/INFO] [net.jrdemiurge.enigmaticdice.EnigmaticDice/]: Skipping event skyarena_give_mob_analyzer: required mod skyarena is missing.
[01Aug2026 05:53:40.493] [Server thread/INFO] [net.minecraft.server.MinecraftServer/]: Anubis_11 has made the advancement [Forbidden Fruit]
[01Aug2026 05:56:16.326] [Server thread/ERROR] [net.minecraft.Util/]: POI data mismatch: already registered at BlockPos{x=-1467, y=-39, z=-1457}
[01Aug2026 05:56:16.328] [Server thread/ERROR] [net.minecraft.Util/]: POI data mismatch: already registered at BlockPos{x=-1468, y=-39, z=-1457}
[01Aug2026 05:56:16.974] [Server thread/ERROR] [net.minecraft.Util/]: POI data mismatch: already registered at BlockPos{x=-1467, y=-31, z=-1534}
[01Aug2026 05:56:16.975] [Server thread/ERROR] [net.minecraft.Util/]: POI data mismatch: already registered at BlockPos{x=-1466, y=-31, z=-1534}
[01Aug2026 05:56:16.975] [Server thread/ERROR] [net.minecraft.Util/]: POI data mismatch: already registered at BlockPos{x=-1468, y=-31, z=-1535}
[01Aug2026 05:57:59.030] [Server thread/ERROR] [net.minecraft.Util/]: POI data mismatch: already registered at BlockPos{x=-1452, y=29, z=-1798}
[01Aug2026 05:59:10.253] [Server thread/ERROR] [net.minecraft.Util/]: POI data mismatch: already registered at BlockPos{x=-1469, y=-39, z=-1457}
[01Aug2026 05:59:10.653] [Server thread/ERROR] [net.minecraft.Util/]: POI data mismatch: already registered at BlockPos{x=-1468, y=-31, z=-1535}
[01Aug2026 05:59:34.596] [Server thread/INFO] [net.minecraft.server.MinecraftServer/]: Anubis_11 has made the advancement [Stone Age]
[01Aug2026 06:05:28.358] [Server thread/ERROR] [net.minecraft.Util/]: POI data mismatch: already registered at BlockPos{x=-1466, y=-31, z=-1538}
[01Aug2026 06:05:28.799] [Server thread/ERROR] [net.minecraft.Util/]: POI data mismatch: already registered at BlockPos{x=-1468, y=-39, z=-1457}
[01Aug2026 06:05:52.471] [Worker-Main-6/WARN] [net.minecraft.server.level.WorldGenRegion/]: Tried to access a block entity before it was created. BlockPos{x=-1472, y=15, z=-1360}
[01Aug2026 06:06:53.261] [Server thread/ERROR] [net.minecraft.Util/]: POI data mismatch: already registered at BlockPos{x=-1467, y=-39, z=-1457}
[01Aug2026 06:10:43.713] [Server thread/ERROR] [net.minecraft.Util/]: POI data mismatch: already registered at BlockPos{x=-1431, y=32, z=-1849}
[01Aug2026 06:10:43.714] [Server thread/ERROR] [net.minecraft.Util/]: POI data mismatch: already registered at BlockPos{x=-1431, y=32, z=-1851}
[01Aug2026 06:18:26.710] [Server thread/INFO] [net.minecraft.server.MinecraftServer/]: Anubis_11 has made the advancement [Acquire Hardware]
[01Aug2026 06:21:47.116] [Server thread/ERROR] [net.minecraft.Util/]: POI data mismatch: already registered at BlockPos{x=-1469, y=-39, z=-1457}
[01Aug2026 06:21:47.116] [Server thread/ERROR] [net.minecraft.Util/]: POI data mismatch: already registered at BlockPos{x=-1468, y=-39, z=-1457}
[01Aug2026 06:22:18.850] [Server thread/WARN] [net.minecraft.server.level.ServerPlayerGameMode/]: Mismatch in destroy block pos: BlockPos{x=-1043, y=87, z=-1479} BlockPos{x=-1043, y=85, z=-1481}
[01Aug2026 06:22:22.748] [Server thread/WARN] [net.minecraft.server.level.ServerPlayerGameMode/]: Mismatch in destroy block pos: BlockPos{x=-1031, y=88, z=-1461} BlockPos{x=-1030, y=86, z=-1460}
[01Aug2026 06:22:22.798] [Server thread/WARN] [net.minecraft.server.level.ServerPlayerGameMode/]: Mismatch in destroy block pos: BlockPos{x=-1031, y=88, z=-1461} BlockPos{x=-1030, y=86, z=-1460}
[01Aug2026 06:24:37.459] [Worker-Main-36/WARN] [net.minecraft.server.level.WorldGenRegion/]: Tried to access a block entity before it was created. BlockPos{x=-1472, y=15, z=-1360}
[01Aug2026 06:27:31.820] [Server thread/INFO] [net.minecraft.server.MinecraftServer/]: Anubis_11 has made the advancement [Suit Up]
[01Aug2026 06:28:01.110] [Server thread/ERROR] [net.minecraft.Util/]: POI data mismatch: already registered at BlockPos{x=-1467, y=-31, z=-1534}
[01Aug2026 06:28:01.110] [Server thread/ERROR] [net.minecraft.Util/]: POI data mismatch: already registered at BlockPos{x=-1466, y=-31, z=-1534}
[01Aug2026 06:29:01.904] [Server thread/INFO] [net.minecraft.server.network.ServerGamePacketListenerImpl/]: Megatuber06 lost connection: Disconnected
[01Aug2026 06:29:01.904] [Server thread/INFO] [net.minecraft.server.MinecraftServer/]: Megatuber06 left the game
[01Aug2026 06:29:03.340] [Server thread/INFO] [net.minecraft.server.network.ServerGamePacketListenerImpl/]: Anubis_11 lost connection: Disconnected
[01Aug2026 06:29:03.341] [Server thread/INFO] [net.minecraft.server.MinecraftServer/]: Anubis_11 left the game
[01Aug2026 15:02:56.636] [Server thread/INFO] [com.yanny.aci.manager.CorePluginManager/]: Deregistering server plugin data...
[01Aug2026 15:02:56.637] [Server thread/INFO] [com.yanny.aci.manager.CorePluginManager/]: Deregistering server plugin data finished
[01Aug2026 15:02:56.657] [Server thread/INFO] [net.minecraft.server.MinecraftServer/]: Stopping server
[01Aug2026 15:02:56.659] [Server thread/INFO] [net.minecraft.server.MinecraftServer/]: Saving players
[01Aug2026 15:02:56.659] [Server thread/INFO] [net.minecraft.server.MinecraftServer/]: Saving worlds
[01Aug2026 15:02:56.697] [Server thread/INFO] [net.minecraft.server.MinecraftServer/]: Saving chunks for level 'ServerLevel[world]'/minecraft:overworld
[01Aug2026 15:02:56.785] [Server thread/INFO] [net.minecraft.server.MinecraftServer/]: Saving chunks for level 'ServerLevel[world]'/minecraft:the_end
[01Aug2026 15:02:56.791] [Server thread/INFO] [net.minecraft.server.MinecraftServer/]: Saving chunks for level 'ServerLevel[world]'/minecraft:the_nether
[01Aug2026 15:02:56.956] [Server thread/INFO] [net.minecraft.server.MinecraftServer/]: ThreadedAnvilChunkStorage (world): All chunks are saved
[01Aug2026 15:02:56.956] [Server thread/INFO] [net.minecraft.server.MinecraftServer/]: ThreadedAnvilChunkStorage (DIM1): All chunks are saved
[01Aug2026 15:02:56.956] [Server thread/INFO] [net.minecraft.server.MinecraftServer/]: ThreadedAnvilChunkStorage (DIM-1): All chunks are saved
[01Aug2026 15:02:56.956] [Server thread/INFO] [net.minecraft.server.MinecraftServer/]: ThreadedAnvilChunkStorage: All dimensions are saved
[01Aug2026 15:02:57.174] [Server thread/INFO] [Framework/]: Unloading server configs...
[01Aug2026 15:02:57.174] [Server thread/INFO] [Framework/]: Finished unloading server configs
